{
	"end": {
		"sum_sent": {
			"start": 0,
			"end": 10.006758333333332,
			"seconds": 10.006758333333332,
			"bytes": 13022226.666666666,
			"bits_per_second": 10410675.816038,
			"retransmits": 0
		},
		"sum_received": {
			"start": 0,
			"end": 10.006758333333332,
			"seconds": 10.006758333333332,
			"bytes": 12655280,
			"bits_per_second": 10117337.569214666
		},
		"cpu_utilization_percent": {
			"host_total": 114.829477,
			"host_user": 87.44050566666665,
			"host_system": 27.379377,
			"host_user_normalized": 76.13809730845715,
			"host_system_normalized": 23.853581555654163,
			"remote_total": 0.026458,
			"remote_user": 0.008163666666666668,
			"remote_system": 0.018294666666666667,
			"remote_user_normalized": 26.146678644808784,
			"remote_system_normalized": 73.85509497088417
		}
	}
}
