{
	"end": {
		"sum_sent": {
			"start": 0,
			"end": 10.03310288888889,
			"seconds": 10.03310288888889,
			"bytes": 88870915.55555557,
			"bits_per_second": 70795030.49399011,
			"retransmits": 0
		},
		"sum_received": {
			"start": 0,
			"end": 10.03310288888889,
			"seconds": 10.03310288888889,
			"bytes": 88646237.77777778,
			"bits_per_second": 70615370.197472
		},
		"cpu_utilization_percent": {
			"host_total": 150.46820155555557,
			"host_user": 71.555287,
			"host_system": 78.91274566666668,
			"host_user_normalized": 48.62895045387669,
			"host_system_normalized": 51.368086083633074,
			"remote_total": 1.3969947777777776,
			"remote_user": 0.4628087777777778,
			"remote_system": 0.934186111111111,
			"remote_user_normalized": 26.589048936072654,
			"remote_system_normalized": 73.41097257692347
		}
	}
}
