{
	"end": {
		"sum_sent": {
			"start": 0,
			"end": 10.036528333333335,
			"seconds": 10.036528333333335,
			"bytes": 62862898.666666664,
			"bits_per_second": 50109765.82156933,
			"retransmits": 0
		},
		"sum_received": {
			"start": 0,
			"end": 10.036528333333335,
			"seconds": 10.036528333333335,
			"bytes": 62642438.666666664,
			"bits_per_second": 49933610.413553335
		},
		"cpu_utilization_percent": {
			"host_total": 156.547399,
			"host_user": 96.98896933333333,
			"host_system": 59.55574066666667,
			"host_user_normalized": 61.99473382105231,
			"host_system_normalized": 38.003957815524096,
			"remote_total": 1.1632386666666668,
			"remote_user": 0.12561499999999998,
			"remote_system": 1.0376233333333333,
			"remote_user_normalized": 10.788466861637518,
			"remote_system_normalized": 89.2114749743446
		}
	}
}
