{
	"start":	{
		"connected":	[{
				"socket":	698,
				"local_host":	"10.0.2.15",
				"local_port":	58980,
				"remote_host":	"192.168.1.4",
				"remote_port":	5201
			}],
		"version":	"iperf 3.1.3",
		"system_info":	"Linux localhost 3.18.48+ #1 SMP PREEMPT Wed Apr 19 00:58:20 UTC 2017 i686",
		"timestamp":	{
			"time":	"Thu, 07 Dec 2017 04:08:17 GMT",
			"timesecs":	1512619697
		},
		"connecting_to":	{
			"host":	"192.168.1.4",
			"port":	5201
		},
		"cookie":	"localhost.1512619697.208097.6f2b1f04",
		"tcp_mss_default":	1460,
		"test_start":	{
			"protocol":	"TCP",
			"num_streams":	1,
			"blksize":	131072,
			"omit":	0,
			"duration":	10,
			"bytes":	0,
			"blocks":	0,
			"reverse":	0
		}
	},
	"intervals":	[{
			"streams":	[{
					"socket":	698,
					"start":	0,
					"end":	1.013241,
					"seconds":	1.013241,
					"bytes":	20826900,
					"bits_per_second":	164437869.515777,
					"retransmits":	0,
					"snd_cwnd":	17520,
					"rtt":	245,
					"omitted":	false
				}],
			"sum":	{
				"start":	0,
				"end":	1.013241,
				"seconds":	1.013241,
				"bytes":	20826900,
				"bits_per_second":	164437869.515777,
				"retransmits":	0,
				"omitted":	false
			}
		}, {
			"streams":	[{
					"socket":	698,
					"start":	1.013241,
					"end":	2.018194,
					"seconds":	1.004953,
					"bytes":	32729624,
					"bits_per_second":	260546529.125574,
					"retransmits":	0,
					"snd_cwnd":	17520,
					"rtt":	10011,
					"omitted":	false
				}],
			"sum":	{
				"start":	1.013241,
				"end":	2.018194,
				"seconds":	1.004953,
				"bytes":	32729624,
				"bits_per_second":	260546529.125574,
				"retransmits":	0,
				"omitted":	false
			}
		}, {
			"streams":	[{
					"socket":	698,
					"start":	2.018194,
					"end":	3.000566,
					"seconds":	0.982372,
					"bytes":	36450032,
					"bits_per_second":	296832811.286428,
					"retransmits":	0,
					"snd_cwnd":	17520,
					"rtt":	179,
					"omitted":	false
				}],
			"sum":	{
				"start":	2.018194,
				"end":	3.000566,
				"seconds":	0.982372,
				"bytes":	36450032,
				"bits_per_second":	296832811.286428,
				"retransmits":	0,
				"omitted":	false
			}
		}, {
			"streams":	[{
					"socket":	698,
					"start":	3.000566,
					"end":	4.000728,
					"seconds":	1.000162,
					"bytes":	32759776,
					"bits_per_second":	262035725.553955,
					"retransmits":	0,
					"snd_cwnd":	17520,
					"rtt":	262,
					"omitted":	false
				}],
			"sum":	{
				"start":	3.000566,
				"end":	4.000728,
				"seconds":	1.000162,
				"bytes":	32759776,
				"bits_per_second":	262035725.553955,
				"retransmits":	0,
				"omitted":	false
			}
		}, {
			"streams":	[{
					"socket":	698,
					"start":	4.000728,
					"end":	5.009107,
					"seconds":	1.008379,
					"bytes":	33958140,
					"bits_per_second":	269407757.106005,
					"retransmits":	0,
					"snd_cwnd":	17520,
					"rtt":	8697,
					"omitted":	false
				}],
			"sum":	{
				"start":	4.000728,
				"end":	5.009107,
				"seconds":	1.008379,
				"bytes":	33958140,
				"bits_per_second":	269407757.106005,
				"retransmits":	0,
				"omitted":	false
			}
		}, {
			"streams":	[{
					"socket":	698,
					"start":	5.009107,
					"end":	6.018195,
					"seconds":	1.009088,
					"bytes":	35624000,
					"bits_per_second":	282425374.405807,
					"retransmits":	0,
					"snd_cwnd":	17520,
					"rtt":	212,
					"omitted":	false
				}],
			"sum":	{
				"start":	5.009107,
				"end":	6.018195,
				"seconds":	1.009088,
				"bytes":	35624000,
				"bits_per_second":	282425374.405807,
				"retransmits":	0,
				"omitted":	false
			}
		}, {
			"streams":	[{
					"socket":	698,
					"start":	6.018195,
					"end":	7.000491,
					"seconds":	0.982296,
					"bytes":	26385120,
					"bits_per_second":	214885291.348994,
					"retransmits":	0,
					"snd_cwnd":	17520,
					"rtt":	408,
					"omitted":	false
				}],
			"sum":	{
				"start":	6.018195,
				"end":	7.000491,
				"seconds":	0.982296,
				"bytes":	26385120,
				"bits_per_second":	214885291.348994,
				"retransmits":	0,
				"omitted":	false
			}
		}, {
			"streams":	[{
					"socket":	698,
					"start":	7.000491,
					"end":	8.000448,
					"seconds":	0.999957,
					"bytes":	26240580,
					"bits_per_second":	209933649.374830,
					"retransmits":	0,
					"snd_cwnd":	17520,
					"rtt":	2025,
					"omitted":	false
				}],
			"sum":	{
				"start":	7.000491,
				"end":	8.000448,
				"seconds":	0.999957,
				"bytes":	26240580,
				"bits_per_second":	209933649.374830,
				"retransmits":	0,
				"omitted":	false
			}
		}, {
			"streams":	[{
					"socket":	698,
					"start":	8.000448,
					"end":	9.014427,
					"seconds":	1.013979,
					"bytes":	30814760,
					"bits_per_second":	243119522.376147,
					"retransmits":	0,
					"snd_cwnd":	17520,
					"rtt":	4745,
					"omitted":	false
				}],
			"sum":	{
				"start":	8.000448,
				"end":	9.014427,
				"seconds":	1.013979,
				"bytes":	30814760,
				"bits_per_second":	243119522.376147,
				"retransmits":	0,
				"omitted":	false
			}
		}, {
			"streams":	[{
					"socket":	698,
					"start":	9.014427,
					"end":	10.004037,
					"seconds":	0.989610,
					"bytes":	34790340,
					"bits_per_second":	281244866.327420,
					"retransmits":	0,
					"snd_cwnd":	17520,
					"rtt":	354,
					"omitted":	false
				}],
			"sum":	{
				"start":	9.014427,
				"end":	10.004037,
				"seconds":	0.989610,
				"bytes":	34790340,
				"bits_per_second":	281244866.327420,
				"retransmits":	0,
				"omitted":	false
			}
		}],
	"end":	{
		"streams":	[{
				"sender":	{
					"socket":	698,
					"start":	0,
					"end":	10.004037,
					"seconds":	10.004037,
					"bytes":	310579272,
					"bits_per_second":	248363155.793657,
					"retransmits":	0,
					"max_snd_cwnd":	17520,
					"max_rtt":	10011,
					"min_rtt":	179,
					"mean_rtt":	2713
				},
				"receiver":	{
					"socket":	698,
					"start":	0,
					"end":	10.004037,
					"seconds":	10.004037,
					"bytes":	310328152,
					"bits_per_second":	248162340.860706
				}
			}],
		"sum_sent":	{
			"start":	0,
			"end":	10.004037,
			"seconds":	10.004037,
			"bytes":	310579272,
			"bits_per_second":	248363155.793657,
			"retransmits":	0
		},
		"sum_received":	{
			"start":	0,
			"end":	10.004037,
			"seconds":	10.004037,
			"bytes":	310328152,
			"bits_per_second":	248162340.860706
		},
		"cpu_utilization_percent":	{
			"host_total":	173.010928,
			"host_user":	81.011098,
			"host_system":	92.098931,
			"remote_total":	1.139601,
			"remote_user":	0.114616,
			"remote_system":	1.024985
		}
	}
}
