{
	"end": {
		"sum_sent": {
			"start": 0,
			"end": 10.028827,
			"seconds": 10.028827,
			"bytes": 158503204.88888887,
			"bits_per_second": 126646281.38867612,
			"retransmits": 0
		},
		"sum_received": {
			"start": 0,
			"end": 10.028827,
			"seconds": 10.028827,
			"bytes": 158215747.11111113,
			"bits_per_second": 126416448.53940968
		},
		"cpu_utilization_percent": {
			"host_total": 167.81045577777778,
			"host_user": 100.40653300000001,
			"host_system": 67.413139,
			"host_user_normalized": 59.9941042633127,
			"host_system_normalized": 40.012068708501694,
			"remote_total": 1.3033224444444445,
			"remote_user": 0.13707133333333335,
			"remote_system": 1.1662525555555556,
			"remote_user_normalized": 10.53434269394099,
			"remote_system_normalized": 89.46577704289167
		}
	}
}
