{
	"end": {
		"sum_sent": {
			"start": 0,
			"end": 10.001488,
			"seconds": 10.001488,
			"bytes": 12354897.333333334,
			"bits_per_second": 9882436.435568335,
			"retransmits": 0
		},
		"sum_received": {
			"start": 0,
			"end": 10.001488,
			"seconds": 10.001488,
			"bytes": 12011797.333333334,
			"bits_per_second": 9607997.268430332
		},
		"cpu_utilization_percent": {
			"host_total": 117.87758166666667,
			"host_user": 91.05487266666667,
			"host_system": 26.837486666666667,
			"host_user_normalized": 77.22069275917393,
			"host_system_normalized": 22.791807587899246,
			"remote_total": 0.13451366666666667,
			"remote_user": 0.05087833333333333,
			"remote_system": 0.08363566666666666,
			"remote_user_normalized": 39.862746482437814,
			"remote_system_normalized": 60.13743195102345
		}
	}
}
