{
	"start":	{
		"connected":	[{
				"socket":	66,
				"local_host":	"10.0.2.15",
				"local_port":	54195,
				"remote_host":	"10.0.0.252",
				"remote_port":	5201
			}],
		"version":	"iperf 3.1.3",
		"system_info":	"Linux localhost 3.18.56+ #1 SMP PREEMPT Fri Oct 13 14:54:31 PDT 2017 i686",
		"timestamp":	{
			"time":	"Thu, 07 Dec 2017 08:08:56 GMT",
			"timesecs":	1512634136
		},
		"connecting_to":	{
			"host":	"10.0.0.252",
			"port":	5201
		},
		"cookie":	"localhost.1512634136.755633.30a4f8dd",
		"tcp_mss_default":	1460,
		"test_start":	{
			"protocol":	"TCP",
			"num_streams":	1,
			"blksize":	131072,
			"omit":	0,
			"duration":	10,
			"bytes":	0,
			"blocks":	0,
			"reverse":	0
		}
	},
	"intervals":	[{
			"streams":	[{
					"socket":	66,
					"start":	0,
					"end":	1.003708,
					"seconds":	1.003708,
					"bytes":	1541760,
					"bits_per_second":	12288515.588258,
					"retransmits":	0,
					"snd_cwnd":	17520,
					"rtt":	1106,
					"omitted":	false
				}],
			"sum":	{
				"start":	0,
				"end":	1.003708,
				"seconds":	1.003708,
				"bytes":	1541760,
				"bits_per_second":	12288515.588258,
				"retransmits":	0,
				"omitted":	false
			}
		}, {
			"streams":	[{
					"socket":	66,
					"start":	1.003708,
					"end":	2.009348,
					"seconds":	1.005640,
					"bytes":	1446860,
					"bits_per_second":	11509963.461844,
					"retransmits":	0,
					"snd_cwnd":	17520,
					"rtt":	1083,
					"omitted":	false
				}],
			"sum":	{
				"start":	1.003708,
				"end":	2.009348,
				"seconds":	1.005640,
				"bytes":	1446860,
				"bits_per_second":	11509963.461844,
				"retransmits":	0,
				"omitted":	false
			}
		}, {
			"streams":	[{
					"socket":	66,
					"start":	2.009348,
					"end":	3.038921,
					"seconds":	1.029573,
					"bytes":	1702360,
					"bits_per_second":	13227697.773710,
					"retransmits":	0,
					"snd_cwnd":	17520,
					"rtt":	533,
					"omitted":	false
				}],
			"sum":	{
				"start":	2.009348,
				"end":	3.038921,
				"seconds":	1.029573,
				"bytes":	1702360,
				"bits_per_second":	13227697.773710,
				"retransmits":	0,
				"omitted":	false
			}
		}, {
			"streams":	[{
					"socket":	66,
					"start":	3.038921,
					"end":	4.003847,
					"seconds":	0.964926,
					"bytes":	1108140,
					"bits_per_second":	9187357.330495,
					"retransmits":	0,
					"snd_cwnd":	17520,
					"rtt":	926,
					"omitted":	false
				}],
			"sum":	{
				"start":	3.038921,
				"end":	4.003847,
				"seconds":	0.964926,
				"bytes":	1108140,
				"bits_per_second":	9187357.330495,
				"retransmits":	0,
				"omitted":	false
			}
		}, {
			"streams":	[{
					"socket":	66,
					"start":	4.003847,
					"end":	5.002347,
					"seconds":	0.998500,
					"bytes":	1706740,
					"bits_per_second":	13674430.158569,
					"retransmits":	0,
					"snd_cwnd":	17520,
					"rtt":	429,
					"omitted":	false
				}],
			"sum":	{
				"start":	4.003847,
				"end":	5.002347,
				"seconds":	0.998500,
				"bytes":	1706740,
				"bits_per_second":	13674430.158569,
				"retransmits":	0,
				"omitted":	false
			}
		}, {
			"streams":	[{
					"socket":	66,
					"start":	5.002347,
					"end":	6.001312,
					"seconds":	0.998965,
					"bytes":	1365100,
					"bits_per_second":	10932117.074857,
					"retransmits":	0,
					"snd_cwnd":	17520,
					"rtt":	495,
					"omitted":	false
				}],
			"sum":	{
				"start":	5.002347,
				"end":	6.001312,
				"seconds":	0.998965,
				"bytes":	1365100,
				"bits_per_second":	10932117.074857,
				"retransmits":	0,
				"omitted":	false
			}
		}, {
			"streams":	[{
					"socket":	66,
					"start":	6.001312,
					"end":	7.000571,
					"seconds":	0.999259,
					"bytes":	1592860,
					"bits_per_second":	12752326.496588,
					"retransmits":	0,
					"snd_cwnd":	17520,
					"rtt":	483,
					"omitted":	false
				}],
			"sum":	{
				"start":	6.001312,
				"end":	7.000571,
				"seconds":	0.999259,
				"bytes":	1592860,
				"bits_per_second":	12752326.496588,
				"retransmits":	0,
				"omitted":	false
			}
		}, {
			"streams":	[{
					"socket":	66,
					"start":	7.000571,
					"end":	8.000790,
					"seconds":	1.000219,
					"bytes":	1522780,
					"bits_per_second":	12179574.277824,
					"retransmits":	0,
					"snd_cwnd":	17520,
					"rtt":	454,
					"omitted":	false
				}],
			"sum":	{
				"start":	7.000571,
				"end":	8.000790,
				"seconds":	1.000219,
				"bytes":	1522780,
				"bits_per_second":	12179574.277824,
				"retransmits":	0,
				"omitted":	false
			}
		}, {
			"streams":	[{
					"socket":	66,
					"start":	8.000790,
					"end":	9.000925,
					"seconds":	1.000135,
					"bytes":	1426420,
					"bits_per_second":	11409820.302760,
					"retransmits":	0,
					"snd_cwnd":	17520,
					"rtt":	489,
					"omitted":	false
				}],
			"sum":	{
				"start":	8.000790,
				"end":	9.000925,
				"seconds":	1.000135,
				"bytes":	1426420,
				"bits_per_second":	11409820.302760,
				"retransmits":	0,
				"omitted":	false
			}
		}, {
			"streams":	[{
					"socket":	66,
					"start":	9.000925,
					"end":	10.001241,
					"seconds":	1.000316,
					"bytes":	1397220,
					"bits_per_second":	11174227.345843,
					"retransmits":	0,
					"snd_cwnd":	17520,
					"rtt":	647,
					"omitted":	false
				}],
			"sum":	{
				"start":	9.000925,
				"end":	10.001241,
				"seconds":	1.000316,
				"bytes":	1397220,
				"bits_per_second":	11174227.345843,
				"retransmits":	0,
				"omitted":	false
			}
		}],
	"end":	{
		"streams":	[{
				"sender":	{
					"socket":	66,
					"start":	0,
					"end":	10.001241,
					"seconds":	10.001241,
					"bytes":	14810240,
					"bits_per_second":	11846721.858893,
					"retransmits":	0,
					"max_snd_cwnd":	17520,
					"max_rtt":	1106,
					"min_rtt":	429,
					"mean_rtt":	664
				},
				"receiver":	{
					"socket":	66,
					"start":	0,
					"end":	10.001241,
					"seconds":	10.001241,
					"bytes":	14467140,
					"bits_per_second":	11572275.916775
				}
			}],
		"sum_sent":	{
			"start":	0,
			"end":	10.001241,
			"seconds":	10.001241,
			"bytes":	14810240,
			"bits_per_second":	11846721.858893,
			"retransmits":	0
		},
		"sum_received":	{
			"start":	0,
			"end":	10.001241,
			"seconds":	10.001241,
			"bytes":	14467140,
			"bits_per_second":	11572275.916775
		},
		"cpu_utilization_percent":	{
			"host_total":	105.330798,
			"host_user":	78.431520,
			"host_system":	26.834432,
			"remote_total":	0.495033,
			"remote_user":	0.149145,
			"remote_system":	0.345889
		}
	}
}
