{
	"start":	{
		"connected":	[{
				"socket":	59,
				"local_host":	"10.0.2.15",
				"local_port":	54070,
				"remote_host":	"10.0.0.252",
				"remote_port":	5201
			}],
		"version":	"iperf 3.1.3",
		"system_info":	"Linux localhost 3.18.56+ #1 SMP PREEMPT Fri Oct 13 14:54:31 PDT 2017 i686",
		"timestamp":	{
			"time":	"Thu, 07 Dec 2017 07:12:49 GMT",
			"timesecs":	1512630769
		},
		"connecting_to":	{
			"host":	"10.0.0.252",
			"port":	5201
		},
		"cookie":	"localhost.1512630769.807703.04e0316c",
		"tcp_mss_default":	1460,
		"test_start":	{
			"protocol":	"TCP",
			"num_streams":	1,
			"blksize":	131072,
			"omit":	0,
			"duration":	10,
			"bytes":	0,
			"blocks":	0,
			"reverse":	0
		}
	},
	"intervals":	[{
			"streams":	[{
					"socket":	59,
					"start":	0,
					"end":	1.089962,
					"seconds":	1.089962,
					"bytes":	2116344,
					"bits_per_second":	15533341.449314,
					"retransmits":	0,
					"snd_cwnd":	17520,
					"rtt":	460,
					"omitted":	false
				}],
			"sum":	{
				"start":	0,
				"end":	1.089962,
				"seconds":	1.089962,
				"bytes":	2116344,
				"bits_per_second":	15533341.449314,
				"retransmits":	0,
				"omitted":	false
			}
		}, {
			"streams":	[{
					"socket":	59,
					"start":	1.089962,
					"end":	2.000929,
					"seconds":	0.910967,
					"bytes":	1093540,
					"bits_per_second":	9603334.937491,
					"retransmits":	0,
					"snd_cwnd":	17520,
					"rtt":	467,
					"omitted":	false
				}],
			"sum":	{
				"start":	1.089962,
				"end":	2.000929,
				"seconds":	0.910967,
				"bytes":	1093540,
				"bits_per_second":	9603334.937491,
				"retransmits":	0,
				"omitted":	false
			}
		}, {
			"streams":	[{
					"socket":	59,
					"start":	2.000929,
					"end":	3.020721,
					"seconds":	1.019792,
					"bytes":	1439560,
					"bits_per_second":	11292968.661652,
					"retransmits":	0,
					"snd_cwnd":	17520,
					"rtt":	1042,
					"omitted":	false
				}],
			"sum":	{
				"start":	2.000929,
				"end":	3.020721,
				"seconds":	1.019792,
				"bytes":	1439560,
				"bits_per_second":	11292968.661652,
				"retransmits":	0,
				"omitted":	false
			}
		}, {
			"streams":	[{
					"socket":	59,
					"start":	3.020721,
					"end":	4.002419,
					"seconds":	0.981698,
					"bytes":	1327140,
					"bits_per_second":	10815056.777707,
					"retransmits":	0,
					"snd_cwnd":	17520,
					"rtt":	439,
					"omitted":	false
				}],
			"sum":	{
				"start":	3.020721,
				"end":	4.002419,
				"seconds":	0.981698,
				"bytes":	1327140,
				"bits_per_second":	10815056.777707,
				"retransmits":	0,
				"omitted":	false
			}
		}, {
			"streams":	[{
					"socket":	59,
					"start":	4.002419,
					"end":	5.001079,
					"seconds":	0.998660,
					"bytes":	1505260,
					"bits_per_second":	12058239.860195,
					"retransmits":	0,
					"snd_cwnd":	17520,
					"rtt":	428,
					"omitted":	false
				}],
			"sum":	{
				"start":	4.002419,
				"end":	5.001079,
				"seconds":	0.998660,
				"bytes":	1505260,
				"bits_per_second":	12058239.860195,
				"retransmits":	0,
				"omitted":	false
			}
		}, {
			"streams":	[{
					"socket":	59,
					"start":	5.001079,
					"end":	6.000277,
					"seconds":	0.999198,
					"bytes":	1296480,
					"bits_per_second":	10380165.308823,
					"retransmits":	0,
					"snd_cwnd":	17520,
					"rtt":	453,
					"omitted":	false
				}],
			"sum":	{
				"start":	5.001079,
				"end":	6.000277,
				"seconds":	0.999198,
				"bytes":	1296480,
				"bits_per_second":	10380165.308823,
				"retransmits":	0,
				"omitted":	false
			}
		}, {
			"streams":	[{
					"socket":	59,
					"start":	6.000277,
					"end":	7.014605,
					"seconds":	1.014328,
					"bytes":	1480440,
					"bits_per_second":	11676223.042046,
					"retransmits":	0,
					"snd_cwnd":	17520,
					"rtt":	1766,
					"omitted":	false
				}],
			"sum":	{
				"start":	6.000277,
				"end":	7.014605,
				"seconds":	1.014328,
				"bytes":	1480440,
				"bits_per_second":	11676223.042046,
				"retransmits":	0,
				"omitted":	false
			}
		}, {
			"streams":	[{
					"socket":	59,
					"start":	7.014605,
					"end":	8.001937,
					"seconds":	0.987332,
					"bytes":	1397220,
					"bits_per_second":	11321175.454730,
					"retransmits":	0,
					"snd_cwnd":	17520,
					"rtt":	441,
					"omitted":	false
				}],
			"sum":	{
				"start":	7.014605,
				"end":	8.001937,
				"seconds":	0.987332,
				"bytes":	1397220,
				"bits_per_second":	11321175.454730,
				"retransmits":	0,
				"omitted":	false
			}
		}, {
			"streams":	[{
					"socket":	59,
					"start":	8.001937,
					"end":	9.027768,
					"seconds":	1.025831,
					"bytes":	1677212,
					"bits_per_second":	13079831.090857,
					"retransmits":	0,
					"snd_cwnd":	17520,
					"rtt":	454,
					"omitted":	false
				}],
			"sum":	{
				"start":	8.001937,
				"end":	9.027768,
				"seconds":	1.025831,
				"bytes":	1677212,
				"bits_per_second":	13079831.090857,
				"retransmits":	0,
				"omitted":	false
			}
		}, {
			"streams":	[{
					"socket":	59,
					"start":	9.027768,
					"end":	10.002268,
					"seconds":	0.974500,
					"bytes":	1214720,
					"bits_per_second":	9972047.808748,
					"retransmits":	0,
					"snd_cwnd":	17520,
					"rtt":	458,
					"omitted":	false
				}],
			"sum":	{
				"start":	9.027768,
				"end":	10.002268,
				"seconds":	0.974500,
				"bytes":	1214720,
				"bits_per_second":	9972047.808748,
				"retransmits":	0,
				"omitted":	false
			}
		}],
	"end":	{
		"streams":	[{
				"sender":	{
					"socket":	59,
					"start":	0,
					"end":	10.002268,
					"seconds":	10.002268,
					"bytes":	14547916,
					"bits_per_second":	11635694.013649,
					"retransmits":	0,
					"max_snd_cwnd":	17520,
					"max_rtt":	1766,
					"min_rtt":	428,
					"mean_rtt":	640
				},
				"receiver":	{
					"socket":	59,
					"start":	0,
					"end":	10.002268,
					"seconds":	10.002268,
					"bytes":	14179996,
					"bits_per_second":	11341424.749137
				}
			}],
		"sum_sent":	{
			"start":	0,
			"end":	10.002268,
			"seconds":	10.002268,
			"bytes":	14547916,
			"bits_per_second":	11635694.013649,
			"retransmits":	0
		},
		"sum_received":	{
			"start":	0,
			"end":	10.002268,
			"seconds":	10.002268,
			"bytes":	14179996,
			"bits_per_second":	11341424.749137
		},
		"cpu_utilization_percent":	{
			"host_total":	120.228144,
			"host_user":	82.403869,
			"host_system":	37.842544,
			"remote_total":	0.063401,
			"remote_user":	0.031198,
			"remote_system":	0.032204
		}
	}
}
