{
	"end": {
		"sum_sent": {
			"start": 0,
			"end": 10.005043222222222,
			"seconds": 10.005043222222222,
			"bytes": 241223787.11111113,
			"bits_per_second": 192882860.21462932,
			"retransmits": 1.4444444444444444
		},
		"sum_received": {
			"start": 0,
			"end": 10.005043222222222,
			"seconds": 10.005043222222222,
			"bytes": 240909562.66666666,
			"bits_per_second": 192631604.75602147
		},
		"cpu_utilization_percent": {
			"host_total": 163.79059955555556,
			"host_user": 92.63446522222222,
			"host_system": 71.14905433333332,
			"host_user_normalized": 57.272416520481976,
			"host_system_normalized": 42.72292580333349,
			"remote_total": 3.420525444444445,
			"remote_user": 0.3416621111111111,
			"remote_system": 3.0788642222222227,
			"remote_user_normalized": 10.121217563249413,
			"remote_system_normalized": 89.87886094819726
		}
	}
}
