{
	"start":	{
		"connected":	[{
				"socket":	98,
				"local_host":	"10.0.2.15",
				"local_port":	51797,
				"remote_host":	"10.0.1.18",
				"remote_port":	5201
			}],
		"version":	"iperf 3.1.3",
		"system_info":	"Linux localhost 3.10.0+ #1 SMP PREEMPT Wed Feb 22 08:53:42 PST 2017 i686",
		"timestamp":	{
			"time":	"Fri, 08 Dec 2017 07:25:45 GMT",
			"timesecs":	1512717945
		},
		"connecting_to":	{
			"host":	"10.0.1.18",
			"port":	5201
		},
		"cookie":	"localhost.1512717945.851001.0071fa41",
		"tcp_mss_default":	1460,
		"test_start":	{
			"protocol":	"TCP",
			"num_streams":	1,
			"blksize":	131072,
			"omit":	0,
			"duration":	10,
			"bytes":	0,
			"blocks":	0,
			"reverse":	0
		}
	},
	"intervals":	[{
			"streams":	[{
					"socket":	98,
					"start":	0,
					"end":	1.000944,
					"seconds":	1.000944,
					"bytes":	11179220,
					"bits_per_second":	89349423.155014,
					"retransmits":	0,
					"snd_cwnd":	14600,
					"rtt":	18750,
					"omitted":	false
				}],
			"sum":	{
				"start":	0,
				"end":	1.000944,
				"seconds":	1.000944,
				"bytes":	11179220,
				"bits_per_second":	89349423.155014,
				"retransmits":	0,
				"omitted":	false
			}
		}, {
			"streams":	[{
					"socket":	98,
					"start":	1.000944,
					"end":	2.000837,
					"seconds":	0.999893,
					"bytes":	11463920,
					"bits_per_second":	91721156.876497,
					"retransmits":	0,
					"snd_cwnd":	14600,
					"rtt":	18750,
					"omitted":	false
				}],
			"sum":	{
				"start":	1.000944,
				"end":	2.000837,
				"seconds":	0.999893,
				"bytes":	11463920,
				"bits_per_second":	91721156.876497,
				"retransmits":	0,
				"omitted":	false
			}
		}, {
			"streams":	[{
					"socket":	98,
					"start":	2.000837,
					"end":	3.009766,
					"seconds":	1.008929,
					"bytes":	10250660,
					"bits_per_second":	81279553.094324,
					"retransmits":	0,
					"snd_cwnd":	14600,
					"rtt":	18750,
					"omitted":	false
				}],
			"sum":	{
				"start":	2.000837,
				"end":	3.009766,
				"seconds":	1.008929,
				"bytes":	10250660,
				"bits_per_second":	81279553.094324,
				"retransmits":	0,
				"omitted":	false
			}
		}, {
			"streams":	[{
					"socket":	98,
					"start":	3.009766,
					"end":	4.000870,
					"seconds":	0.991104,
					"bytes":	10512000,
					"bits_per_second":	84850822.225301,
					"retransmits":	0,
					"snd_cwnd":	14600,
					"rtt":	18750,
					"omitted":	false
				}],
			"sum":	{
				"start":	3.009766,
				"end":	4.000870,
				"seconds":	0.991104,
				"bytes":	10512000,
				"bits_per_second":	84850822.225301,
				"retransmits":	0,
				"omitted":	false
			}
		}, {
			"streams":	[{
					"socket":	98,
					"start":	4.000870,
					"end":	5.001553,
					"seconds":	1.000683,
					"bytes":	11126660,
					"bits_per_second":	88952519.271233,
					"retransmits":	0,
					"snd_cwnd":	14600,
					"rtt":	18750,
					"omitted":	false
				}],
			"sum":	{
				"start":	4.000870,
				"end":	5.001553,
				"seconds":	1.000683,
				"bytes":	11126660,
				"bits_per_second":	88952519.271233,
				"retransmits":	0,
				"omitted":	false
			}
		}, {
			"streams":	[{
					"socket":	98,
					"start":	5.001553,
					"end":	6.014349,
					"seconds":	1.012796,
					"bytes":	11385080,
					"bits_per_second":	89929903.684571,
					"retransmits":	0,
					"snd_cwnd":	14600,
					"rtt":	18750,
					"omitted":	false
				}],
			"sum":	{
				"start":	5.001553,
				"end":	6.014349,
				"seconds":	1.012796,
				"bytes":	11385080,
				"bits_per_second":	89929903.684571,
				"retransmits":	0,
				"omitted":	false
			}
		}, {
			"streams":	[{
					"socket":	98,
					"start":	6.014349,
					"end":	7.000801,
					"seconds":	0.986452,
					"bytes":	11734020,
					"bits_per_second":	95161396.834943,
					"retransmits":	0,
					"snd_cwnd":	14600,
					"rtt":	18750,
					"omitted":	false
				}],
			"sum":	{
				"start":	6.014349,
				"end":	7.000801,
				"seconds":	0.986452,
				"bytes":	11734020,
				"bits_per_second":	95161396.834943,
				"retransmits":	0,
				"omitted":	false
			}
		}, {
			"streams":	[{
					"socket":	98,
					"start":	7.000801,
					"end":	8.001029,
					"seconds":	1.000228,
					"bytes":	11277040,
					"bits_per_second":	90195761.845816,
					"retransmits":	0,
					"snd_cwnd":	14600,
					"rtt":	18750,
					"omitted":	false
				}],
			"sum":	{
				"start":	7.000801,
				"end":	8.001029,
				"seconds":	1.000228,
				"bytes":	11277040,
				"bits_per_second":	90195761.845816,
				"retransmits":	0,
				"omitted":	false
			}
		}, {
			"streams":	[{
					"socket":	98,
					"start":	8.001029,
					"end":	9.012105,
					"seconds":	1.011076,
					"bytes":	11564660,
					"bits_per_second":	91503786.484762,
					"retransmits":	0,
					"snd_cwnd":	14600,
					"rtt":	20000,
					"omitted":	false
				}],
			"sum":	{
				"start":	8.001029,
				"end":	9.012105,
				"seconds":	1.011076,
				"bytes":	11564660,
				"bits_per_second":	91503786.484762,
				"retransmits":	0,
				"omitted":	false
			}
		}, {
			"streams":	[{
					"socket":	98,
					"start":	9.012105,
					"end":	10.000508,
					"seconds":	0.988403,
					"bytes":	10755820,
					"bits_per_second":	87056142.960545,
					"retransmits":	0,
					"snd_cwnd":	14600,
					"rtt":	18750,
					"omitted":	false
				}],
			"sum":	{
				"start":	9.012105,
				"end":	10.000508,
				"seconds":	0.988403,
				"bytes":	10755820,
				"bits_per_second":	87056142.960545,
				"retransmits":	0,
				"omitted":	false
			}
		}],
	"end":	{
		"streams":	[{
				"sender":	{
					"socket":	98,
					"start":	0,
					"end":	10.000508,
					"seconds":	10.000508,
					"bytes":	111249080,
					"bits_per_second":	88994742.444191,
					"retransmits":	0,
					"max_snd_cwnd":	14600,
					"max_rtt":	20000,
					"min_rtt":	18750,
					"mean_rtt":	18875
				},
				"receiver":	{
					"socket":	98,
					"start":	0,
					"end":	10.000508,
					"seconds":	10.000508,
					"bytes":	110914740,
					"bits_per_second":	88727284.032951
				}
			}],
		"sum_sent":	{
			"start":	0,
			"end":	10.000508,
			"seconds":	10.000508,
			"bytes":	111249080,
			"bits_per_second":	88994742.444191,
			"retransmits":	0
		},
		"sum_received":	{
			"start":	0,
			"end":	10.000508,
			"seconds":	10.000508,
			"bytes":	110914740,
			"bits_per_second":	88727284.032951
		},
		"cpu_utilization_percent":	{
			"host_total":	137.163824,
			"host_user":	105.563936,
			"host_system":	31.569592,
			"remote_total":	0.149971,
			"remote_user":	0.014424,
			"remote_system":	0.135547
		}
	}
}
