{
	"end": {
		"sum_sent": {
			"start": 0,
			"end": 10.025471000000001,
			"seconds": 10.025471000000001,
			"bytes": 168022327.11111113,
			"bits_per_second": 134161997.33594422,
			"retransmits": 0
		},
		"sum_received": {
			"start": 0,
			"end": 10.025471000000001,
			"seconds": 10.025471000000001,
			"bytes": 167726433.7777778,
			"bits_per_second": 133925536.73625247
		},
		"cpu_utilization_percent": {
			"host_total": 163.58802022222224,
			"host_user": 103.09124877777776,
			"host_system": 60.48483455555556,
			"host_user_normalized": 63.01875509419088,
			"host_system_normalized": 36.97410506730112,
			"remote_total": 1.1239652222222223,
			"remote_user": 0.1182671111111111,
			"remote_system": 1.005698777777778,
			"remote_user_normalized": 10.410121551550658,
			"remote_system_normalized": 89.58994795373654
		}
	}
}
