{
	"start":	{
		"connected":	[{
				"socket":	88,
				"local_host":	"10.0.2.15",
				"local_port":	54116,
				"remote_host":	"10.0.0.252",
				"remote_port":	5201
			}],
		"version":	"iperf 3.1.3",
		"system_info":	"Linux localhost 3.18.56+ #1 SMP PREEMPT Fri Oct 13 14:54:31 PDT 2017 i686",
		"timestamp":	{
			"time":	"Thu, 07 Dec 2017 07:47:47 GMT",
			"timesecs":	1512632867
		},
		"connecting_to":	{
			"host":	"10.0.0.252",
			"port":	5201
		},
		"cookie":	"localhost.1512632867.826123.07d3523d",
		"tcp_mss_default":	1460,
		"test_start":	{
			"protocol":	"TCP",
			"num_streams":	1,
			"blksize":	131072,
			"omit":	0,
			"duration":	10,
			"bytes":	0,
			"blocks":	0,
			"reverse":	0
		}
	},
	"intervals":	[{
			"streams":	[{
					"socket":	88,
					"start":	0,
					"end":	1.001139,
					"seconds":	1.001139,
					"bytes":	1496500,
					"bits_per_second":	11958380.295117,
					"retransmits":	0,
					"snd_cwnd":	17520,
					"rtt":	402,
					"omitted":	false
				}],
			"sum":	{
				"start":	0,
				"end":	1.001139,
				"seconds":	1.001139,
				"bytes":	1496500,
				"bits_per_second":	11958380.295117,
				"retransmits":	0,
				"omitted":	false
			}
		}, {
			"streams":	[{
					"socket":	88,
					"start":	1.001139,
					"end":	2.000986,
					"seconds":	0.999847,
					"bytes":	1293560,
					"bits_per_second":	10350061.761739,
					"retransmits":	0,
					"snd_cwnd":	17520,
					"rtt":	323,
					"omitted":	false
				}],
			"sum":	{
				"start":	1.001139,
				"end":	2.000986,
				"seconds":	0.999847,
				"bytes":	1293560,
				"bits_per_second":	10350061.761739,
				"retransmits":	0,
				"omitted":	false
			}
		}, {
			"streams":	[{
					"socket":	88,
					"start":	2.000986,
					"end":	3.000515,
					"seconds":	0.999529,
					"bytes":	1236620,
					"bits_per_second":	9897622.919733,
					"retransmits":	0,
					"snd_cwnd":	17520,
					"rtt":	571,
					"omitted":	false
				}],
			"sum":	{
				"start":	2.000986,
				"end":	3.000515,
				"seconds":	0.999529,
				"bytes":	1236620,
				"bits_per_second":	9897622.919733,
				"retransmits":	0,
				"omitted":	false
			}
		}, {
			"streams":	[{
					"socket":	88,
					"start":	3.000515,
					"end":	4.000547,
					"seconds":	1.000032,
					"bytes":	1239540,
					"bits_per_second":	9916003.202641,
					"retransmits":	0,
					"snd_cwnd":	17520,
					"rtt":	388,
					"omitted":	false
				}],
			"sum":	{
				"start":	3.000515,
				"end":	4.000547,
				"seconds":	1.000032,
				"bytes":	1239540,
				"bits_per_second":	9916003.202641,
				"retransmits":	0,
				"omitted":	false
			}
		}, {
			"streams":	[{
					"socket":	88,
					"start":	4.000547,
					"end":	5.001225,
					"seconds":	1.000678,
					"bytes":	1255600,
					"bits_per_second":	10037993.613568,
					"retransmits":	0,
					"snd_cwnd":	17520,
					"rtt":	466,
					"omitted":	false
				}],
			"sum":	{
				"start":	4.000547,
				"end":	5.001225,
				"seconds":	1.000678,
				"bytes":	1255600,
				"bits_per_second":	10037993.613568,
				"retransmits":	0,
				"omitted":	false
			}
		}, {
			"streams":	[{
					"socket":	88,
					"start":	5.001225,
					"end":	6.002040,
					"seconds":	1.000815,
					"bytes":	1188440,
					"bits_per_second":	9499778.490829,
					"retransmits":	0,
					"snd_cwnd":	17520,
					"rtt":	460,
					"omitted":	false
				}],
			"sum":	{
				"start":	5.001225,
				"end":	6.002040,
				"seconds":	1.000815,
				"bytes":	1188440,
				"bits_per_second":	9499778.490829,
				"retransmits":	0,
				"omitted":	false
			}
		}, {
			"streams":	[{
					"socket":	88,
					"start":	6.002040,
					"end":	7.004186,
					"seconds":	1.002146,
					"bytes":	1286260,
					"bits_per_second":	10268044.718221,
					"retransmits":	0,
					"snd_cwnd":	17520,
					"rtt":	1376,
					"omitted":	false
				}],
			"sum":	{
				"start":	6.002040,
				"end":	7.004186,
				"seconds":	1.002146,
				"bytes":	1286260,
				"bits_per_second":	10268044.718221,
				"retransmits":	0,
				"omitted":	false
			}
		}, {
			"streams":	[{
					"socket":	88,
					"start":	7.004186,
					"end":	8.001075,
					"seconds":	0.996889,
					"bytes":	1376780,
					"bits_per_second":	11048610.964973,
					"retransmits":	0,
					"snd_cwnd":	17520,
					"rtt":	438,
					"omitted":	false
				}],
			"sum":	{
				"start":	7.004186,
				"end":	8.001075,
				"seconds":	0.996889,
				"bytes":	1376780,
				"bits_per_second":	11048610.964973,
				"retransmits":	0,
				"omitted":	false
			}
		}, {
			"streams":	[{
					"socket":	88,
					"start":	8.001075,
					"end":	9.000265,
					"seconds":	0.999190,
					"bytes":	1343200,
					"bits_per_second":	10754310.000771,
					"retransmits":	0,
					"snd_cwnd":	17520,
					"rtt":	439,
					"omitted":	false
				}],
			"sum":	{
				"start":	8.001075,
				"end":	9.000265,
				"seconds":	0.999190,
				"bytes":	1343200,
				"bits_per_second":	10754310.000771,
				"retransmits":	0,
				"omitted":	false
			}
		}, {
			"streams":	[{
					"socket":	88,
					"start":	9.000265,
					"end":	10.004613,
					"seconds":	1.004348,
					"bytes":	1311080,
					"bits_per_second":	10443234.890722,
					"retransmits":	0,
					"snd_cwnd":	17520,
					"rtt":	990,
					"omitted":	false
				}],
			"sum":	{
				"start":	9.000265,
				"end":	10.004613,
				"seconds":	1.004348,
				"bytes":	1311080,
				"bits_per_second":	10443234.890722,
				"retransmits":	0,
				"omitted":	false
			}
		}],
	"end":	{
		"streams":	[{
				"sender":	{
					"socket":	88,
					"start":	0,
					"end":	10.004613,
					"seconds":	10.004613,
					"bytes":	13027580,
					"bits_per_second":	10417258.599166,
					"retransmits":	0,
					"max_snd_cwnd":	17520,
					"max_rtt":	1376,
					"min_rtt":	323,
					"mean_rtt":	585
				},
				"receiver":	{
					"socket":	88,
					"start":	0,
					"end":	10.004613,
					"seconds":	10.004613,
					"bytes":	12647980,
					"bits_per_second":	10113718.619812
				}
			}],
		"sum_sent":	{
			"start":	0,
			"end":	10.004613,
			"seconds":	10.004613,
			"bytes":	13027580,
			"bits_per_second":	10417258.599166,
			"retransmits":	0
		},
		"sum_received":	{
			"start":	0,
			"end":	10.004613,
			"seconds":	10.004613,
			"bytes":	12647980,
			"bits_per_second":	10113718.619812
		},
		"cpu_utilization_percent":	{
			"host_total":	104.903053,
			"host_user":	81.118389,
			"host_system":	23.741968,
			"remote_total":	0.252286,
			"remote_user":	0.072576,
			"remote_system":	0.179711
		}
	}
}
