{
	"end": {
		"sum_sent": {
			"start": 0,
			"end": 10.072218333333332,
			"seconds": 10.072218333333332,
			"bytes": 120447132,
			"bits_per_second": 95679064.71399999,
			"retransmits": 0
		},
		"sum_received": {
			"start": 0,
			"end": 10.072218333333332,
			"seconds": 10.072218333333332,
			"bytes": 120447132,
			"bits_per_second": 95679064.71399999
		},
		"cpu_utilization_percent": {
			"host_total": 141.392602,
			"host_user": 54.19347200000001,
			"host_system": 87.17992133333333,
			"host_user_normalized": 38.338044619458394,
			"host_system_normalized": 61.64842392063895,
			"remote_total": 2.743441666666666,
			"remote_user": 1.0292746666666668,
			"remote_system": 1.7141666666666666,
			"remote_user_normalized": 37.54748898649037,
			"remote_system_normalized": 62.452501310993625
		}
	}
}
