{
	"start":	{
		"connected":	[{
				"socket":	341,
				"local_host":	"10.0.2.15",
				"local_port":	51843,
				"remote_host":	"10.0.1.18",
				"remote_port":	5201
			}],
		"version":	"iperf 3.1.3",
		"system_info":	"Linux localhost 3.10.0+ #1 SMP PREEMPT Wed Feb 22 08:53:42 PST 2017 i686",
		"timestamp":	{
			"time":	"Fri, 08 Dec 2017 08:02:02 GMT",
			"timesecs":	1512720122
		},
		"connecting_to":	{
			"host":	"10.0.1.18",
			"port":	5201
		},
		"cookie":	"localhost.1512720122.690371.143a5491",
		"tcp_mss_default":	1460,
		"test_start":	{
			"protocol":	"TCP",
			"num_streams":	1,
			"blksize":	131072,
			"omit":	0,
			"duration":	10,
			"bytes":	0,
			"blocks":	0,
			"reverse":	0
		}
	},
	"intervals":	[{
			"streams":	[{
					"socket":	341,
					"start":	0,
					"end":	1.006447,
					"seconds":	1.006447,
					"bytes":	10587920,
					"bits_per_second":	84160788.995505,
					"retransmits":	0,
					"snd_cwnd":	14600,
					"rtt":	20000,
					"omitted":	false
				}],
			"sum":	{
				"start":	0,
				"end":	1.006447,
				"seconds":	1.006447,
				"bytes":	10587920,
				"bits_per_second":	84160788.995505,
				"retransmits":	0,
				"omitted":	false
			}
		}, {
			"streams":	[{
					"socket":	341,
					"start":	1.006447,
					"end":	2.019424,
					"seconds":	1.012977,
					"bytes":	11783660,
					"bits_per_second":	93061608.041624,
					"retransmits":	0,
					"snd_cwnd":	14600,
					"rtt":	18750,
					"omitted":	false
				}],
			"sum":	{
				"start":	1.006447,
				"end":	2.019424,
				"seconds":	1.012977,
				"bytes":	11783660,
				"bits_per_second":	93061608.041624,
				"retransmits":	0,
				"omitted":	false
			}
		}, {
			"streams":	[{
					"socket":	341,
					"start":	2.019424,
					"end":	3.001138,
					"seconds":	0.981714,
					"bytes":	10639020,
					"bits_per_second":	86697509.776101,
					"retransmits":	0,
					"snd_cwnd":	14600,
					"rtt":	18750,
					"omitted":	false
				}],
			"sum":	{
				"start":	2.019424,
				"end":	3.001138,
				"seconds":	0.981714,
				"bytes":	10639020,
				"bits_per_second":	86697509.776101,
				"retransmits":	0,
				"omitted":	false
			}
		}, {
			"streams":	[{
					"socket":	341,
					"start":	3.001138,
					"end":	4.006569,
					"seconds":	1.005431,
					"bytes":	13094740,
					"bits_per_second":	104192059.508357,
					"retransmits":	0,
					"snd_cwnd":	14600,
					"rtt":	20000,
					"omitted":	false
				}],
			"sum":	{
				"start":	3.001138,
				"end":	4.006569,
				"seconds":	1.005431,
				"bytes":	13094740,
				"bits_per_second":	104192059.508357,
				"retransmits":	0,
				"omitted":	false
			}
		}, {
			"streams":	[{
					"socket":	341,
					"start":	4.006569,
					"end":	5.014971,
					"seconds":	1.008402,
					"bytes":	6260480,
					"bits_per_second":	49666548.083519,
					"retransmits":	0,
					"snd_cwnd":	14600,
					"rtt":	27500,
					"omitted":	false
				}],
			"sum":	{
				"start":	4.006569,
				"end":	5.014971,
				"seconds":	1.008402,
				"bytes":	6260480,
				"bits_per_second":	49666548.083519,
				"retransmits":	0,
				"omitted":	false
			}
		}, {
			"streams":	[{
					"socket":	341,
					"start":	5.014971,
					"end":	6.000446,
					"seconds":	0.985475,
					"bytes":	9065140,
					"bits_per_second":	73590010.238705,
					"retransmits":	0,
					"snd_cwnd":	14600,
					"rtt":	18750,
					"omitted":	false
				}],
			"sum":	{
				"start":	5.014971,
				"end":	6.000446,
				"seconds":	0.985475,
				"bytes":	9065140,
				"bits_per_second":	73590010.238705,
				"retransmits":	0,
				"omitted":	false
			}
		}, {
			"streams":	[{
					"socket":	341,
					"start":	6.000446,
					"end":	7.004061,
					"seconds":	1.003615,
					"bytes":	9707540,
					"bits_per_second":	77380578.305348,
					"retransmits":	0,
					"snd_cwnd":	14600,
					"rtt":	20000,
					"omitted":	false
				}],
			"sum":	{
				"start":	6.000446,
				"end":	7.004061,
				"seconds":	1.003615,
				"bytes":	9707540,
				"bits_per_second":	77380578.305348,
				"retransmits":	0,
				"omitted":	false
			}
		}, {
			"streams":	[{
					"socket":	341,
					"start":	7.004061,
					"end":	8.021325,
					"seconds":	1.017264,
					"bytes":	13592600,
					"bits_per_second":	106895370.161487,
					"retransmits":	0,
					"snd_cwnd":	14600,
					"rtt":	18750,
					"omitted":	false
				}],
			"sum":	{
				"start":	7.004061,
				"end":	8.021325,
				"seconds":	1.017264,
				"bytes":	13592600,
				"bits_per_second":	106895370.161487,
				"retransmits":	0,
				"omitted":	false
			}
		}, {
			"streams":	[{
					"socket":	341,
					"start":	8.021325,
					"end":	9.009633,
					"seconds":	0.988308,
					"bytes":	7819760,
					"bits_per_second":	63298165.129246,
					"retransmits":	0,
					"snd_cwnd":	14600,
					"rtt":	18750,
					"omitted":	false
				}],
			"sum":	{
				"start":	8.021325,
				"end":	9.009633,
				"seconds":	0.988308,
				"bytes":	7819760,
				"bits_per_second":	63298165.129246,
				"retransmits":	0,
				"omitted":	false
			}
		}, {
			"streams":	[{
					"socket":	341,
					"start":	9.009633,
					"end":	10.006341,
					"seconds":	0.996708,
					"bytes":	9901720,
					"bits_per_second":	79475380.660012,
					"retransmits":	0,
					"snd_cwnd":	14600,
					"rtt":	18750,
					"omitted":	false
				}],
			"sum":	{
				"start":	9.009633,
				"end":	10.006341,
				"seconds":	0.996708,
				"bytes":	9901720,
				"bits_per_second":	79475380.660012,
				"retransmits":	0,
				"omitted":	false
			}
		}],
	"end":	{
		"streams":	[{
				"sender":	{
					"socket":	341,
					"start":	0,
					"end":	10.006341,
					"seconds":	10.006341,
					"bytes":	102452580,
					"bits_per_second":	81910124.949250,
					"retransmits":	0,
					"max_snd_cwnd":	14600,
					"max_rtt":	27500,
					"min_rtt":	18750,
					"mean_rtt":	20000
				},
				"receiver":	{
					"socket":	341,
					"start":	0,
					"end":	10.006341,
					"seconds":	10.006341,
					"bytes":	102258400,
					"bits_per_second":	81754879.390157
				}
			}],
		"sum_sent":	{
			"start":	0,
			"end":	10.006341,
			"seconds":	10.006341,
			"bytes":	102452580,
			"bits_per_second":	81910124.949250,
			"retransmits":	0
		},
		"sum_received":	{
			"start":	0,
			"end":	10.006341,
			"seconds":	10.006341,
			"bytes":	102258400,
			"bits_per_second":	81754879.390157
		},
		"cpu_utilization_percent":	{
			"host_total":	168.131863,
			"host_user":	114.665600,
			"host_system":	53.537249,
			"remote_total":	0.657870,
			"remote_user":	0.064120,
			"remote_system":	0.593751
		}
	}
}
