{
	"start":	{
		"connected":	[{
				"socket":	107,
				"local_host":	"10.0.2.15",
				"local_port":	54128,
				"remote_host":	"10.0.0.252",
				"remote_port":	5201
			}],
		"version":	"iperf 3.1.3",
		"system_info":	"Linux localhost 3.18.56+ #1 SMP PREEMPT Fri Oct 13 14:54:31 PDT 2017 i686",
		"timestamp":	{
			"time":	"Thu, 07 Dec 2017 07:51:36 GMT",
			"timesecs":	1512633096
		},
		"connecting_to":	{
			"host":	"10.0.0.252",
			"port":	5201
		},
		"cookie":	"localhost.1512633096.317845.486229a7",
		"tcp_mss_default":	1460,
		"test_start":	{
			"protocol":	"TCP",
			"num_streams":	1,
			"blksize":	131072,
			"omit":	0,
			"duration":	10,
			"bytes":	0,
			"blocks":	0,
			"reverse":	0
		}
	},
	"intervals":	[{
			"streams":	[{
					"socket":	107,
					"start":	0,
					"end":	1.001893,
					"seconds":	1.001893,
					"bytes":	1493580,
					"bits_per_second":	11926063.442903,
					"retransmits":	0,
					"snd_cwnd":	17520,
					"rtt":	368,
					"omitted":	false
				}],
			"sum":	{
				"start":	0,
				"end":	1.001893,
				"seconds":	1.001893,
				"bytes":	1493580,
				"bits_per_second":	11926063.442903,
				"retransmits":	0,
				"omitted":	false
			}
		}, {
			"streams":	[{
					"socket":	107,
					"start":	1.001893,
					"end":	2.000918,
					"seconds":	0.999025,
					"bytes":	1407440,
					"bits_per_second":	11270510.235057,
					"retransmits":	0,
					"snd_cwnd":	17520,
					"rtt":	489,
					"omitted":	false
				}],
			"sum":	{
				"start":	1.001893,
				"end":	2.000918,
				"seconds":	0.999025,
				"bytes":	1407440,
				"bits_per_second":	11270510.235057,
				"retransmits":	0,
				"omitted":	false
			}
		}, {
			"streams":	[{
					"socket":	107,
					"start":	2.000918,
					"end":	3.000719,
					"seconds":	0.999801,
					"bytes":	1249760,
					"bits_per_second":	10000070.809232,
					"retransmits":	0,
					"snd_cwnd":	17520,
					"rtt":	418,
					"omitted":	false
				}],
			"sum":	{
				"start":	2.000918,
				"end":	3.000719,
				"seconds":	0.999801,
				"bytes":	1249760,
				"bits_per_second":	10000070.809232,
				"retransmits":	0,
				"omitted":	false
			}
		}, {
			"streams":	[{
					"socket":	107,
					"start":	3.000719,
					"end":	4.002152,
					"seconds":	1.001433,
					"bytes":	1259980,
					"bits_per_second":	10065414.910872,
					"retransmits":	0,
					"snd_cwnd":	17520,
					"rtt":	903,
					"omitted":	false
				}],
			"sum":	{
				"start":	3.000719,
				"end":	4.002152,
				"seconds":	1.001433,
				"bytes":	1259980,
				"bits_per_second":	10065414.910872,
				"retransmits":	0,
				"omitted":	false
			}
		}, {
			"streams":	[{
					"socket":	107,
					"start":	4.002152,
					"end":	5.000529,
					"seconds":	0.998377,
					"bytes":	1533000,
					"bits_per_second":	12283935.786939,
					"retransmits":	0,
					"snd_cwnd":	17520,
					"rtt":	320,
					"omitted":	false
				}],
			"sum":	{
				"start":	4.002152,
				"end":	5.000529,
				"seconds":	0.998377,
				"bytes":	1533000,
				"bits_per_second":	12283935.786939,
				"retransmits":	0,
				"omitted":	false
			}
		}, {
			"streams":	[{
					"socket":	107,
					"start":	5.000529,
					"end":	6.000518,
					"seconds":	0.999989,
					"bytes":	1165080,
					"bits_per_second":	9320744.445216,
					"retransmits":	0,
					"snd_cwnd":	17520,
					"rtt":	484,
					"omitted":	false
				}],
			"sum":	{
				"start":	5.000529,
				"end":	6.000518,
				"seconds":	0.999989,
				"bytes":	1165080,
				"bits_per_second":	9320744.445216,
				"retransmits":	0,
				"omitted":	false
			}
		}, {
			"streams":	[{
					"socket":	107,
					"start":	6.000518,
					"end":	7.000849,
					"seconds":	1.000331,
					"bytes":	1214720,
					"bits_per_second":	9714542.898882,
					"retransmits":	0,
					"snd_cwnd":	17520,
					"rtt":	853,
					"omitted":	false
				}],
			"sum":	{
				"start":	6.000518,
				"end":	7.000849,
				"seconds":	1.000331,
				"bytes":	1214720,
				"bits_per_second":	9714542.898882,
				"retransmits":	0,
				"omitted":	false
			}
		}, {
			"streams":	[{
					"socket":	107,
					"start":	7.000849,
					"end":	8.001936,
					"seconds":	1.001087,
					"bytes":	1284800,
					"bits_per_second":	10267240.020358,
					"retransmits":	0,
					"snd_cwnd":	17520,
					"rtt":	1007,
					"omitted":	false
				}],
			"sum":	{
				"start":	7.000849,
				"end":	8.001936,
				"seconds":	1.001087,
				"bytes":	1284800,
				"bits_per_second":	10267240.020358,
				"retransmits":	0,
				"omitted":	false
			}
		}, {
			"streams":	[{
					"socket":	107,
					"start":	8.001936,
					"end":	9.000976,
					"seconds":	0.999040,
					"bytes":	1476060,
					"bits_per_second":	11819828.354526,
					"retransmits":	0,
					"snd_cwnd":	17520,
					"rtt":	359,
					"omitted":	false
				}],
			"sum":	{
				"start":	8.001936,
				"end":	9.000976,
				"seconds":	0.999040,
				"bytes":	1476060,
				"bits_per_second":	11819828.354526,
				"retransmits":	0,
				"omitted":	false
			}
		}, {
			"streams":	[{
					"socket":	107,
					"start":	9.000976,
					"end":	10.000825,
					"seconds":	0.999849,
					"bytes":	1224940,
					"bits_per_second":	9800999.156605,
					"retransmits":	0,
					"snd_cwnd":	17520,
					"rtt":	486,
					"omitted":	false
				}],
			"sum":	{
				"start":	9.000976,
				"end":	10.000825,
				"seconds":	0.999849,
				"bytes":	1224940,
				"bits_per_second":	9800999.156605,
				"retransmits":	0,
				"omitted":	false
			}
		}],
	"end":	{
		"streams":	[{
				"sender":	{
					"socket":	107,
					"start":	0,
					"end":	10.000825,
					"seconds":	10.000825,
					"bytes":	13309360,
					"bits_per_second":	10646609.731051,
					"retransmits":	0,
					"max_snd_cwnd":	17520,
					"max_rtt":	1007,
					"min_rtt":	320,
					"mean_rtt":	568
				},
				"receiver":	{
					"socket":	107,
					"start":	0,
					"end":	10.000825,
					"seconds":	10.000825,
					"bytes":	12966260,
					"bits_per_second":	10372152.371815
				}
			}],
		"sum_sent":	{
			"start":	0,
			"end":	10.000825,
			"seconds":	10.000825,
			"bytes":	13309360,
			"bits_per_second":	10646609.731051,
			"retransmits":	0
		},
		"sum_received":	{
			"start":	0,
			"end":	10.000825,
			"seconds":	10.000825,
			"bytes":	12966260,
			"bits_per_second":	10372152.371815
		},
		"cpu_utilization_percent":	{
			"host_total":	116.097847,
			"host_user":	88.055203,
			"host_system":	28.098514,
			"remote_total":	0.204647,
			"remote_user":	0.075917,
			"remote_system":	0.128730
		}
	}
}
