{
	"start":	{
		"connected":	[{
				"socket":	65,
				"local_host":	"10.0.2.15",
				"local_port":	54112,
				"remote_host":	"10.0.0.252",
				"remote_port":	5201
			}],
		"version":	"iperf 3.1.3",
		"system_info":	"Linux localhost 3.18.56+ #1 SMP PREEMPT Fri Oct 13 14:54:31 PDT 2017 i686",
		"timestamp":	{
			"time":	"Thu, 07 Dec 2017 07:46:20 GMT",
			"timesecs":	1512632780
		},
		"connecting_to":	{
			"host":	"10.0.0.252",
			"port":	5201
		},
		"cookie":	"localhost.1512632780.881071.2a87cfa3",
		"tcp_mss_default":	1460,
		"test_start":	{
			"protocol":	"TCP",
			"num_streams":	1,
			"blksize":	131072,
			"omit":	0,
			"duration":	10,
			"bytes":	0,
			"blocks":	0,
			"reverse":	0
		}
	},
	"intervals":	[{
			"streams":	[{
					"socket":	65,
					"start":	0,
					"end":	1.001933,
					"seconds":	1.001933,
					"bytes":	1366560,
					"bits_per_second":	10911387.220939,
					"retransmits":	0,
					"snd_cwnd":	17520,
					"rtt":	919,
					"omitted":	false
				}],
			"sum":	{
				"start":	0,
				"end":	1.001933,
				"seconds":	1.001933,
				"bytes":	1366560,
				"bits_per_second":	10911387.220939,
				"retransmits":	0,
				"omitted":	false
			}
		}, {
			"streams":	[{
					"socket":	65,
					"start":	1.001933,
					"end":	2.001435,
					"seconds":	0.999502,
					"bytes":	1443940,
					"bits_per_second":	11557276.175501,
					"retransmits":	0,
					"snd_cwnd":	17520,
					"rtt":	551,
					"omitted":	false
				}],
			"sum":	{
				"start":	1.001933,
				"end":	2.001435,
				"seconds":	0.999502,
				"bytes":	1443940,
				"bits_per_second":	11557276.175501,
				"retransmits":	0,
				"omitted":	false
			}
		}, {
			"streams":	[{
					"socket":	65,
					"start":	2.001435,
					"end":	3.003365,
					"seconds":	1.001930,
					"bytes":	1354880,
					"bits_per_second":	10818160.966667,
					"retransmits":	0,
					"snd_cwnd":	17520,
					"rtt":	1577,
					"omitted":	false
				}],
			"sum":	{
				"start":	2.001435,
				"end":	3.003365,
				"seconds":	1.001930,
				"bytes":	1354880,
				"bits_per_second":	10818160.966667,
				"retransmits":	0,
				"omitted":	false
			}
		}, {
			"streams":	[{
					"socket":	65,
					"start":	3.003365,
					"end":	4.000683,
					"seconds":	0.997318,
					"bytes":	1223480,
					"bits_per_second":	9814161.292013,
					"retransmits":	0,
					"snd_cwnd":	17520,
					"rtt":	499,
					"omitted":	false
				}],
			"sum":	{
				"start":	3.003365,
				"end":	4.000683,
				"seconds":	0.997318,
				"bytes":	1223480,
				"bits_per_second":	9814161.292013,
				"retransmits":	0,
				"omitted":	false
			}
		}, {
			"streams":	[{
					"socket":	65,
					"start":	4.000683,
					"end":	5.001246,
					"seconds":	1.000563,
					"bytes":	1210340,
					"bits_per_second":	9677272.602621,
					"retransmits":	0,
					"snd_cwnd":	17520,
					"rtt":	457,
					"omitted":	false
				}],
			"sum":	{
				"start":	4.000683,
				"end":	5.001246,
				"seconds":	1.000563,
				"bytes":	1210340,
				"bits_per_second":	9677272.602621,
				"retransmits":	0,
				"omitted":	false
			}
		}, {
			"streams":	[{
					"socket":	65,
					"start":	5.001246,
					"end":	6.000444,
					"seconds":	0.999198,
					"bytes":	1411820,
					"bits_per_second":	11303623.264140,
					"retransmits":	0,
					"snd_cwnd":	17520,
					"rtt":	439,
					"omitted":	false
				}],
			"sum":	{
				"start":	5.001246,
				"end":	6.000444,
				"seconds":	0.999198,
				"bytes":	1411820,
				"bits_per_second":	11303623.264140,
				"retransmits":	0,
				"omitted":	false
			}
		}, {
			"streams":	[{
					"socket":	65,
					"start":	6.000444,
					"end":	7.003198,
					"seconds":	1.002754,
					"bytes":	1469892,
					"bits_per_second":	11726840.597535,
					"retransmits":	0,
					"snd_cwnd":	17520,
					"rtt":	337,
					"omitted":	false
				}],
			"sum":	{
				"start":	6.000444,
				"end":	7.003198,
				"seconds":	1.002754,
				"bytes":	1469892,
				"bits_per_second":	11726840.597535,
				"retransmits":	0,
				"omitted":	false
			}
		}, {
			"streams":	[{
					"socket":	65,
					"start":	7.003198,
					"end":	8.000615,
					"seconds":	0.997417,
					"bytes":	1413280,
					"bits_per_second":	11335519.952805,
					"retransmits":	0,
					"snd_cwnd":	17520,
					"rtt":	725,
					"omitted":	false
				}],
			"sum":	{
				"start":	7.003198,
				"end":	8.000615,
				"seconds":	0.997417,
				"bytes":	1413280,
				"bits_per_second":	11335519.952805,
				"retransmits":	0,
				"omitted":	false
			}
		}, {
			"streams":	[{
					"socket":	65,
					"start":	8.000615,
					"end":	9.001591,
					"seconds":	1.000976,
					"bytes":	1166540,
					"bits_per_second":	9323221.959543,
					"retransmits":	0,
					"snd_cwnd":	17520,
					"rtt":	497,
					"omitted":	false
				}],
			"sum":	{
				"start":	8.000615,
				"end":	9.001591,
				"seconds":	1.000976,
				"bytes":	1166540,
				"bits_per_second":	9323221.959543,
				"retransmits":	0,
				"omitted":	false
			}
		}, {
			"streams":	[{
					"socket":	65,
					"start":	9.001591,
					"end":	10.002131,
					"seconds":	1.000540,
					"bytes":	1131500,
					"bits_per_second":	9047114.394640,
					"retransmits":	0,
					"snd_cwnd":	17520,
					"rtt":	445,
					"omitted":	false
				}],
			"sum":	{
				"start":	9.001591,
				"end":	10.002131,
				"seconds":	1.000540,
				"bytes":	1131500,
				"bits_per_second":	9047114.394640,
				"retransmits":	0,
				"omitted":	false
			}
		}],
	"end":	{
		"streams":	[{
				"sender":	{
					"socket":	65,
					"start":	0,
					"end":	10.002131,
					"seconds":	10.002131,
					"bytes":	13192232,
					"bits_per_second":	10551537.083001,
					"retransmits":	0,
					"max_snd_cwnd":	17520,
					"max_rtt":	1577,
					"min_rtt":	337,
					"mean_rtt":	644
				},
				"receiver":	{
					"socket":	65,
					"start":	0,
					"end":	10.002131,
					"seconds":	10.002131,
					"bytes":	12849132,
					"bits_per_second":	10277115.561822
				}
			}],
		"sum_sent":	{
			"start":	0,
			"end":	10.002131,
			"seconds":	10.002131,
			"bytes":	13192232,
			"bits_per_second":	10551537.083001,
			"retransmits":	0
		},
		"sum_received":	{
			"start":	0,
			"end":	10.002131,
			"seconds":	10.002131,
			"bytes":	12849132,
			"bits_per_second":	10277115.561822
		},
		"cpu_utilization_percent":	{
			"host_total":	107.494012,
			"host_user":	82.286402,
			"host_system":	25.258176,
			"remote_total":	0.782984,
			"remote_user":	0.222684,
			"remote_system":	0.560301
		}
	}
}
