{
	"end": {
		"sum_sent": {
			"start": 0,
			"end": 10.013380666666668,
			"seconds": 10.013380666666668,
			"bytes": 108695053.33333333,
			"bits_per_second": 86837100.67056467,
			"retransmits": 0
		},
		"sum_received": {
			"start": 0,
			"end": 10.013380666666668,
			"seconds": 10.013380666666668,
			"bytes": 108410840,
			"bits_per_second": 86610058.62520033
		},
		"cpu_utilization_percent": {
			"host_total": 168.17916233333332,
			"host_user": 112.10637033333332,
			"host_system": 56.09990333333334,
			"host_user_normalized": 66.64634226163032,
			"host_system_normalized": 33.37054393207372,
			"remote_total": 0.4364723333333333,
			"remote_user": 0.042077333333333335,
			"remote_system": 0.39439566666666676,
			"remote_user_normalized": 9.606544248112554,
			"remote_system_normalized": 90.39360241996773
		}
	}
}
