{
	"start":	{
		"connected":	[{
<<<<<<< HEAD
				"socket":	183,
				"local_host":	"10.0.2.15",
				"local_port":	40690,
=======
				"socket":	664,
				"local_host":	"10.0.2.15",
				"local_port":	40495,
>>>>>>> 067a8e7... add compression data
				"remote_host":	"128.61.8.181",
				"remote_port":	5201
			}],
		"version":	"iperf 3.1.3",
		"system_info":	"Linux localhost 3.18.48+ #1 SMP PREEMPT Wed Apr 19 00:58:20 UTC 2017 i686",
		"timestamp":	{
<<<<<<< HEAD
			"time":	"Sat, 09 Dec 2017 01:05:33 GMT",
			"timesecs":	1512781533
=======
			"time":	"Fri, 08 Dec 2017 22:21:08 GMT",
			"timesecs":	1512771668
>>>>>>> 067a8e7... add compression data
		},
		"connecting_to":	{
			"host":	"128.61.8.181",
			"port":	5201
		},
<<<<<<< HEAD
		"cookie":	"localhost.1512781533.115074.2a5eb856",
=======
		"cookie":	"localhost.1512771668.964144.6ba536b6",
>>>>>>> 067a8e7... add compression data
		"tcp_mss_default":	1460,
		"test_start":	{
			"protocol":	"TCP",
			"num_streams":	1,
			"blksize":	131072,
			"omit":	0,
			"duration":	10,
			"bytes":	0,
			"blocks":	0,
			"reverse":	0
		}
	},
	"intervals":	[{
			"streams":	[{
<<<<<<< HEAD
					"socket":	183,
					"start":	0,
					"end":	1.037138,
					"seconds":	1.037138,
					"bytes":	5556760,
					"bits_per_second":	42862261.948841,
					"retransmits":	0,
					"snd_cwnd":	17520,
					"rtt":	1365,
=======
					"socket":	664,
					"start":	0,
					"end":	1.015633,
					"seconds":	1.015633,
					"bytes":	13465580,
					"bits_per_second":	106066491.274287,
					"retransmits":	0,
					"snd_cwnd":	17520,
					"rtt":	134,
>>>>>>> 067a8e7... add compression data
					"omitted":	false
				}],
			"sum":	{
				"start":	0,
<<<<<<< HEAD
				"end":	1.037138,
				"seconds":	1.037138,
				"bytes":	5556760,
				"bits_per_second":	42862261.948841,
=======
				"end":	1.015633,
				"seconds":	1.015633,
				"bytes":	13465580,
				"bits_per_second":	106066491.274287,
>>>>>>> 067a8e7... add compression data
				"retransmits":	0,
				"omitted":	false
			}
		}, {
			"streams":	[{
<<<<<<< HEAD
					"socket":	183,
					"start":	1.037138,
					"end":	2.005456,
					"seconds":	0.968318,
					"bytes":	5352032,
					"bits_per_second":	44217144.202231,
					"retransmits":	0,
					"snd_cwnd":	17520,
					"rtt":	2560,
					"omitted":	false
				}],
			"sum":	{
				"start":	1.037138,
				"end":	2.005456,
				"seconds":	0.968318,
				"bytes":	5352032,
				"bits_per_second":	44217144.202231,
=======
					"socket":	664,
					"start":	1.015633,
					"end":	2.001346,
					"seconds":	0.985713,
					"bytes":	13848100,
					"bits_per_second":	112390550.014694,
					"retransmits":	0,
					"snd_cwnd":	17520,
					"rtt":	484,
					"omitted":	false
				}],
			"sum":	{
				"start":	1.015633,
				"end":	2.001346,
				"seconds":	0.985713,
				"bytes":	13848100,
				"bits_per_second":	112390550.014694,
>>>>>>> 067a8e7... add compression data
				"retransmits":	0,
				"omitted":	false
			}
		}, {
			"streams":	[{
<<<<<<< HEAD
					"socket":	183,
					"start":	2.005456,
					"end":	3.081478,
					"seconds":	1.076022,
					"bytes":	6702880,
					"bits_per_second":	49834524.293530,
					"retransmits":	0,
					"snd_cwnd":	17520,
					"rtt":	547,
					"omitted":	false
				}],
			"sum":	{
				"start":	2.005456,
				"end":	3.081478,
				"seconds":	1.076022,
				"bytes":	6702880,
				"bits_per_second":	49834524.293530,
=======
					"socket":	664,
					"start":	2.001346,
					"end":	3.001948,
					"seconds":	1.000602,
					"bytes":	13967820,
					"bits_per_second":	111675330.679006,
					"retransmits":	0,
					"snd_cwnd":	17520,
					"rtt":	800,
					"omitted":	false
				}],
			"sum":	{
				"start":	2.001346,
				"end":	3.001948,
				"seconds":	1.000602,
				"bytes":	13967820,
				"bits_per_second":	111675330.679006,
>>>>>>> 067a8e7... add compression data
				"retransmits":	0,
				"omitted":	false
			}
		}, {
			"streams":	[{
<<<<<<< HEAD
					"socket":	183,
					"start":	3.081478,
					"end":	4.091474,
					"seconds":	1.009996,
					"bytes":	7177264,
					"bits_per_second":	56849844.516008,
					"retransmits":	0,
					"snd_cwnd":	17520,
					"rtt":	532,
					"omitted":	false
				}],
			"sum":	{
				"start":	3.081478,
				"end":	4.091474,
				"seconds":	1.009996,
				"bytes":	7177264,
				"bits_per_second":	56849844.516008,
=======
					"socket":	664,
					"start":	3.001948,
					"end":	4.001357,
					"seconds":	0.999409,
					"bytes":	13675820,
					"bits_per_second":	109471235.741713,
					"retransmits":	0,
					"snd_cwnd":	17520,
					"rtt":	234,
					"omitted":	false
				}],
			"sum":	{
				"start":	3.001948,
				"end":	4.001357,
				"seconds":	0.999409,
				"bytes":	13675820,
				"bits_per_second":	109471235.741713,
>>>>>>> 067a8e7... add compression data
				"retransmits":	0,
				"omitted":	false
			}
		}, {
			"streams":	[{
<<<<<<< HEAD
					"socket":	183,
					"start":	4.091474,
					"end":	5.202733,
					"seconds":	1.111259,
					"bytes":	5805964,
					"bits_per_second":	41797378.185439,
					"retransmits":	0,
					"snd_cwnd":	17520,
					"rtt":	487,
					"omitted":	false
				}],
			"sum":	{
				"start":	4.091474,
				"end":	5.202733,
				"seconds":	1.111259,
				"bytes":	5805964,
				"bits_per_second":	41797378.185439,
=======
					"socket":	664,
					"start":	4.001357,
					"end":	5.010998,
					"seconds":	1.009641,
					"bytes":	17274720,
					"bits_per_second":	136878127.271311,
					"retransmits":	0,
					"snd_cwnd":	17520,
					"rtt":	9602,
					"omitted":	false
				}],
			"sum":	{
				"start":	4.001357,
				"end":	5.010998,
				"seconds":	1.009641,
				"bytes":	17274720,
				"bits_per_second":	136878127.271311,
>>>>>>> 067a8e7... add compression data
				"retransmits":	0,
				"omitted":	false
			}
		}, {
			"streams":	[{
<<<<<<< HEAD
					"socket":	183,
					"start":	5.202733,
					"end":	6.217069,
					"seconds":	1.014336,
					"bytes":	6317684,
					"bits_per_second":	49827144.615591,
					"retransmits":	0,
					"snd_cwnd":	17520,
					"rtt":	515,
					"omitted":	false
				}],
			"sum":	{
				"start":	5.202733,
				"end":	6.217069,
				"seconds":	1.014336,
				"bytes":	6317684,
				"bits_per_second":	49827144.615591,
=======
					"socket":	664,
					"start":	5.010998,
					"end":	6.000540,
					"seconds":	0.989542,
					"bytes":	19092420,
					"bits_per_second":	154353588.681065,
					"retransmits":	0,
					"snd_cwnd":	17520,
					"rtt":	317,
					"omitted":	false
				}],
			"sum":	{
				"start":	5.010998,
				"end":	6.000540,
				"seconds":	0.989542,
				"bytes":	19092420,
				"bits_per_second":	154353588.681065,
>>>>>>> 067a8e7... add compression data
				"retransmits":	0,
				"omitted":	false
			}
		}, {
			"streams":	[{
<<<<<<< HEAD
					"socket":	183,
					"start":	6.217069,
					"end":	7.018412,
					"seconds":	0.801343,
					"bytes":	5709636,
					"bits_per_second":	57000672.673499,
					"retransmits":	0,
					"snd_cwnd":	17520,
					"rtt":	2468,
					"omitted":	false
				}],
			"sum":	{
				"start":	6.217069,
				"end":	7.018412,
				"seconds":	0.801343,
				"bytes":	5709636,
				"bits_per_second":	57000672.673499,
=======
					"socket":	664,
					"start":	6.000540,
					"end":	7.000307,
					"seconds":	0.999767,
					"bytes":	18029540,
					"bits_per_second":	144269925.508142,
					"retransmits":	0,
					"snd_cwnd":	17520,
					"rtt":	226,
					"omitted":	false
				}],
			"sum":	{
				"start":	6.000540,
				"end":	7.000307,
				"seconds":	0.999767,
				"bytes":	18029540,
				"bits_per_second":	144269925.508142,
>>>>>>> 067a8e7... add compression data
				"retransmits":	0,
				"omitted":	false
			}
		}, {
			"streams":	[{
<<<<<<< HEAD
					"socket":	183,
					"start":	7.018412,
					"end":	8.203479,
					"seconds":	1.185067,
					"bytes":	7698960,
					"bits_per_second":	51973165.400381,
					"retransmits":	0,
					"snd_cwnd":	17520,
					"rtt":	491,
					"omitted":	false
				}],
			"sum":	{
				"start":	7.018412,
				"end":	8.203479,
				"seconds":	1.185067,
				"bytes":	7698960,
				"bits_per_second":	51973165.400381,
=======
					"socket":	664,