{
	"start":	{
		"connected":	[{
				"socket":	183,
				"local_host":	"10.0.2.15",
				"local_port":	40690,
				"remote_host":	"128.61.8.181",
				"remote_port":	5201
			}],
		"version":	"iperf 3.1.3",
		"system_info":	"Linux localhost 3.18.48+ #1 SMP PREEMPT Wed Apr 19 00:58:20 UTC 2017 i686",
		"timestamp":	{
			"time":	"Sat, 09 Dec 2017 01:05:33 GMT",
			"timesecs":	1512781533
		},
		"connecting_to":	{
			"host":	"128.61.8.181",
			"port":	5201
		},
		"cookie":	"localhost.1512781533.115074.2a5eb856",
		"tcp_mss_default":	1460,
		"test_start":	{
			"protocol":	"TCP",
			"num_streams":	1,
			"blksize":	131072,
			"omit":	0,
			"duration":	10,
			"bytes":	0,
			"blocks":	0,
			"reverse":	0
		}
	},
	"intervals":	[{
			"streams":	[{
					"socket":	183,
					"start":	0,
					"end":	1.037138,
					"seconds":	1.037138,
					"bytes":	5556760,
					"bits_per_second":	42862261.948841,
					"retransmits":	0,
					"snd_cwnd":	17520,
					"rtt":	1365,
					"omitted":	false
				}],
			"sum":	{
				"start":	0,
				"end":	1.037138,
				"seconds":	1.037138,
				"bytes":	5556760,
				"bits_per_second":	42862261.948841,
				"retransmits":	0,
				"omitted":	false
			}
		}, {
			"streams":	[{
					"socket":	183,
					"start":	1.037138,
					"end":	2.005456,
					"seconds":	0.968318,
					"bytes":	5352032,
					"bits_per_second":	44217144.202231,
					"retransmits":	0,
					"snd_cwnd":	17520,
					"rtt":	2560,
					"omitted":	false
				}],
			"sum":	{
				"start":	1.037138,
				"end":	2.005456,
				"seconds":	0.968318,
				"bytes":	5352032,
				"bits_per_second":	44217144.202231,
				"retransmits":	0,
				"omitted":	false
			}
		}, {
			"streams":	[{
					"socket":	183,
					"start":	2.005456,
					"end":	3.081478,
					"seconds":	1.076022,
					"bytes":	6702880,
					"bits_per_second":	49834524.293530,
					"retransmits":	0,
					"snd_cwnd":	17520,
					"rtt":	547,
					"omitted":	false
				}],
			"sum":	{
				"start":	2.005456,
				"end":	3.081478,
				"seconds":	1.076022,
				"bytes":	6702880,
				"bits_per_second":	49834524.293530,
				"retransmits":	0,
				"omitted":	false
			}
		}, {
			"streams":	[{
					"socket":	183,
					"start":	3.081478,
					"end":	4.091474,
					"seconds":	1.009996,
					"bytes":	7177264,
					"bits_per_second":	56849844.516008,
					"retransmits":	0,
					"snd_cwnd":	17520,
					"rtt":	532,
					"omitted":	false
				}],
			"sum":	{
				"start":	3.081478,
				"end":	4.091474,
				"seconds":	1.009996,
				"bytes":	7177264,
				"bits_per_second":	56849844.516008,
				"retransmits":	0,
				"omitted":	false
			}
		}, {
			"streams":	[{
					"socket":	183,
					"start":	4.091474,
					"end":	5.202733,
					"seconds":	1.111259,
					"bytes":	5805964,
					"bits_per_second":	41797378.185439,
					"retransmits":	0,
					"snd_cwnd":	17520,
					"rtt":	487,
					"omitted":	false
				}],
			"sum":	{
				"start":	4.091474,
				"end":	5.202733,
				"seconds":	1.111259,
				"bytes":	5805964,
				"bits_per_second":	41797378.185439,
				"retransmits":	0,
				"omitted":	false
			}
		}, {
			"streams":	[{
					"socket":	183,
					"start":	5.202733,
					"end":	6.217069,
					"seconds":	1.014336,
					"bytes":	6317684,
					"bits_per_second":	49827144.615591,
					"retransmits":	0,
					"snd_cwnd":	17520,
					"rtt":	515,
					"omitted":	false
				}],
			"sum":	{
				"start":	5.202733,
				"end":	6.217069,
				"seconds":	1.014336,
				"bytes":	6317684,
				"bits_per_second":	49827144.615591,
				"retransmits":	0,
				"omitted":	false
			}
		}, {
			"streams":	[{
					"socket":	183,
					"start":	6.217069,
					"end":	7.018412,
					"seconds":	0.801343,
					"bytes":	5709636,
					"bits_per_second":	57000672.673499,
					"retransmits":	0,
					"snd_cwnd":	17520,
					"rtt":	2468,
					"omitted":	false
				}],
			"sum":	{
				"start":	6.217069,
				"end":	7.018412,
				"seconds":	0.801343,
				"bytes":	5709636,
				"bits_per_second":	57000672.673499,
				"retransmits":	0,
				"omitted":	false
			}
		}, {
			"streams":	[{
					"socket":	183,
					"start":	7.018412,
					"end":	8.203479,
					"seconds":	1.185067,
					"bytes":	7698960,
					"bits_per_second":	51973165.400381,
					"retransmits":	0,
					"snd_cwnd":	17520,
					"rtt":	491,
					"omitted":	false
				}],
			"sum":	{
				"start":	7.018412,
				"end":	8.203479,
				"seconds":	1.185067,
				"bytes":	7698960,
				"bits_per_second":	51973165.400381,
				"retransmits":	0,
				"omitted":	false
			}
		}, {
			"streams":	[{
					"socket":	183,
					"start":	8.203479,
					"end":	9.008848,
					"seconds":	0.805369,
					"bytes":	5018580,
					"bits_per_second":	49851227.306682,
					"retransmits":	0,
					"snd_cwnd":	17520,
					"rtt":	10015,
					"omitted":	false
				}],
			"sum":	{
				"start":	8.203479,
				"end":	9.008848,
				"seconds":	0.805369,
				"bytes":	5018580,
				"bits_per_second":	49851227.306682,
				"retransmits":	0,
				"omitted":	false
			}
		}, {
			"streams":	[{
					"socket":	183,
					"start":	9.008848,
					"end":	10.021051,
					"seconds":	1.012203,
					"bytes":	6022468,
					"bits_per_second":	47598895.716363,
					"retransmits":	0,
					"snd_cwnd":	17520,
					"rtt":	2385,
					"omitted":	false
				}],
			"sum":	{
				"start":	9.008848,
				"end":	10.021051,
				"seconds":	1.012203,
				"bytes":	6022468,
				"bits_per_second":	47598895.716363,
				"retransmits":	0,
				"omitted":	false
			}
		}],
	"end":	{
		"streams":	[{
				"sender":	{
					"socket":	183,
					"start":	0,
					"end":	10.021051,
					"seconds":	10.021051,
					"bytes":	61362228,
					"bits_per_second":	48986660.922884,
					"retransmits":	0,
					"max_snd_cwnd":	17520,
					"max_rtt":	10015,
					"min_rtt":	487,
					"mean_rtt":	2136
				},
				"receiver":	{
					"socket":	183,
					"start":	0,
					"end":	10.021051,
					"seconds":	10.021051,
					"bytes":	61029348,
					"bits_per_second":	48720916.339946
				}
			}],
		"sum_sent":	{
			"start":	0,
			"end":	10.021051,
			"seconds":	10.021051,
			"bytes":	61362228,
			"bits_per_second":	48986660.922884,
			"retransmits":	0
		},
		"sum_received":	{
			"start":	0,
			"end":	10.021051,
			"seconds":	10.021051,
			"bytes":	61029348,
			"bits_per_second":	48720916.339946
		},
		"cpu_utilization_percent":	{
			"host_total":	184.125423,
			"host_user":	97.728309,
			"host_system":	86.394609,
			"remote_total":	0.921099,
			"remote_user":	0.101081,
			"remote_system":	0.820019
		}
	}
}