{
	"end": {
		"sum_sent": {
			"start": 0,
			"end": 10.032522,
			"seconds": 10.032522,
			"bytes": 113884114.66666667,
			"bits_per_second": 90810389.06172498,
			"retransmits": 0
		},
		"sum_received": {
			"start": 0,
			"end": 10.032522,
			"seconds": 10.032522,
			"bytes": 113772668,
			"bits_per_second": 90721551.10037799
		},
		"cpu_utilization_percent": {
			"host_total": 142.94501466666665,
			"host_user": 19.130924333333336,
			"host_system": 123.840905,
			"host_user_normalized": 13.394153119634327,
			"host_system_normalized": 86.62466932103068,
			"remote_total": 2.728453333333333,
			"remote_user": 0.9498583333333332,
			"remote_system": 1.778595,
			"remote_user_normalized": 35.15539853605137,
			"remote_system_normalized": 64.84460736910812
		}
	}
}
