{
	"end": {
		"sum_sent": {
			"start": 0,
			"end": 10.077129,
			"seconds": 10.077129,
			"bytes": 124859513.33333333,
			"bits_per_second": 99119779.13820934,
			"retransmits": 0
		},
		"sum_received": {
			"start": 0,
			"end": 10.077129,
			"seconds": 10.077129,
			"bytes": 124859513.33333333,
			"bits_per_second": 99119779.13820934
		},
		"cpu_utilization_percent": {
			"host_total": 151.96117666666666,
			"host_user": 23.191167000000004,
			"host_system": 128.76113766666666,
			"host_user_normalized": 15.262217095616842,
			"host_system_normalized": 84.7319748961889,
			"remote_total": 3.182083,
			"remote_user": 1.0703633333333331,
			"remote_system": 2.11172,
			"remote_user_normalized": 34.5431365988133,
			"remote_system_normalized": 65.45688653121633
		}
	}
}
