{
	"start":	{
		"connected":	[{
<<<<<<< HEAD
				"socket":	258,
				"local_host":	"10.0.2.15",
				"local_port":	40560,
=======
				"socket":	395,
				"local_host":	"10.0.2.15",
				"local_port":	40465,
>>>>>>> 067a8e7... add compression data
				"remote_host":	"128.61.8.181",
				"remote_port":	5201
			}],
		"version":	"iperf 3.1.3",
		"system_info":	"Linux localhost 3.18.48+ #1 SMP PREEMPT Wed Apr 19 00:58:20 UTC 2017 i686",
		"timestamp":	{
<<<<<<< HEAD
			"time":	"Sat, 09 Dec 2017 00:21:13 GMT",
			"timesecs":	1512778873
=======
			"time":	"Fri, 08 Dec 2017 22:06:27 GMT",
			"timesecs":	1512770787
>>>>>>> 067a8e7... add compression data
		},
		"connecting_to":	{
			"host":	"128.61.8.181",
			"port":	5201
		},
<<<<<<< HEAD
		"cookie":	"localhost.1512778873.737067.46d967a8",
=======
		"cookie":	"localhost.1512770787.774603.7b2e7361",
>>>>>>> 067a8e7... add compression data
		"tcp_mss_default":	1460,
		"test_start":	{
			"protocol":	"TCP",
			"num_streams":	1,
			"blksize":	131072,
			"omit":	0,
			"duration":	10,
			"bytes":	0,
			"blocks":	0,
			"reverse":	0
		}
	},
	"intervals":	[{
			"streams":	[{
<<<<<<< HEAD
					"socket":	258,
					"start":	0,
					"end":	1.001150,
					"seconds":	1.001150,
					"bytes":	3010996,
					"bits_per_second":	24060295.502845,
					"retransmits":	0,
					"snd_cwnd":	17520,
					"rtt":	10759,
=======
					"socket":	395,
					"start":	0,
					"end":	1.004903,
					"seconds":	1.004903,
					"bytes":	13427620,
					"bits_per_second":	106896861.826240,
					"retransmits":	0,
					"snd_cwnd":	17520,
					"rtt":	10839,
>>>>>>> 067a8e7... add compression data
					"omitted":	false
				}],
			"sum":	{
				"start":	0,
<<<<<<< HEAD
				"end":	1.001150,
				"seconds":	1.001150,
				"bytes":	3010996,
				"bits_per_second":	24060295.502845,
=======
				"end":	1.004903,
				"seconds":	1.004903,
				"bytes":	13427620,
				"bits_per_second":	106896861.826240,
>>>>>>> 067a8e7... add compression data
				"retransmits":	0,
				"omitted":	false
			}
		}, {
			"streams":	[{
<<<<<<< HEAD
					"socket":	258,
					"start":	1.001150,
					"end":	2.024160,
					"seconds":	1.023010,
					"bytes":	4591044,
					"bits_per_second":	35902240.881280,
					"retransmits":	0,
					"snd_cwnd":	17520,
					"rtt":	7025,
					"omitted":	false
				}],
			"sum":	{
				"start":	1.001150,
				"end":	2.024160,
				"seconds":	1.023010,
				"bytes":	4591044,
				"bits_per_second":	35902240.881280,
=======
					"socket":	395,
					"start":	1.004903,
					"end":	2.002701,
					"seconds":	0.997798,
					"bytes":	12367660,
					"bits_per_second":	99159632.882696,
					"retransmits":	0,
					"snd_cwnd":	17520,
					"rtt":	436,
					"omitted":	false
				}],
			"sum":	{
				"start":	1.004903,
				"end":	2.002701,
				"seconds":	0.997798,
				"bytes":	12367660,
				"bits_per_second":	99159632.882696,
>>>>>>> 067a8e7... add compression data
				"retransmits":	0,
				"omitted":	false
			}
		}, {
			"streams":	[{
<<<<<<< HEAD
					"socket":	258,
					"start":	2.024160,
					"end":	3.000992,
					"seconds":	0.976832,
					"bytes":	4519176,
					"bits_per_second":	37010879.271107,
					"retransmits":	0,
					"snd_cwnd":	17520,
					"rtt":	4914,
					"omitted":	false
				}],
			"sum":	{
				"start":	2.024160,
				"end":	3.000992,
				"seconds":	0.976832,
				"bytes":	4519176,
				"bits_per_second":	37010879.271107,
=======
					"socket":	395,
					"start":	2.002701,
					"end":	3.005652,
					"seconds":	1.002951,
					"bytes":	14436480,
					"bits_per_second":	115152009.702507,
					"retransmits":	0,
					"snd_cwnd":	17520,
					"rtt":	10023,
					"omitted":	false
				}],
			"sum":	{
				"start":	2.002701,
				"end":	3.005652,
				"seconds":	1.002951,
				"bytes":	14436480,
				"bits_per_second":	115152009.702507,
>>>>>>> 067a8e7... add compression data
				"retransmits":	0,
				"omitted":	false
			}
		}, {
			"streams":	[{
<<<<<<< HEAD
					"socket":	258,
					"start":	3.000992,
					"end":	4.003873,
					"seconds":	1.002881,
					"bytes":	6320340,
					"bits_per_second":	50417464.757621,
					"retransmits":	0,
					"snd_cwnd":	17520,
					"rtt":	1038,
					"omitted":	false
				}],
			"sum":	{
				"start":	3.000992,
				"end":	4.003873,
				"seconds":	1.002881,
				"bytes":	6320340,
				"bits_per_second":	50417464.757621,
=======
					"socket":	395,
					"start":	3.005652,
					"end":	4.000667,
					"seconds":	0.995015,
					"bytes":	12341380,
					"bits_per_second":	99225689.395842,
					"retransmits":	0,
					"snd_cwnd":	17520,
					"rtt":	263,
					"omitted":	false
				}],
			"sum":	{
				"start":	3.005652,
				"end":	4.000667,
				"seconds":	0.995015,
				"bytes":	12341380,
				"bits_per_second":	99225689.395842,
>>>>>>> 067a8e7... add compression data
				"retransmits":	0,
				"omitted":	false
			}
		}, {
			"streams":	[{
<<<<<<< HEAD
					"socket":	258,
					"start":	4.003873,
					"end":	5.006384,
					"seconds":	1.002511,
					"bytes":	6045860,
					"bits_per_second":	48245733.781655,
					"retransmits":	0,
					"snd_cwnd":	17520,
					"rtt":	7535,
					"omitted":	false
				}],
			"sum":	{
				"start":	4.003873,
				"end":	5.006384,
				"seconds":	1.002511,
				"bytes":	6045860,
				"bits_per_second":	48245733.781655,
=======
					"socket":	395,
					"start":	4.000667,
					"end":	5.000889,
					"seconds":	1.000222,
					"bytes":	16503840,
					"bits_per_second":	132001419.948794,
					"retransmits":	0,
					"snd_cwnd":	17520,
					"rtt":	1751,
					"omitted":	false
				}],
			"sum":	{
				"start":	4.000667,
				"end":	5.000889,
				"seconds":	1.000222,
				"bytes":	16503840,
				"bits_per_second":	132001419.948794,
>>>>>>> 067a8e7... add compression data
				"retransmits":	0,
				"omitted":	false
			}
		}, {
			"streams":	[{
<<<<<<< HEAD
					"socket":	258,
					"start":	5.006384,
					"end":	6.002310,
					"seconds":	0.995926,
					"bytes":	6768560,
					"bits_per_second":	54369988.589989,
					"retransmits":	0,
					"snd_cwnd":	17520,
					"rtt":	974,
					"omitted":	false
				}],
			"sum":	{
				"start":	5.006384,
				"end":	6.002310,
				"seconds":	0.995926,
				"bytes":	6768560,
				"bits_per_second":	54369988.589989,
=======
					"socket":	395,
					"start":	5.000889,
					"end":	6.011638,
					"seconds":	1.010749,
					"bytes":	13450980,
					"bits_per_second":	106463453.517325,
					"retransmits":	0,
					"snd_cwnd":	17520,
					"rtt":	469,
					"omitted":	false
				}],
			"sum":	{
				"start":	5.000889,
				"end":	6.011638,
				"seconds":	1.010749,
				"bytes":	13450980,
				"bits_per_second":	106463453.517325,
>>>>>>> 067a8e7... add compression data
				"retransmits":	0,
				"omitted":	false
			}
		}, {
			"streams":	[{
<<<<<<< HEAD
					"socket":	258,
					"start":	6.002310,
					"end":	7.017514,
					"seconds":	1.015204,
					"bytes":	6957100,
					"bits_per_second":	54823256.722157,
					"retransmits":	0,
					"snd_cwnd":	17520,
					"rtt":	723,
					"omitted":	false
				}],
			"sum":	{
				"start":	6.002310,
				"end":	7.017514,
				"seconds":	1.015204,
				"bytes":	6957100,
				"bits_per_second":	54823256.722157,
=======
					"socket":	395,
					"start":	6.011638,
					"end":	7.002422,
					"seconds":	0.990784,
					"bytes":	13890440,
					"bits_per_second":	112157168.334015,
					"retransmits":	0,
					"snd_cwnd":	17520,
					"rtt":	890,
					"omitted":	false
				}],
			"sum":	{
				"start":	6.011638,
				"end":	7.002422,
				"seconds":	0.990784,
				"bytes":	13890440,
				"bits_per_second":	112157168.334015,
>>>>>>> 067a8e7... add compression data
				"retransmits":	0,
				"omitted":	false
			}
		}, {
			"streams":	[{
<<<<<<< HEAD
					"socket":	258,
					"start":	7.017514,
					"end":	8.210728,
					"seconds":	1.193214,
					"bytes":	7840792,
					"bits_per_second":	52569228.295739,
					"retransmits":	0,
					"snd_cwnd":	17520,
					"rtt":	497,
					"omitted":	false
				}],
			"sum":	{
				"start":	7.017514,
				"end":	8.210728,
				"seconds":	1.193214,
				"bytes":	7840792,
				"bits_per_second":	52569228.295739,
=======
					"socket":	395,