{
	"start":	{
		"connected":	[{
				"socket":	258,
				"local_host":	"10.0.2.15",
				"local_port":	40560,
				"remote_host":	"128.61.8.181",
				"remote_port":	5201
			}],
		"version":	"iperf 3.1.3",
		"system_info":	"Linux localhost 3.18.48+ #1 SMP PREEMPT Wed Apr 19 00:58:20 UTC 2017 i686",
		"timestamp":	{
			"time":	"Sat, 09 Dec 2017 00:21:13 GMT",
			"timesecs":	1512778873
		},
		"connecting_to":	{
			"host":	"128.61.8.181",
			"port":	5201
		},
		"cookie":	"localhost.1512778873.737067.46d967a8",
		"tcp_mss_default":	1460,
		"test_start":	{
			"protocol":	"TCP",
			"num_streams":	1,
			"blksize":	131072,
			"omit":	0,
			"duration":	10,
			"bytes":	0,
			"blocks":	0,
			"reverse":	0
		}
	},
	"intervals":	[{
			"streams":	[{
					"socket":	258,
					"start":	0,
					"end":	1.001150,
					"seconds":	1.001150,
					"bytes":	3010996,
					"bits_per_second":	24060295.502845,
					"retransmits":	0,
					"snd_cwnd":	17520,
					"rtt":	10759,
					"omitted":	false
				}],
			"sum":	{
				"start":	0,
				"end":	1.001150,
				"seconds":	1.001150,
				"bytes":	3010996,
				"bits_per_second":	24060295.502845,
				"retransmits":	0,
				"omitted":	false
			}
		}, {
			"streams":	[{
					"socket":	258,
					"start":	1.001150,
					"end":	2.024160,
					"seconds":	1.023010,
					"bytes":	4591044,
					"bits_per_second":	35902240.881280,
					"retransmits":	0,
					"snd_cwnd":	17520,
					"rtt":	7025,
					"omitted":	false
				}],
			"sum":	{
				"start":	1.001150,
				"end":	2.024160,
				"seconds":	1.023010,
				"bytes":	4591044,
				"bits_per_second":	35902240.881280,
				"retransmits":	0,
				"omitted":	false
			}
		}, {
			"streams":	[{
					"socket":	258,
					"start":	2.024160,
					"end":	3.000992,
					"seconds":	0.976832,
					"bytes":	4519176,
					"bits_per_second":	37010879.271107,
					"retransmits":	0,
					"snd_cwnd":	17520,
					"rtt":	4914,
					"omitted":	false
				}],
			"sum":	{
				"start":	2.024160,
				"end":	3.000992,
				"seconds":	0.976832,
				"bytes":	4519176,
				"bits_per_second":	37010879.271107,
				"retransmits":	0,
				"omitted":	false
			}
		}, {
			"streams":	[{
					"socket":	258,
					"start":	3.000992,
					"end":	4.003873,
					"seconds":	1.002881,
					"bytes":	6320340,
					"bits_per_second":	50417464.757621,
					"retransmits":	0,
					"snd_cwnd":	17520,
					"rtt":	1038,
					"omitted":	false
				}],
			"sum":	{
				"start":	3.000992,
				"end":	4.003873,
				"seconds":	1.002881,
				"bytes":	6320340,
				"bits_per_second":	50417464.757621,
				"retransmits":	0,
				"omitted":	false
			}
		}, {
			"streams":	[{
					"socket":	258,
					"start":	4.003873,
					"end":	5.006384,
					"seconds":	1.002511,
					"bytes":	6045860,
					"bits_per_second":	48245733.781655,
					"retransmits":	0,
					"snd_cwnd":	17520,
					"rtt":	7535,
					"omitted":	false
				}],
			"sum":	{
				"start":	4.003873,
				"end":	5.006384,
				"seconds":	1.002511,
				"bytes":	6045860,
				"bits_per_second":	48245733.781655,
				"retransmits":	0,
				"omitted":	false
			}
		}, {
			"streams":	[{
					"socket":	258,
					"start":	5.006384,
					"end":	6.002310,
					"seconds":	0.995926,
					"bytes":	6768560,
					"bits_per_second":	54369988.589989,
					"retransmits":	0,
					"snd_cwnd":	17520,
					"rtt":	974,
					"omitted":	false
				}],
			"sum":	{
				"start":	5.006384,
				"end":	6.002310,
				"seconds":	0.995926,
				"bytes":	6768560,
				"bits_per_second":	54369988.589989,
				"retransmits":	0,
				"omitted":	false
			}
		}, {
			"streams":	[{
					"socket":	258,
					"start":	6.002310,
					"end":	7.017514,
					"seconds":	1.015204,
					"bytes":	6957100,
					"bits_per_second":	54823256.722157,
					"retransmits":	0,
					"snd_cwnd":	17520,
					"rtt":	723,
					"omitted":	false
				}],
			"sum":	{
				"start":	6.002310,
				"end":	7.017514,
				"seconds":	1.015204,
				"bytes":	6957100,
				"bits_per_second":	54823256.722157,
				"retransmits":	0,
				"omitted":	false
			}
		}, {
			"streams":	[{
					"socket":	258,
					"start":	7.017514,
					"end":	8.210728,
					"seconds":	1.193214,
					"bytes":	7840792,
					"bits_per_second":	52569228.295739,
					"retransmits":	0,
					"snd_cwnd":	17520,
					"rtt":	497,
					"omitted":	false
				}],
			"sum":	{
				"start":	7.017514,
				"end":	8.210728,
				"seconds":	1.193214,
				"bytes":	7840792,
				"bits_per_second":	52569228.295739,
				"retransmits":	0,
				"omitted":	false
			}
		}, {
			"streams":	[{
					"socket":	258,
					"start":	8.210728,
					"end":	9.002154,
					"seconds":	0.791426,
					"bytes":	5529432,
					"bits_per_second":	55893361.053316,
					"retransmits":	0,
					"snd_cwnd":	17520,
					"rtt":	2058,
					"omitted":	false
				}],
			"sum":	{
				"start":	8.210728,
				"end":	9.002154,
				"seconds":	0.791426,
				"bytes":	5529432,
				"bits_per_second":	55893361.053316,
				"retransmits":	0,
				"omitted":	false
			}
		}, {
			"streams":	[{
					"socket":	258,
					"start":	9.002154,
					"end":	10.016684,
					"seconds":	1.014530,
					"bytes":	7088596,
					"bits_per_second":	55896593.654251,
					"retransmits":	0,
					"snd_cwnd":	17520,
					"rtt":	9767,
					"omitted":	false
				}],
			"sum":	{
				"start":	9.002154,
				"end":	10.016684,
				"seconds":	1.014530,
				"bytes":	7088596,
				"bits_per_second":	55896593.654251,
				"retransmits":	0,
				"omitted":	false
			}
		}],
	"end":	{
		"streams":	[{
				"sender":	{
					"socket":	258,
					"start":	0,
					"end":	10.016684,
					"seconds":	10.016684,
					"bytes":	58671896,
					"bits_per_second":	46859336.423845,
					"retransmits":	0,
					"max_snd_cwnd":	17520,
					"max_rtt":	10759,
					"min_rtt":	497,
					"mean_rtt":	4529
				},
				"receiver":	{
					"socket":	258,
					"start":	0,
					"end":	10.016684,
					"seconds":	10.016684,
					"bytes":	58337556,
					"bits_per_second":	46592309.932321
				}
			}],
		"sum_sent":	{
			"start":	0,
			"end":	10.016684,
			"seconds":	10.016684,
			"bytes":	58671896,
			"bits_per_second":	46859336.423845,
			"retransmits":	0
		},
		"sum_received":	{
			"start":	0,
			"end":	10.016684,
			"seconds":	10.016684,
			"bytes":	58337556,
			"bits_per_second":	46592309.932321
		},
		"cpu_utilization_percent":	{
			"host_total":	156.007529,
			"host_user":	100.954844,
			"host_system":	55.002984,
			"remote_total":	0.460980,
			"remote_user":	0.050221,
			"remote_system":	0.410757
		}
	}
}
