{
	"end": {
		"sum_sent": {
			"start": 0,
			"end": 10.002716666666666,
			"seconds": 10.002716666666666,
			"bytes": 12948253.333333334,
			"bits_per_second": 10355791.578424668,
			"retransmits": 0
		},
		"sum_received": {
			"start": 0,
			"end": 10.002716666666666,
			"seconds": 10.002716666666666,
			"bytes": 12586660,
			"bits_per_second": 10066595.004271666
		},
		"cpu_utilization_percent": {
			"host_total": 118.88392099999999,
			"host_user": 91.37606099999999,
			"host_system": 27.497704666666664,
			"host_user_normalized": 76.86094990010857,
			"host_system_normalized": 23.130609973228673,
			"remote_total": 0.16353566666666666,
			"remote_user": 0.053302999999999996,
			"remote_system": 0.11023266666666666,
			"remote_user_normalized": 33.373357328041536,
			"remote_system_normalized": 66.62664267195846
		}
	}
}
