{
	"start":	{
		"connected":	[{
				"socket":	177,
				"local_host":	"10.0.2.15",
				"local_port":	53864,
				"remote_host":	"10.0.0.252",
				"remote_port":	5201
			}],
		"version":	"iperf 3.1.3",
		"system_info":	"Linux localhost 3.18.56+ #1 SMP PREEMPT Fri Oct 13 14:54:31 PDT 2017 i686",
		"timestamp":	{
			"time":	"Thu, 07 Dec 2017 05:44:07 GMT",
			"timesecs":	1512625447
		},
		"connecting_to":	{
			"host":	"10.0.0.252",
			"port":	5201
		},
		"cookie":	"localhost.1512625447.489126.6cf9364e",
		"tcp_mss_default":	1460,
		"test_start":	{
			"protocol":	"TCP",
			"num_streams":	1,
			"blksize":	131072,
			"omit":	0,
			"duration":	10,
			"bytes":	0,
			"blocks":	0,
			"reverse":	0
		}
	},
	"intervals":	[{
			"streams":	[{
					"socket":	177,
					"start":	0,
					"end":	1.000671,
					"seconds":	1.000671,
					"bytes":	1273120,
					"bits_per_second":	10178128.966046,
					"retransmits":	0,
					"snd_cwnd":	17520,
					"rtt":	482,
					"omitted":	false
				}],
			"sum":	{
				"start":	0,
				"end":	1.000671,
				"seconds":	1.000671,
				"bytes":	1273120,
				"bits_per_second":	10178128.966046,
				"retransmits":	0,
				"omitted":	false
			}
		}, {
			"streams":	[{
					"socket":	177,
					"start":	1.000671,
					"end":	2.002663,
					"seconds":	1.001992,
					"bytes":	1261440,
					"bits_per_second":	10071457.784722,
					"retransmits":	0,
					"snd_cwnd":	17520,
					"rtt":	506,
					"omitted":	false
				}],
			"sum":	{
				"start":	1.000671,
				"end":	2.002663,
				"seconds":	1.001992,
				"bytes":	1261440,
				"bits_per_second":	10071457.784722,
				"retransmits":	0,
				"omitted":	false
			}
		}, {
			"streams":	[{
					"socket":	177,
					"start":	2.002663,
					"end":	3.001650,
					"seconds":	0.998987,
					"bytes":	1138800,
					"bits_per_second":	9119638.563599,
					"retransmits":	0,
					"snd_cwnd":	17520,
					"rtt":	431,
					"omitted":	false
				}],
			"sum":	{
				"start":	2.002663,
				"end":	3.001650,
				"seconds":	0.998987,
				"bytes":	1138800,
				"bits_per_second":	9119638.563599,
				"retransmits":	0,
				"omitted":	false
			}
		}, {
			"streams":	[{
					"socket":	177,
					"start":	3.001650,
					"end":	4.002640,
					"seconds":	1.000990,
					"bytes":	1132960,
					"bits_per_second":	9054716.609801,
					"retransmits":	0,
					"snd_cwnd":	17520,
					"rtt":	425,
					"omitted":	false
				}],
			"sum":	{
				"start":	3.001650,
				"end":	4.002640,
				"seconds":	1.000990,
				"bytes":	1132960,
				"bits_per_second":	9054716.609801,
				"retransmits":	0,
				"omitted":	false
			}
		}, {
			"streams":	[{
					"socket":	177,
					"start":	4.002640,
					"end":	5.001439,
					"seconds":	0.998799,
					"bytes":	1103760,
					"bits_per_second":	8840696.920086,
					"retransmits":	0,
					"snd_cwnd":	17520,
					"rtt":	401,
					"omitted":	false
				}],
			"sum":	{
				"start":	4.002640,
				"end":	5.001439,
				"seconds":	0.998799,
				"bytes":	1103760,
				"bits_per_second":	8840696.920086,
				"retransmits":	0,
				"omitted":	false
			}
		}, {
			"streams":	[{
					"socket":	177,
					"start":	5.001439,
					"end":	6.002185,
					"seconds":	1.000746,
					"bytes":	1264360,
					"bits_per_second":	10107339.805905,
					"retransmits":	0,
					"snd_cwnd":	17520,
					"rtt":	1053,
					"omitted":	false
				}],
			"sum":	{
				"start":	5.001439,
				"end":	6.002185,
				"seconds":	1.000746,
				"bytes":	1264360,
				"bits_per_second":	10107339.805905,
				"retransmits":	0,
				"omitted":	false
			}
		}, {
			"streams":	[{
					"socket":	177,
					"start":	6.002185,
					"end":	7.005294,
					"seconds":	1.003109,
					"bytes":	1611840,
					"bits_per_second":	12854754.846497,
					"retransmits":	0,
					"snd_cwnd":	17520,
					"rtt":	460,
					"omitted":	false
				}],
			"sum":	{
				"start":	6.002185,
				"end":	7.005294,
				"seconds":	1.003109,
				"bytes":	1611840,
				"bits_per_second":	12854754.846497,
				"retransmits":	0,
				"omitted":	false
			}
		}, {
			"streams":	[{
					"socket":	177,
					"start":	7.005294,
					"end":	8.001824,
					"seconds":	0.996530,
					"bytes":	1335900,
					"bits_per_second":	10724413.112937,
					"retransmits":	0,
					"snd_cwnd":	17520,
					"rtt":	637,
					"omitted":	false
				}],
			"sum":	{
				"start":	7.005294,
				"end":	8.001824,
				"seconds":	0.996530,
				"bytes":	1335900,
				"bits_per_second":	10724413.112937,
				"retransmits":	0,
				"omitted":	false
			}
		}, {
			"streams":	[{
					"socket":	177,
					"start":	8.001824,
					"end":	9.001495,
					"seconds":	0.999671,
					"bytes":	1102300,
					"bits_per_second":	8821302.364078,
					"retransmits":	0,
					"snd_cwnd":	17520,
					"rtt":	379,
					"omitted":	false
				}],
			"sum":	{
				"start":	8.001824,
				"end":	9.001495,
				"seconds":	0.999671,
				"bytes":	1102300,
				"bits_per_second":	8821302.364078,
				"retransmits":	0,
				"omitted":	false
			}
		}, {
			"streams":	[{
					"socket":	177,
					"start":	9.001495,
					"end":	10.002297,
					"seconds":	1.000802,
					"bytes":	1207420,
					"bits_per_second":	9651619.014519,
					"retransmits":	0,
					"snd_cwnd":	17520,
					"rtt":	440,
					"omitted":	false
				}],
			"sum":	{
				"start":	9.001495,
				"end":	10.002297,
				"seconds":	1.000802,
				"bytes":	1207420,
				"bits_per_second":	9651619.014519,
				"retransmits":	0,
				"omitted":	false
			}
		}],
	"end":	{
		"streams":	[{
				"sender":	{
					"socket":	177,
					"start":	0,
					"end":	10.002297,
					"seconds":	10.002297,
					"bytes":	12431900,
					"bits_per_second":	9943235.876635,
					"retransmits":	0,
					"max_snd_cwnd":	17520,
					"max_rtt":	1053,
					"min_rtt":	379,
					"mean_rtt":	521
				},
				"receiver":	{
					"socket":	177,
					"start":	0,
					"end":	10.002297,
					"seconds":	10.002297,
					"bytes":	12088800,
					"bits_per_second":	9668818.914684
				}
			}],
		"sum_sent":	{
			"start":	0,
			"end":	10.002297,
			"seconds":	10.002297,
			"bytes":	12431900,
			"bits_per_second":	9943235.876635,
			"retransmits":	0
		},
		"sum_received":	{
			"start":	0,
			"end":	10.002297,
			"seconds":	10.002297,
			"bytes":	12088800,
			"bits_per_second":	9668818.914684
		},
		"cpu_utilization_percent":	{
			"host_total":	116.606827,
			"host_user":	87.824729,
			"host_system":	28.814406,
			"remote_total":	0.089409,
			"remote_user":	0.049461,
			"remote_system":	0.039949
		}
	}
}
