{
	"end": {
		"sum_sent": {
			"start": 0,
			"end": 10.001002,
			"seconds": 10.001002,
			"bytes": 15534290.666666666,
			"bits_per_second": 12426199.765962666,
			"retransmits": 0
		},
		"sum_received": {
			"start": 0,
			"end": 10.001002,
			"seconds": 10.001002,
			"bytes": 15191190.666666666,
			"bits_per_second": 12151747.265796999
		},
		"cpu_utilization_percent": {
			"host_total": 108.11229666666668,
			"host_user": 80.769457,
			"host_system": 27.291074666666663,
			"host_user_normalized": 74.69643705342304,
			"host_system_normalized": 25.25558726459271,
			"remote_total": 0.41130333333333335,
			"remote_user": 0.14824566666666666,
			"remote_system": 0.26305833333333334,
			"remote_user_normalized": 39.59366128223567,
			"remote_system_normalized": 60.406470822782836
		}
	}
}
