{
	"start":	{
		"connected":	[{
<<<<<<< HEAD
				"socket":	63,
				"local_host":	"10.0.2.15",
				"local_port":	40535,
=======
				"socket":	485,
				"local_host":	"10.0.2.15",
				"local_port":	40473,
>>>>>>> 067a8e7... add compression data
				"remote_host":	"128.61.8.181",
				"remote_port":	5201
			}],
		"version":	"iperf 3.1.3",
		"system_info":	"Linux localhost 3.18.48+ #1 SMP PREEMPT Wed Apr 19 00:58:20 UTC 2017 i686",
		"timestamp":	{
<<<<<<< HEAD
			"time":	"Sat, 09 Dec 2017 00:11:04 GMT",
			"timesecs":	1512778264
=======
			"time":	"Fri, 08 Dec 2017 22:10:12 GMT",
			"timesecs":	1512771012
>>>>>>> 067a8e7... add compression data
		},
		"connecting_to":	{
			"host":	"128.61.8.181",
			"port":	5201
		},
<<<<<<< HEAD
		"cookie":	"localhost.1512778264.037194.74b0ee2f",
=======
		"cookie":	"localhost.1512771012.935111.2808954a",
>>>>>>> 067a8e7... add compression data
		"tcp_mss_default":	1460,
		"test_start":	{
			"protocol":	"TCP",
			"num_streams":	1,
			"blksize":	131072,
			"omit":	0,
			"duration":	10,
			"bytes":	0,
			"blocks":	0,
			"reverse":	0
		}
	},
	"intervals":	[{
			"streams":	[{
<<<<<<< HEAD
					"socket":	63,
					"start":	0,
					"end":	1.018092,
					"seconds":	1.018092,
					"bytes":	6724760,
					"bits_per_second":	52842065.730686,
					"retransmits":	0,
					"snd_cwnd":	17520,
					"rtt":	832,
=======
					"socket":	485,
					"start":	0,
					"end":	1.009235,
					"seconds":	1.009235,
					"bytes":	13487956,
					"bits_per_second":	106916260.970190,
					"retransmits":	0,
					"snd_cwnd":	17520,
					"rtt":	243,
>>>>>>> 067a8e7... add compression data
					"omitted":	false
				}],
			"sum":	{
				"start":	0,
<<<<<<< HEAD
				"end":	1.018092,
				"seconds":	1.018092,
				"bytes":	6724760,
				"bits_per_second":	52842065.730686,
=======
				"end":	1.009235,
				"seconds":	1.009235,
				"bytes":	13487956,
				"bits_per_second":	106916260.970190,
>>>>>>> 067a8e7... add compression data
				"retransmits":	0,
				"omitted":	false
			}
		}, {
			"streams":	[{
<<<<<<< HEAD
					"socket":	63,
					"start":	1.018092,
					"end":	2.218370,
					"seconds":	1.200278,
					"bytes":	6483320,
					"bits_per_second":	43212120.949981,
					"retransmits":	0,
					"snd_cwnd":	20440,
					"rtt":	3134,
					"omitted":	false
				}],
			"sum":	{
				"start":	1.018092,
				"end":	2.218370,
				"seconds":	1.200278,
				"bytes":	6483320,
				"bits_per_second":	43212120.949981,
=======
					"socket":	485,
					"start":	1.009235,
					"end":	2.017600,
					"seconds":	1.008365,
					"bytes":	13789700,
					"bits_per_second":	109402457.648232,
					"retransmits":	0,
					"snd_cwnd":	17520,
					"rtt":	1229,
					"omitted":	false
				}],
			"sum":	{
				"start":	1.009235,
				"end":	2.017600,
				"seconds":	1.008365,
				"bytes":	13789700,
				"bits_per_second":	109402457.648232,
>>>>>>> 067a8e7... add compression data
				"retransmits":	0,
				"omitted":	false
			}
		}, {
			"streams":	[{
<<<<<<< HEAD
					"socket":	63,
					"start":	2.218370,
					"end":	3.020225,
					"seconds":	0.801855,
					"bytes":	5605712,
					"bits_per_second":	55927432.164966,
					"retransmits":	0,
					"snd_cwnd":	20440,
					"rtt":	11511,
					"omitted":	false
				}],
			"sum":	{
				"start":	2.218370,
				"end":	3.020225,
				"seconds":	0.801855,
				"bytes":	5605712,
				"bits_per_second":	55927432.164966,
=======
					"socket":	485,
					"start":	2.017600,
					"end":	3.005098,
					"seconds":	0.987498,
					"bytes":	14143020,
					"bits_per_second":	114576591.393360,
					"retransmits":	0,
					"snd_cwnd":	17520,
					"rtt":	764,
					"omitted":	false
				}],
			"sum":	{
				"start":	2.017600,
				"end":	3.005098,
				"seconds":	0.987498,
				"bytes":	14143020,
				"bits_per_second":	114576591.393360,
>>>>>>> 067a8e7... add compression data
				"retransmits":	0,
				"omitted":	false
			}
		}, {
			"streams":	[{
<<<<<<< HEAD
					"socket":	63,
					"start":	3.020225,
					"end":	4.001622,
					"seconds":	0.981397,
					"bytes":	5610928,
					"bits_per_second":	45738297.503520,
					"retransmits":	0,
					"snd_cwnd":	20440,
					"rtt":	681,
					"omitted":	false
				}],
			"sum":	{
				"start":	3.020225,
				"end":	4.001622,
				"seconds":	0.981397,
				"bytes":	5610928,
				"bits_per_second":	45738297.503520,
=======
					"socket":	485,
					"start":	3.005098,
					"end":	4.016550,
					"seconds":	1.011452,
					"bytes":	15150420,
					"bits_per_second":	119831059.546057,
					"retransmits":	0,
					"snd_cwnd":	17520,
					"rtt":	235,
					"omitted":	false
				}],
			"sum":	{
				"start":	3.005098,
				"end":	4.016550,
				"seconds":	1.011452,
				"bytes":	15150420,
				"bits_per_second":	119831059.546057,
>>>>>>> 067a8e7... add compression data
				"retransmits":	0,
				"omitted":	false
			}
		}, {
			"streams":	[{
<<<<<<< HEAD
					"socket":	63,
					"start":	4.001622,
					"end":	5.027964,
					"seconds":	1.026342,
					"bytes":	6788344,
					"bits_per_second":	52912924.240348,
					"retransmits":	0,
					"snd_cwnd":	20440,
					"rtt":	1948,
					"omitted":	false
				}],
			"sum":	{
				"start":	4.001622,
				"end":	5.027964,
				"seconds":	1.026342,
				"bytes":	6788344,
				"bits_per_second":	52912924.240348,
=======
					"socket":	485,
					"start":	4.016550,
					"end":	5.001010,
					"seconds":	0.984460,
					"bytes":	15163560,
					"bits_per_second":	123223356.739726,
					"retransmits":	0,
					"snd_cwnd":	17520,
					"rtt":	233,
					"omitted":	false
				}],
			"sum":	{
				"start":	4.016550,
				"end":	5.001010,
				"seconds":	0.984460,
				"bytes":	15163560,
				"bits_per_second":	123223356.739726,
>>>>>>> 067a8e7... add compression data
				"retransmits":	0,
				"omitted":	false
			}
		}, {
			"streams":	[{
<<<<<<< HEAD
					"socket":	63,
					"start":	5.027964,
					"end":	6.000702,
					"seconds":	0.972738,
					"bytes":	6407760,
					"bits_per_second":	52698751.921850,
					"retransmits":	0,
					"snd_cwnd":	20440,
					"rtt":	1493,
					"omitted":	false
				}],
			"sum":	{
				"start":	5.027964,
				"end":	6.000702,
				"seconds":	0.972738,
				"bytes":	6407760,
				"bits_per_second":	52698751.921850,
=======
					"socket":	485,
					"start":	5.001010,
					"end":	6.002083,
					"seconds":	1.001073,
					"bytes":	14637960,
					"bits_per_second":	116978176.032680,
					"retransmits":	0,
					"snd_cwnd":	17520,
					"rtt":	421,
					"omitted":	false
				}],
			"sum":	{
				"start":	5.001010,
				"end":	6.002083,
				"seconds":	1.001073,
				"bytes":	14637960,
				"bits_per_second":	116978176.032680,
>>>>>>> 067a8e7... add compression data
				"retransmits":	0,
				"omitted":	false
			}
		}, {
			"streams":	[{
<<<<<<< HEAD
					"socket":	63,
					"start":	6.000702,
					"end":	7.147884,
					"seconds":	1.147182,
					"bytes":	6522708,
					"bits_per_second":	45486822.977215,
					"retransmits":	0,
					"snd_cwnd":	20440,
					"rtt":	914,
					"omitted":	false
				}],
			"sum":	{
				"start":	6.000702,
				"end":	7.147884,
				"seconds":	1.147182,
				"bytes":	6522708,
				"bits_per_second":	45486822.977215,
=======
					"socket":	485,
					"start":	6.002083,
					"end":	7.006643,
					"seconds":	1.004560,
					"bytes":	15553380,
					"bits_per_second":	123862229.010607,
					"retransmits":	0,
					"snd_cwnd":	17520,
					"rtt":	5328,
					"omitted":	false
				}],
			"sum":	{
				"start":	6.002083,
				"end":	7.006643,
				"seconds":	1.004560,
				"bytes":	15553380,
				"bits_per_second":	123862229.010607,
>>>>>>> 067a8e7... add compression data
				"retransmits":	0,
				"omitted":	false
			}
		}, {
			"streams":	[{
<<<<<<< HEAD
					"socket":	63,
					"start":	7.147884,
					"end":	8.001117,
					"seconds":	0.853233,
					"bytes":	6230920,
					"bits_per_second":	58421737.341613,
					"retransmits":	0,
					"snd_cwnd":	20440,
					"rtt":	714,
					"omitted":	false
				}],
			"sum":	{
				"start":	7.147884,
				"end":	8.001117,
				"seconds":	0.853233,
				"bytes":	6230920,
				"bits_per_second":	58421737.341613,
=======
					"socket":	485,