{
	"start":	{
		"connected":	[{
				"socket":	485,
				"local_host":	"10.0.2.15",
				"local_port":	40473,
				"remote_host":	"128.61.8.181",
				"remote_port":	5201
			}],
		"version":	"iperf 3.1.3",
		"system_info":	"Linux localhost 3.18.48+ #1 SMP PREEMPT Wed Apr 19 00:58:20 UTC 2017 i686",
		"timestamp":	{
			"time":	"Fri, 08 Dec 2017 22:10:12 GMT",
			"timesecs":	1512771012
		},
		"connecting_to":	{
			"host":	"128.61.8.181",
			"port":	5201
		},
		"cookie":	"localhost.1512771012.935111.2808954a",
		"tcp_mss_default":	1460,
		"test_start":	{
			"protocol":	"TCP",
			"num_streams":	1,
			"blksize":	131072,
			"omit":	0,
			"duration":	10,
			"bytes":	0,
			"blocks":	0,
			"reverse":	0
		}
	},
	"intervals":	[{
			"streams":	[{
					"socket":	485,
					"start":	0,
					"end":	1.009235,
					"seconds":	1.009235,
					"bytes":	13487956,
					"bits_per_second":	106916260.970190,
					"retransmits":	0,
					"snd_cwnd":	17520,
					"rtt":	243,
					"omitted":	false
				}],
			"sum":	{
				"start":	0,
				"end":	1.009235,
				"seconds":	1.009235,
				"bytes":	13487956,
				"bits_per_second":	106916260.970190,
				"retransmits":	0,
				"omitted":	false
			}
		}, {
			"streams":	[{
					"socket":	485,
					"start":	1.009235,
					"end":	2.017600,
					"seconds":	1.008365,
					"bytes":	13789700,
					"bits_per_second":	109402457.648232,
					"retransmits":	0,
					"snd_cwnd":	17520,
					"rtt":	1229,
					"omitted":	false
				}],
			"sum":	{
				"start":	1.009235,
				"end":	2.017600,
				"seconds":	1.008365,
				"bytes":	13789700,
				"bits_per_second":	109402457.648232,
				"retransmits":	0,
				"omitted":	false
			}
		}, {
			"streams":	[{
					"socket":	485,
					"start":	2.017600,
					"end":	3.005098,
					"seconds":	0.987498,
					"bytes":	14143020,
					"bits_per_second":	114576591.393360,
					"retransmits":	0,
					"snd_cwnd":	17520,
					"rtt":	764,
					"omitted":	false
				}],
			"sum":	{
				"start":	2.017600,
				"end":	3.005098,
				"seconds":	0.987498,
				"bytes":	14143020,
				"bits_per_second":	114576591.393360,
				"retransmits":	0,
				"omitted":	false
			}
		}, {
			"streams":	[{
					"socket":	485,
					"start":	3.005098,
					"end":	4.016550,
					"seconds":	1.011452,
					"bytes":	15150420,
					"bits_per_second":	119831059.546057,
					"retransmits":	0,
					"snd_cwnd":	17520,
					"rtt":	235,
					"omitted":	false
				}],
			"sum":	{
				"start":	3.005098,
				"end":	4.016550,
				"seconds":	1.011452,
				"bytes":	15150420,
				"bits_per_second":	119831059.546057,
				"retransmits":	0,
				"omitted":	false
			}
		}, {
			"streams":	[{
					"socket":	485,
					"start":	4.016550,
					"end":	5.001010,
					"seconds":	0.984460,
					"bytes":	15163560,
					"bits_per_second":	123223356.739726,
					"retransmits":	0,
					"snd_cwnd":	17520,
					"rtt":	233,
					"omitted":	false
				}],
			"sum":	{
				"start":	4.016550,
				"end":	5.001010,
				"seconds":	0.984460,
				"bytes":	15163560,
				"bits_per_second":	123223356.739726,
				"retransmits":	0,
				"omitted":	false
			}
		}, {
			"streams":	[{
					"socket":	485,
					"start":	5.001010,
					"end":	6.002083,
					"seconds":	1.001073,
					"bytes":	14637960,
					"bits_per_second":	116978176.032680,
					"retransmits":	0,
					"snd_cwnd":	17520,
					"rtt":	421,
					"omitted":	false
				}],
			"sum":	{
				"start":	5.001010,
				"end":	6.002083,
				"seconds":	1.001073,
				"bytes":	14637960,
				"bits_per_second":	116978176.032680,
				"retransmits":	0,
				"omitted":	false
			}
		}, {
			"streams":	[{
					"socket":	485,
					"start":	6.002083,
					"end":	7.006643,
					"seconds":	1.004560,
					"bytes":	15553380,
					"bits_per_second":	123862229.010607,
					"retransmits":	0,
					"snd_cwnd":	17520,
					"rtt":	5328,
					"omitted":	false
				}],
			"sum":	{
				"start":	6.002083,
				"end":	7.006643,
				"seconds":	1.004560,
				"bytes":	15553380,
				"bits_per_second":	123862229.010607,
				"retransmits":	0,
				"omitted":	false
			}
		}, {
			"streams":	[{
					"socket":	485,
					"start":	7.006643,
					"end":	8.012955,
					"seconds":	1.006312,
					"bytes":	14683220,
					"bits_per_second":	116728979.119736,
					"retransmits":	0,
					"snd_cwnd":	17520,
					"rtt":	343,
					"omitted":	false
				}],
			"sum":	{
				"start":	7.006643,
				"end":	8.012955,
				"seconds":	1.006312,
				"bytes":	14683220,
				"bits_per_second":	116728979.119736,
				"retransmits":	0,
				"omitted":	false
			}
		}, {
			"streams":	[{
					"socket":	485,
					"start":	8.012955,
					"end":	9.000748,
					"seconds":	0.987793,
					"bytes":	14983980,
					"bits_per_second":	121353173.042769,
					"retransmits":	0,
					"snd_cwnd":	17520,
					"rtt":	756,
					"omitted":	false
				}],
			"sum":	{
				"start":	8.012955,
				"end":	9.000748,
				"seconds":	0.987793,
				"bytes":	14983980,
				"bits_per_second":	121353173.042769,
				"retransmits":	0,
				"omitted":	false
			}
		}, {
			"streams":	[{
					"socket":	485,
					"start":	9.000748,
					"end":	10.000615,
					"seconds":	0.999867,
					"bytes":	15109540,
					"bits_per_second":	120892403.231211,
					"retransmits":	0,
					"snd_cwnd":	17520,
					"rtt":	897,
					"omitted":	false
				}],
			"sum":	{
				"start":	9.000748,
				"end":	10.000615,
				"seconds":	0.999867,
				"bytes":	15109540,
				"bits_per_second":	120892403.231211,
				"retransmits":	0,
				"omitted":	false
			}
		}],
	"end":	{
		"streams":	[{
				"sender":	{
					"socket":	485,
					"start":	0,
					"end":	10.000615,
					"seconds":	10.000615,
					"bytes":	146702736,
					"bits_per_second":	117354970.061855,
					"retransmits":	0,
					"max_snd_cwnd":	17520,
					"max_rtt":	5328,
					"min_rtt":	233,
					"mean_rtt":	1044
				},
				"receiver":	{
					"socket":	485,
					"start":	0,
					"end":	10.000615,
					"seconds":	10.000615,
					"bytes":	146368396,
					"bits_per_second":	117087514.513579
				}
			}],
		"sum_sent":	{
			"start":	0,
			"end":	10.000615,
			"seconds":	10.000615,
			"bytes":	146702736,
			"bits_per_second":	117354970.061855,
			"retransmits":	0
		},
		"sum_received":	{
			"start":	0,
			"end":	10.000615,
			"seconds":	10.000615,
			"bytes":	146368396,
			"bits_per_second":	117087514.513579
		},
		"cpu_utilization_percent":	{
			"host_total":	174.056890,
			"host_user":	100.953940,
			"host_system":	72.850277,
			"remote_total":	0.608300,
			"remote_user":	0.062943,
			"remote_system":	0.545356
		}
	}
}
