{
	"start":	{
		"connected":	[{
				"socket":	122,
				"local_host":	"10.0.2.15",
				"local_port":	54106,
				"remote_host":	"128.61.92.187",
				"remote_port":	5201
			}],
		"version":	"iperf 3.1.3",
		"system_info":	"Linux localhost 3.18.56+ #1 SMP PREEMPT Fri Aug 25 10:56:18 PDT 2017 i686",
		"timestamp":	{
			"time":	"Thu, 07 Dec 2017 01:32:21 GMT",
			"timesecs":	1512610341
		},
		"connecting_to":	{
			"host":	"128.61.92.187",
			"port":	5201
		},
		"cookie":	"localhost.1512610341.645828.47bccc9b",
		"tcp_mss_default":	1460,
		"test_start":	{
			"protocol":	"TCP",
			"num_streams":	1,
			"blksize":	131072,
			"omit":	0,
			"duration":	10,
			"bytes":	0,
			"blocks":	0,
			"reverse":	0
		}
	},
	"intervals":	[{
			"streams":	[{
					"socket":	122,
					"start":	0,
					"end":	1.049997,
					"seconds":	1.049997,
					"bytes":	10396076,
					"bits_per_second":	79208435.503683,
					"retransmits":	0,
					"snd_cwnd":	20440,
					"rtt":	391,
					"omitted":	false
				}],
			"sum":	{
				"start":	0,
				"end":	1.049997,
				"seconds":	1.049997,
				"bytes":	10396076,
				"bits_per_second":	79208435.503683,
				"retransmits":	0,
				"omitted":	false
			}
		}, {
			"streams":	[{
					"socket":	122,
					"start":	1.049997,
					"end":	2.113931,
					"seconds":	1.063934,
					"bytes":	12567360,
					"bits_per_second":	94497282.451310,
					"retransmits":	0,
					"snd_cwnd":	20440,
					"rtt":	436,
					"omitted":	false
				}],
			"sum":	{
				"start":	1.049997,
				"end":	2.113931,
				"seconds":	1.063934,
				"bytes":	12567360,
				"bits_per_second":	94497282.451310,
				"retransmits":	0,
				"omitted":	false
			}
		}, {
			"streams":	[{
					"socket":	122,
					"start":	2.113931,
					"end":	3.063564,
					"seconds":	0.949633,
					"bytes":	11504692,
					"bits_per_second":	96919070.138214,
					"retransmits":	0,
					"snd_cwnd":	20440,
					"rtt":	510,
					"omitted":	false
				}],
			"sum":	{
				"start":	2.113931,
				"end":	3.063564,
				"seconds":	0.949633,
				"bytes":	11504692,
				"bits_per_second":	96919070.138214,
				"retransmits":	0,
				"omitted":	false
			}
		}, {
			"streams":	[{
					"socket":	122,
					"start":	3.063564,
					"end":	4.059400,
					"seconds":	0.995836,
					"bytes":	14823516,
					"bits_per_second":	119083991.416215,
					"retransmits":	0,
					"snd_cwnd":	20440,
					"rtt":	467,
					"omitted":	false
				}],
			"sum":	{
				"start":	3.063564,
				"end":	4.059400,
				"seconds":	0.995836,
				"bytes":	14823516,
				"bits_per_second":	119083991.416215,
				"retransmits":	0,
				"omitted":	false
			}
		}, {
			"streams":	[{
					"socket":	122,
					"start":	4.059400,
					"end":	5.001338,
					"seconds":	0.941938,
					"bytes":	13790936,
					"bits_per_second":	117128164.531858,
					"retransmits":	0,
					"snd_cwnd":	20440,
					"rtt":	453,
					"omitted":	false
				}],
			"sum":	{
				"start":	4.059400,
				"end":	5.001338,
				"seconds":	0.941938,
				"bytes":	13790936,
				"bits_per_second":	117128164.531858,
				"retransmits":	0,
				"omitted":	false
			}
		}, {
			"streams":	[{
					"socket":	122,
					"start":	5.001338,
					"end":	6.022923,
					"seconds":	1.021585,
					"bytes":	13474200,
					"bits_per_second":	105516037.631854,
					"retransmits":	0,
					"snd_cwnd":	20440,
					"rtt":	419,
					"omitted":	false
				}],
			"sum":	{
				"start":	5.001338,
				"end":	6.022923,
				"seconds":	1.021585,
				"bytes":	13474200,
				"bits_per_second":	105516037.631854,
				"retransmits":	0,
				"omitted":	false
			}
		}, {
			"streams":	[{
					"socket":	122,
					"start":	6.022923,
					"end":	7.063751,
					"seconds":	1.040828,
					"bytes":	13811196,
					"bits_per_second":	106155454.221376,
					"retransmits":	0,
					"snd_cwnd":	20440,
					"rtt":	515,
					"omitted":	false
				}],
			"sum":	{
				"start":	6.022923,
				"end":	7.063751,
				"seconds":	1.040828,
				"bytes":	13811196,
				"bits_per_second":	106155454.221376,
				"retransmits":	0,
				"omitted":	false
			}
		}, {
			"streams":	[{
					"socket":	122,
					"start":	7.063751,
					"end":	8.052242,
					"seconds":	0.988491,
					"bytes":	14013396,
					"bits_per_second":	113412452.335998,
					"retransmits":	0,
					"snd_cwnd":	20440,
					"rtt":	735,
					"omitted":	false
				}],
			"sum":	{
				"start":	7.063751,
				"end":	8.052242,
				"seconds":	0.988491,
				"bytes":	14013396,
				"bits_per_second":	113412452.335998,
				"retransmits":	0,
				"omitted":	false
			}
		}, {
			"streams":	[{
					"socket":	122,
					"start":	8.052242,
					"end":	9.001634,
					"seconds":	0.949392,
					"bytes":	13002652,
					"bits_per_second":	109566129.903214,
					"retransmits":	0,
					"snd_cwnd":	20440,
					"rtt":	433,
					"omitted":	false
				}],
			"sum":	{
				"start":	8.052242,
				"end":	9.001634,
				"seconds":	0.949392,
				"bytes":	13002652,
				"bits_per_second":	109566129.903214,
				"retransmits":	0,
				"omitted":	false
			}
		}, {
			"streams":	[{
					"socket":	122,
					"start":	9.001634,
					"end":	10.021783,
					"seconds":	1.020149,
					"bytes":	14606896,
					"bits_per_second":	114547158.164836,
					"retransmits":	0,
					"snd_cwnd":	20440,
					"rtt":	431,
					"omitted":	false
				}],
			"sum":	{
				"start":	9.001634,
				"end":	10.021783,
				"seconds":	1.020149,
				"bytes":	14606896,
				"bits_per_second":	114547158.164836,
				"retransmits":	0,
				"omitted":	false
			}
		}],
	"end":	{
		"streams":	[{
				"sender":	{
					"socket":	122,
					"start":	0,
					"end":	10.021783,
					"seconds":	10.021783,
					"bytes":	131990920,
					"bits_per_second":	105363224.604242,
					"retransmits":	0,
					"max_snd_cwnd":	20440,
					"max_rtt":	735,
					"min_rtt":	391,
					"mean_rtt":	479
				},
				"receiver":	{
					"socket":	122,
					"start":	0,
					"end":	10.021783,
					"seconds":	10.021783,
					"bytes":	131990920,
					"bits_per_second":	105363224.604242
				}
			}],
		"sum_sent":	{
			"start":	0,
			"end":	10.021783,
			"seconds":	10.021783,
			"bytes":	131990920,
			"bits_per_second":	105363224.604242,
			"retransmits":	0
		},
		"sum_received":	{
			"start":	0,
			"end":	10.021783,
			"seconds":	10.021783,
			"bytes":	131990920,
			"bits_per_second":	105363224.604242
		},
		"cpu_utilization_percent":	{
			"host_total":	125.813522,
			"host_user":	52.303261,
			"host_system":	73.523442,
			"remote_total":	0.887322,
			"remote_user":	0.348605,
			"remote_system":	0.538717
		}
	}
}
