{
	"start":	{
		"connected":	[{
				"socket":	307,
				"local_host":	"10.0.2.15",
				"local_port":	54044,
				"remote_host":	"10.0.0.252",
				"remote_port":	5201
			}],
		"version":	"iperf 3.1.3",
		"system_info":	"Linux localhost 3.18.56+ #1 SMP PREEMPT Fri Oct 13 14:54:31 PDT 2017 i686",
		"timestamp":	{
			"time":	"Thu, 07 Dec 2017 07:05:07 GMT",
			"timesecs":	1512630307
		},
		"connecting_to":	{
			"host":	"10.0.0.252",
			"port":	5201
		},
		"cookie":	"localhost.1512630307.717216.1a70229a",
		"tcp_mss_default":	1460,
		"test_start":	{
			"protocol":	"TCP",
			"num_streams":	1,
			"blksize":	131072,
			"omit":	0,
			"duration":	10,
			"bytes":	0,
			"blocks":	0,
			"reverse":	0
		}
	},
	"intervals":	[{
			"streams":	[{
					"socket":	307,
					"start":	0,
					"end":	1.001393,
					"seconds":	1.001393,
					"bytes":	1438100,
					"bits_per_second":	11488795.191978,
					"retransmits":	0,
					"snd_cwnd":	17520,
					"rtt":	490,
					"omitted":	false
				}],
			"sum":	{
				"start":	0,
				"end":	1.001393,
				"seconds":	1.001393,
				"bytes":	1438100,
				"bits_per_second":	11488795.191978,
				"retransmits":	0,
				"omitted":	false
			}
		}, {
			"streams":	[{
					"socket":	307,
					"start":	1.001393,
					"end":	2.001054,
					"seconds":	0.999661,
					"bytes":	1159240,
					"bits_per_second":	9277065.214733,
					"retransmits":	0,
					"snd_cwnd":	17520,
					"rtt":	511,
					"omitted":	false
				}],
			"sum":	{
				"start":	1.001393,
				"end":	2.001054,
				"seconds":	0.999661,
				"bytes":	1159240,
				"bits_per_second":	9277065.214733,
				"retransmits":	0,
				"omitted":	false
			}
		}, {
			"streams":	[{
					"socket":	307,
					"start":	2.001054,
					"end":	3.000692,
					"seconds":	0.999638,
					"bytes":	1144640,
					"bits_per_second":	9160435.339290,
					"retransmits":	0,
					"snd_cwnd":	17520,
					"rtt":	817,
					"omitted":	false
				}],
			"sum":	{
				"start":	2.001054,
				"end":	3.000692,
				"seconds":	0.999638,
				"bytes":	1144640,
				"bits_per_second":	9160435.339290,
				"retransmits":	0,
				"omitted":	false
			}
		}, {
			"streams":	[{
					"socket":	307,
					"start":	3.000692,
					"end":	4.000864,
					"seconds":	1.000172,
					"bytes":	1128580,
					"bits_per_second":	9027088.245376,
					"retransmits":	0,
					"snd_cwnd":	17520,
					"rtt":	510,
					"omitted":	false
				}],
			"sum":	{
				"start":	3.000692,
				"end":	4.000864,
				"seconds":	1.000172,
				"bytes":	1128580,
				"bits_per_second":	9027088.245376,
				"retransmits":	0,
				"omitted":	false
			}
		}, {
			"streams":	[{
					"socket":	307,
					"start":	4.000864,
					"end":	5.000882,
					"seconds":	1.000018,
					"bytes":	1086240,
					"bits_per_second":	8689762.543136,
					"retransmits":	0,
					"snd_cwnd":	17520,
					"rtt":	469,
					"omitted":	false
				}],
			"sum":	{
				"start":	4.000864,
				"end":	5.000882,
				"seconds":	1.000018,
				"bytes":	1086240,
				"bits_per_second":	8689762.543136,
				"retransmits":	0,
				"omitted":	false
			}
		}, {
			"streams":	[{
					"socket":	307,
					"start":	5.000882,
					"end":	6.001451,
					"seconds":	1.000569,
					"bytes":	1373860,
					"bits_per_second":	10984631.208767,
					"retransmits":	0,
					"snd_cwnd":	17520,
					"rtt":	993,
					"omitted":	false
				}],
			"sum":	{
				"start":	5.000882,
				"end":	6.001451,
				"seconds":	1.000569,
				"bytes":	1373860,
				"bits_per_second":	10984631.208767,
				"retransmits":	0,
				"omitted":	false
			}
		}, {
			"streams":	[{
					"socket":	307,
					"start":	6.001451,
					"end":	7.001563,
					"seconds":	1.000112,
					"bytes":	1394300,
					"bits_per_second":	11153150.214433,
					"retransmits":	0,
					"snd_cwnd":	17520,
					"rtt":	389,
					"omitted":	false
				}],
			"sum":	{
				"start":	6.001451,
				"end":	7.001563,
				"seconds":	1.000112,
				"bytes":	1394300,
				"bits_per_second":	11153150.214433,
				"retransmits":	0,
				"omitted":	false
			}
		}, {
			"streams":	[{
					"socket":	307,
					"start":	7.001563,
					"end":	8.001042,
					"seconds":	0.999479,
					"bytes":	1096460,
					"bits_per_second":	8776251.941016,
					"retransmits":	0,
					"snd_cwnd":	17520,
					"rtt":	449,
					"omitted":	false
				}],
			"sum":	{
				"start":	7.001563,
				"end":	8.001042,
				"seconds":	0.999479,
				"bytes":	1096460,
				"bits_per_second":	8776251.941016,
				"retransmits":	0,
				"omitted":	false
			}
		}, {
			"streams":	[{
					"socket":	307,
					"start":	8.001042,
					"end":	9.000717,
					"seconds":	0.999675,
					"bytes":	1086240,
					"bits_per_second":	8692744.833681,
					"retransmits":	0,
					"snd_cwnd":	17520,
					"rtt":	475,
					"omitted":	false
				}],
			"sum":	{
				"start":	8.001042,
				"end":	9.000717,
				"seconds":	0.999675,
				"bytes":	1086240,
				"bits_per_second":	8692744.833681,
				"retransmits":	0,
				"omitted":	false
			}
		}, {
			"streams":	[{
					"socket":	307,
					"start":	9.000717,
					"end":	10.003877,
					"seconds":	1.003160,
					"bytes":	1159240,
					"bits_per_second":	9244706.728150,
					"retransmits":	0,
					"snd_cwnd":	17520,
					"rtt":	461,
					"omitted":	false
				}],
			"sum":	{
				"start":	9.000717,
				"end":	10.003877,
				"seconds":	1.003160,
				"bytes":	1159240,
				"bits_per_second":	9244706.728150,
				"retransmits":	0,
				"omitted":	false
			}
		}],
	"end":	{
		"streams":	[{
				"sender":	{
					"socket":	307,
					"start":	0,
					"end":	10.003877,
					"seconds":	10.003877,
					"bytes":	12066900,
					"bits_per_second":	9649778.623601,
					"retransmits":	0,
					"max_snd_cwnd":	17520,
					"max_rtt":	993,
					"min_rtt":	389,
					"mean_rtt":	556
				},
				"receiver":	{
					"socket":	307,
					"start":	0,
					"end":	10.003877,
					"seconds":	10.003877,
					"bytes":	11723800,
					"bits_per_second":	9375405.002724
				}
			}],
		"sum_sent":	{
			"start":	0,
			"end":	10.003877,
			"seconds":	10.003877,
			"bytes":	12066900,
			"bits_per_second":	9649778.623601,
			"retransmits":	0
		},
		"sum_received":	{
			"start":	0,
			"end":	10.003877,
			"seconds":	10.003877,
			"bytes":	11723800,
			"bits_per_second":	9375405.002724
		},
		"cpu_utilization_percent":	{
			"host_total":	126.223323,
			"host_user":	96.067521,
			"host_system":	30.113663,
			"remote_total":	1.158014,
			"remote_user":	0.383941,
			"remote_system":	0.774074
		}
	}
}
