{
	"end": {
		"sum_sent": {
			"start": 0,
			"end": 10.133726666666666,
			"seconds": 10.133726666666666,
			"bytes": 68060652,
			"bits_per_second": 53730994.62501833,
			"retransmits": 0
		},
		"sum_received": {
			"start": 0,
			"end": 10.133726666666666,
			"seconds": 10.133726666666666,
			"bytes": 68002580,
			"bits_per_second": 53685323.427347
		},
		"cpu_utilization_percent": {
			"host_total": 155.77477000000002,
			"host_user": 103.43034333333333,
			"host_system": 52.34014833333333,
			"host_user_normalized": 66.48534449802764,
			"host_system_normalized": 33.51195636186369,
			"remote_total": 0.4351866666666666,
			"remote_user": 0.047151,
			"remote_system": 0.3880346666666667,
			"remote_user_normalized": 10.789227316481819,
			"remote_system_normalized": 89.21059266486765
		}
	}
}
