{
	"end": {
		"sum_sent": {
			"start": 0,
			"end": 10.061802333333334,
			"seconds": 10.061802333333334,
			"bytes": 116491429.33333333,
			"bits_per_second": 92610379.106685,
			"retransmits": 0
		},
		"sum_received": {
			"start": 0,
			"end": 10.061802333333334,
			"seconds": 10.061802333333334,
			"bytes": 116381442.66666667,
			"bits_per_second": 92522421.01781
		},
		"cpu_utilization_percent": {
			"host_total": 138.928587,
			"host_user": 10.412966333333333,
			"host_system": 128.52888933333335,
			"host_user_normalized": 7.49768973978333,
			"host_system_normalized": 92.51124449988721,
			"remote_total": 2.3700613333333336,
			"remote_user": 0.8769133333333333,
			"remote_system": 1.4931476666666665,
			"remote_user_normalized": 35.53059476720987,
			"remote_system_normalized": 64.4690014811297
		}
	}
}
