{
	"end": {
		"sum_sent": {
			"start": 0,
			"end": 10.004689333333333,
			"seconds": 10.004689333333333,
			"bytes": 121841380,
			"bits_per_second": 97430137.49687131,
			"retransmits": 0
		},
		"sum_received": {
			"start": 0,
			"end": 10.004689333333333,
			"seconds": 10.004689333333333,
			"bytes": 121511906.66666667,
			"bits_per_second": 97166683.902224
		},
		"cpu_utilization_percent": {
			"host_total": 167.69512199999997,
			"host_user": 121.24010600000001,
			"host_system": 46.45176899999999,
			"host_user_normalized": 71.67383026772102,
			"host_system_normalized": 28.32423182031272,
			"remote_total": 0.7365849999999999,
			"remote_user": 0.070341,
			"remote_system": 0.6662443333333333,
			"remote_user_normalized": 9.542529110116034,
			"remote_system_normalized": 90.45759907872765
		}
	}
}
