{
	"end": {
		"sum_sent": {
			"start": 0,
			"end": 10.018905222222223,
			"seconds": 10.018905222222223,
			"bytes": 92474151.11111112,
			"bits_per_second": 73806073.03230388,
			"retransmits": 0
		},
		"sum_received": {
			"start": 0,
			"end": 10.018905222222223,
			"seconds": 10.018905222222223,
			"bytes": 92249473.33333333,
			"bits_per_second": 73626391.42031255
		},
		"cpu_utilization_percent": {
			"host_total": 144.22931933333334,
			"host_user": 76.56865133333334,
			"host_system": 67.67003877777778,
			"host_user_normalized": 53.76366259694917,
			"host_system_normalized": 46.2421860111289,
			"remote_total": 1.250632,
			"remote_user": 0.3955351111111111,
			"remote_system": 0.8550971111111112,
			"remote_user_normalized": 29.61430428670002,
			"remote_system_normalized": 70.38577544651831
		}
	}
}
