{
	"end": {
		"sum_sent": {
			"start": 0,
			"end": 10.001081,
			"seconds": 10.001081,
			"bytes": 13621958.666666666,
			"bits_per_second": 10896345.177841334,
			"retransmits": 0
		},
		"sum_received": {
			"start": 0,
			"end": 10.001081,
			"seconds": 10.001081,
			"bytes": 13244305.333333334,
			"bits_per_second": 10594254.743816333
		},
		"cpu_utilization_percent": {
			"host_total": 118.726399,
			"host_user": 85.04452066666667,
			"host_system": 33.706597333333335,
			"host_user_normalized": 71.63293869968237,
			"host_system_normalized": 28.388553950272406,
			"remote_total": 0.160165,
			"remote_user": 0.06974166666666666,
			"remote_system": 0.09042366666666668,
			"remote_user_normalized": 48.560688379661116,
			"remote_system_normalized": 51.439837374401655
		}
	}
}
