{
	"start":	{
		"connected":	[{
				"socket":	232,
				"local_host":	"10.0.2.15",
				"local_port":	58911,
				"remote_host":	"192.168.1.4",
				"remote_port":	5201
			}],
		"version":	"iperf 3.1.3",
		"system_info":	"Linux localhost 3.18.48+ #1 SMP PREEMPT Wed Apr 19 00:58:20 UTC 2017 i686",
		"timestamp":	{
			"time":	"Thu, 07 Dec 2017 03:15:10 GMT",
			"timesecs":	1512616510
		},
		"connecting_to":	{
			"host":	"192.168.1.4",
			"port":	5201
		},
		"cookie":	"localhost.1512616510.350260.3da6c298",
		"tcp_mss_default":	1460,
		"test_start":	{
			"protocol":	"TCP",
			"num_streams":	1,
			"blksize":	131072,
			"omit":	0,
			"duration":	10,
			"bytes":	0,
			"blocks":	0,
			"reverse":	0
		}
	},
	"intervals":	[{
			"streams":	[{
					"socket":	232,
					"start":	0,
					"end":	1.014823,
					"seconds":	1.014823,
					"bytes":	18952260,
					"bits_per_second":	149403478.233243,
					"retransmits":	0,
					"snd_cwnd":	17520,
					"rtt":	1761,
					"omitted":	false
				}],
			"sum":	{
				"start":	0,
				"end":	1.014823,
				"seconds":	1.014823,
				"bytes":	18952260,
				"bits_per_second":	149403478.233243,
				"retransmits":	0,
				"omitted":	false
			}
		}, {
			"streams":	[{
					"socket":	232,
					"start":	1.014823,
					"end":	2.002136,
					"seconds":	0.987313,
					"bytes":	31195492,
					"bits_per_second":	252770831.411467,
					"retransmits":	0,
					"snd_cwnd":	17520,
					"rtt":	356,
					"omitted":	false
				}],
			"sum":	{
				"start":	1.014823,
				"end":	2.002136,
				"seconds":	0.987313,
				"bytes":	31195492,
				"bits_per_second":	252770831.411467,
				"retransmits":	0,
				"omitted":	false
			}
		}, {
			"streams":	[{
					"socket":	232,
					"start":	2.002136,
					"end":	3.000787,
					"seconds":	0.998651,
					"bytes":	27899140,
					"bits_per_second":	223494661.397297,
					"retransmits":	0,
					"snd_cwnd":	17520,
					"rtt":	383,
					"omitted":	false
				}],
			"sum":	{
				"start":	2.002136,
				"end":	3.000787,
				"seconds":	0.998651,
				"bytes":	27899140,
				"bits_per_second":	223494661.397297,
				"retransmits":	0,
				"omitted":	false
			}
		}, {
			"streams":	[{
					"socket":	232,
					"start":	3.000787,
					"end":	4.001804,
					"seconds":	1.001017,
					"bytes":	22504112,
					"bits_per_second":	179849971.734277,
					"retransmits":	0,
					"snd_cwnd":	17520,
					"rtt":	275,
					"omitted":	false
				}],
			"sum":	{
				"start":	3.000787,
				"end":	4.001804,
				"seconds":	1.001017,
				"bytes":	22504112,
				"bits_per_second":	179849971.734277,
				"retransmits":	0,
				"omitted":	false
			}
		}, {
			"streams":	[{
					"socket":	232,
					"start":	4.001804,
					"end":	5.000261,
					"seconds":	0.998457,
					"bytes":	18505172,
					"bits_per_second":	148270163.541017,
					"retransmits":	0,
					"snd_cwnd":	17520,
					"rtt":	295,
					"omitted":	false
				}],
			"sum":	{
				"start":	4.001804,
				"end":	5.000261,
				"seconds":	0.998457,
				"bytes":	18505172,
				"bits_per_second":	148270163.541017,
				"retransmits":	0,
				"omitted":	false
			}
		}, {
			"streams":	[{
					"socket":	232,
					"start":	5.000261,
					"end":	6.007992,
					"seconds":	1.007731,
					"bytes":	24683564,
					"bits_per_second":	195953602.372436,
					"retransmits":	0,
					"snd_cwnd":	17520,
					"rtt":	90,
					"omitted":	false
				}],
			"sum":	{
				"start":	5.000261,
				"end":	6.007992,
				"seconds":	1.007731,
				"bytes":	24683564,
				"bits_per_second":	195953602.372436,
				"retransmits":	0,
				"omitted":	false
			}
		}, {
			"streams":	[{
					"socket":	232,
					"start":	6.007992,
					"end":	7.000567,
					"seconds":	0.992575,
					"bytes":	20530192,
					"bits_per_second":	165470123.769131,
					"retransmits":	0,
					"snd_cwnd":	17520,
					"rtt":	241,
					"omitted":	false
				}],
			"sum":	{
				"start":	6.007992,
				"end":	7.000567,
				"seconds":	0.992575,
				"bytes":	20530192,
				"bits_per_second":	165470123.769131,
				"retransmits":	0,
				"omitted":	false
			}
		}, {
			"streams":	[{
					"socket":	232,
					"start":	7.000567,
					"end":	8.000554,
					"seconds":	0.999987,
					"bytes":	18956640,
					"bits_per_second":	151655108.656754,
					"retransmits":	0,
					"snd_cwnd":	17520,
					"rtt":	401,
					"omitted":	false
				}],
			"sum":	{
				"start":	7.000567,
				"end":	8.000554,
				"seconds":	0.999987,
				"bytes":	18956640,
				"bits_per_second":	151655108.656754,
				"retransmits":	0,
				"omitted":	false
			}
		}, {
			"streams":	[{
					"socket":	232,
					"start":	8.000554,
					"end":	9.005021,
					"seconds":	1.004467,
					"bytes":	24466680,
					"bits_per_second":	194862985.000323,
					"retransmits":	0,
					"snd_cwnd":	17520,
					"rtt":	1835,
					"omitted":	false
				}],
			"sum":	{
				"start":	8.000554,
				"end":	9.005021,
				"seconds":	1.004467,
				"bytes":	24466680,
				"bits_per_second":	194862985.000323,
				"retransmits":	0,
				"omitted":	false
			}
		}, {
			"streams":	[{
					"socket":	232,
					"start":	9.005021,
					"end":	10.018473,
					"seconds":	1.013452,
					"bytes":	27113660,
					"bits_per_second":	214030135.261863,
					"retransmits":	0,
					"snd_cwnd":	17520,
					"rtt":	2694,
					"omitted":	false
				}],
			"sum":	{
				"start":	9.005021,
				"end":	10.018473,
				"seconds":	1.013452,
				"bytes":	27113660,
				"bits_per_second":	214030135.261863,
				"retransmits":	0,
				"omitted":	false
			}
		}],
	"end":	{
		"streams":	[{
				"sender":	{
					"socket":	232,
					"start":	0,
					"end":	10.018473,
					"seconds":	10.018473,
					"bytes":	234806912,
					"bits_per_second":	187499164.083044,
					"retransmits":	0,
					"max_snd_cwnd":	17520,
					"max_rtt":	2694,
					"min_rtt":	90,
					"mean_rtt":	833
				},
				"receiver":	{
					"socket":	232,
					"start":	0,
					"end":	10.018473,
					"seconds":	10.018473,
					"bytes":	234474032,
					"bits_per_second":	187233351.116942
				}
			}],
		"sum_sent":	{
			"start":	0,
			"end":	10.018473,
			"seconds":	10.018473,
			"bytes":	234806912,
			"bits_per_second":	187499164.083044,
			"retransmits":	0
		},
		"sum_received":	{
			"start":	0,
			"end":	10.018473,
			"seconds":	10.018473,
			"bytes":	234474032,
			"bits_per_second":	187233351.116942
		},
		"cpu_utilization_percent":	{
			"host_total":	168.875995,
			"host_user":	93.119698,
			"host_system":	75.709498,
			"remote_total":	0.670699,
			"remote_user":	0.068202,
			"remote_system":	0.602498
		}
	}
}
