{
	"start":	{
		"connected":	[{
				"socket":	378,
				"local_host":	"10.0.2.15",
				"local_port":	51855,
				"remote_host":	"10.0.1.18",
				"remote_port":	5201
			}],
		"version":	"iperf 3.1.3",
		"system_info":	"Linux localhost 3.10.0+ #1 SMP PREEMPT Wed Feb 22 08:53:42 PST 2017 i686",
		"timestamp":	{
			"time":	"Fri, 08 Dec 2017 08:09:14 GMT",
			"timesecs":	1512720554
		},
		"connecting_to":	{
			"host":	"10.0.1.18",
			"port":	5201
		},
		"cookie":	"localhost.1512720554.598787.42211eff",
		"tcp_mss_default":	1460,
		"test_start":	{
			"protocol":	"TCP",
			"num_streams":	1,
			"blksize":	131072,
			"omit":	0,
			"duration":	10,
			"bytes":	0,
			"blocks":	0,
			"reverse":	0
		}
	},
	"intervals":	[{
			"streams":	[{
					"socket":	378,
					"start":	0,
					"end":	1.001143,
					"seconds":	1.001143,
					"bytes":	7245980,
					"bits_per_second":	57901659.638179,
					"retransmits":	0,
					"snd_cwnd":	14600,
					"rtt":	18750,
					"omitted":	false
				}],
			"sum":	{
				"start":	0,
				"end":	1.001143,
				"seconds":	1.001143,
				"bytes":	7245980,
				"bits_per_second":	57901659.638179,
				"retransmits":	0,
				"omitted":	false
			}
		}, {
			"streams":	[{
					"socket":	378,
					"start":	1.001143,
					"end":	2.005703,
					"seconds":	1.004560,
					"bytes":	7384680,
					"bits_per_second":	58809270.096278,
					"retransmits":	0,
					"snd_cwnd":	14600,
					"rtt":	18750,
					"omitted":	false
				}],
			"sum":	{
				"start":	1.001143,
				"end":	2.005703,
				"seconds":	1.004560,
				"bytes":	7384680,
				"bits_per_second":	58809270.096278,
				"retransmits":	0,
				"omitted":	false
			}
		}, {
			"streams":	[{
					"socket":	378,
					"start":	2.005703,
					"end":	3.019720,
					"seconds":	1.014017,
					"bytes":	8390620,
					"bits_per_second":	66197068.730130,
					"retransmits":	0,
					"snd_cwnd":	14600,
					"rtt":	20000,
					"omitted":	false
				}],
			"sum":	{
				"start":	2.005703,
				"end":	3.019720,
				"seconds":	1.014017,
				"bytes":	8390620,
				"bits_per_second":	66197068.730130,
				"retransmits":	0,
				"omitted":	false
			}
		}, {
			"streams":	[{
					"socket":	378,
					"start":	3.019720,
					"end":	4.001438,
					"seconds":	0.981718,
					"bytes":	7755520,
					"bits_per_second":	63199585.893279,
					"retransmits":	0,
					"snd_cwnd":	14600,
					"rtt":	18750,
					"omitted":	false
				}],
			"sum":	{
				"start":	3.019720,
				"end":	4.001438,
				"seconds":	0.981718,
				"bytes":	7755520,
				"bits_per_second":	63199585.893279,
				"retransmits":	0,
				"omitted":	false
			}
		}, {
			"streams":	[{
					"socket":	378,
					"start":	4.001438,
					"end":	5.000417,
					"seconds":	0.998979,
					"bytes":	8212500,
					"bits_per_second":	65767142.225029,
					"retransmits":	0,
					"snd_cwnd":	14600,
					"rtt":	18750,
					"omitted":	false
				}],
			"sum":	{
				"start":	4.001438,
				"end":	5.000417,
				"seconds":	0.998979,
				"bytes":	8212500,
				"bits_per_second":	65767142.225029,
				"retransmits":	0,
				"omitted":	false
			}
		}, {
			"streams":	[{
					"socket":	378,
					"start":	5.000417,
					"end":	6.000728,
					"seconds":	1.000311,
					"bytes":	10501780,
					"bits_per_second":	83988108.255312,
					"retransmits":	0,
					"snd_cwnd":	14600,
					"rtt":	18750,
					"omitted":	false
				}],
			"sum":	{
				"start":	5.000417,
				"end":	6.000728,
				"seconds":	1.000311,
				"bytes":	10501780,
				"bits_per_second":	83988108.255312,
				"retransmits":	0,
				"omitted":	false
			}
		}, {
			"streams":	[{
					"socket":	378,
					"start":	6.000728,
					"end":	7.014498,
					"seconds":	1.013770,
					"bytes":	9348380,
					"bits_per_second":	73771220.253567,
					"retransmits":	0,
					"snd_cwnd":	14600,
					"rtt":	18750,
					"omitted":	false
				}],
			"sum":	{
				"start":	6.000728,
				"end":	7.014498,
				"seconds":	1.013770,
				"bytes":	9348380,
				"bits_per_second":	73771220.253567,
				"retransmits":	0,
				"omitted":	false
			}
		}, {
			"streams":	[{
					"socket":	378,
					"start":	7.014498,
					"end":	8.000453,
					"seconds":	0.985955,
					"bytes":	9095800,
					"bits_per_second":	73802962.615566,
					"retransmits":	0,
					"snd_cwnd":	14600,
					"rtt":	18750,
					"omitted":	false
				}],
			"sum":	{
				"start":	7.014498,
				"end":	8.000453,
				"seconds":	0.985955,
				"bytes":	9095800,
				"bits_per_second":	73802962.615566,
				"retransmits":	0,
				"omitted":	false
			}
		}, {
			"streams":	[{
					"socket":	378,
					"start":	8.000453,
					"end":	9.006349,
					"seconds":	1.005896,
					"bytes":	7926340,
					"bits_per_second":	63039036.077661,
					"retransmits":	0,
					"snd_cwnd":	14600,
					"rtt":	18750,
					"omitted":	false
				}],
			"sum":	{
				"start":	8.000453,
				"end":	9.006349,
				"seconds":	1.005896,
				"bytes":	7926340,
				"bits_per_second":	63039036.077661,
				"retransmits":	0,
				"omitted":	false
			}
		}, {
			"streams":	[{
					"socket":	378,
					"start":	9.006349,
					"end":	10.020769,
					"seconds":	1.014420,
					"bytes":	9519200,
					"bits_per_second":	75071072.691882,
					"retransmits":	0,
					"snd_cwnd":	14600,
					"rtt":	18750,
					"omitted":	false
				}],
			"sum":	{
				"start":	9.006349,
				"end":	10.020769,
				"seconds":	1.014420,
				"bytes":	9519200,
				"bits_per_second":	75071072.691882,
				"retransmits":	0,
				"omitted":	false
			}
		}],
	"end":	{
		"streams":	[{
				"sender":	{
					"socket":	378,
					"start":	0,
					"end":	10.020769,
					"seconds":	10.020769,
					"bytes":	85380800,
					"bits_per_second":	68163071.304277,
					"retransmits":	0,
					"max_snd_cwnd":	14600,
					"max_rtt":	20000,
					"min_rtt":	18750,
					"mean_rtt":	18875
				},
				"receiver":	{
					"socket":	378,
					"start":	0,
					"end":	10.020769,
					"seconds":	10.020769,
					"bytes":	85046460,
					"bits_per_second":	67896153.668698
				}
			}],
		"sum_sent":	{
			"start":	0,
			"end":	10.020769,
			"seconds":	10.020769,
			"bytes":	85380800,
			"bits_per_second":	68163071.304277,
			"retransmits":	0
		},
		"sum_received":	{
			"start":	0,
			"end":	10.020769,
			"seconds":	10.020769,
			"bytes":	85046460,
			"bits_per_second":	67896153.668698
		},
		"cpu_utilization_percent":	{
			"host_total":	41.969110,
			"host_user":	16.153667,
			"host_system":	25.865688,
			"remote_total":	0.522506,
			"remote_user":	0.051591,
			"remote_system":	0.470916
		}
	}
}
