{
	"start":	{
		"connected":	[{
				"socket":	79,
				"local_host":	"10.0.2.15",
				"local_port":	53691,
				"remote_host":	"192.168.1.4",
				"remote_port":	5201
			}],
		"version":	"iperf 3.1.3",
		"system_info":	"Linux localhost 3.18.48+ #1 SMP PREEMPT Wed Apr 19 00:58:20 UTC 2017 i686",
		"timestamp":	{
			"time":	"Thu, 07 Dec 2017 05:32:57 GMT",
			"timesecs":	1512624777
		},
		"connecting_to":	{
			"host":	"192.168.1.4",
			"port":	5201
		},
		"cookie":	"localhost.1512624777.182817.7ffcca20",
		"tcp_mss_default":	1460,
		"test_start":	{
			"protocol":	"TCP",
			"num_streams":	1,
			"blksize":	131072,
			"omit":	0,
			"duration":	10,
			"bytes":	0,
			"blocks":	0,
			"reverse":	0
		}
	},
	"intervals":	[{
			"streams":	[{
					"socket":	79,
					"start":	0,
					"end":	1.001916,
					"seconds":	1.001916,
					"bytes":	302220,
					"bits_per_second":	2413136.595097,
					"retransmits":	0,
					"snd_cwnd":	17520,
					"rtt":	104637,
					"omitted":	false
				}],
			"sum":	{
				"start":	0,
				"end":	1.001916,
				"seconds":	1.001916,
				"bytes":	302220,
				"bits_per_second":	2413136.595097,
				"retransmits":	0,
				"omitted":	false
			}
		}, {
			"streams":	[{
					"socket":	79,
					"start":	1.001916,
					"end":	2.000912,
					"seconds":	0.998996,
					"bytes":	56940,
					"bits_per_second":	455977.792875,
					"retransmits":	1,
					"snd_cwnd":	17520,
					"rtt":	147668,
					"omitted":	false
				}],
			"sum":	{
				"start":	1.001916,
				"end":	2.000912,
				"seconds":	0.998996,
				"bytes":	56940,
				"bits_per_second":	455977.792875,
				"retransmits":	1,
				"omitted":	false
			}
		}, {
			"streams":	[{
					"socket":	79,
					"start":	2.000912,
					"end":	3.001485,
					"seconds":	1.000573,
					"bytes":	70080,
					"bits_per_second":	560318.848621,
					"retransmits":	2,
					"snd_cwnd":	17520,
					"rtt":	97125,
					"omitted":	false
				}],
			"sum":	{
				"start":	2.000912,
				"end":	3.001485,
				"seconds":	1.000573,
				"bytes":	70080,
				"bits_per_second":	560318.848621,
				"retransmits":	2,
				"omitted":	false
			}
		}, {
			"streams":	[{
					"socket":	79,
					"start":	3.001485,
					"end":	4.013036,
					"seconds":	1.011551,
					"bytes":	68620,
					"bits_per_second":	542691.423831,
					"retransmits":	0,
					"snd_cwnd":	17520,
					"rtt":	128685,
					"omitted":	false
				}],
			"sum":	{
				"start":	3.001485,
				"end":	4.013036,
				"seconds":	1.011551,
				"bytes":	68620,
				"bits_per_second":	542691.423831,
				"retransmits":	0,
				"omitted":	false
			}
		}, {
			"streams":	[{
					"socket":	79,
					"start":	4.013036,
					"end":	5.001423,
					"seconds":	0.988387,
					"bytes":	58400,
					"bits_per_second":	472689.403765,
					"retransmits":	0,
					"snd_cwnd":	17520,
					"rtt":	145264,
					"omitted":	false
				}],
			"sum":	{
				"start":	4.013036,
				"end":	5.001423,
				"seconds":	0.988387,
				"bytes":	58400,
				"bits_per_second":	472689.403765,
				"retransmits":	0,
				"omitted":	false
			}
		}, {
			"streams":	[{
					"socket":	79,
					"start":	5.001423,
					"end":	6.013252,
					"seconds":	1.011829,
					"bytes":	59860,
					"bits_per_second":	473281.488059,
					"retransmits":	3,
					"snd_cwnd":	13140,
					"rtt":	124228,
					"omitted":	false
				}],
			"sum":	{
				"start":	5.001423,
				"end":	6.013252,
				"seconds":	1.011829,
				"bytes":	59860,
				"bits_per_second":	473281.488059,
				"retransmits":	3,
				"omitted":	false
			}
		}, {
			"streams":	[{
					"socket":	79,
					"start":	6.013252,
					"end":	7.001217,
					"seconds":	0.987965,
					"bytes":	65700,
					"bits_per_second":	532002.722702,
					"retransmits":	0,
					"snd_cwnd":	13140,
					"rtt":	122476,
					"omitted":	false
				}],
			"sum":	{
				"start":	6.013252,
				"end":	7.001217,
				"seconds":	0.987965,
				"bytes":	65700,
				"bits_per_second":	532002.722702,
				"retransmits":	0,
				"omitted":	false
			}
		}, {
			"streams":	[{
					"socket":	79,
					"start":	7.001217,
					"end":	8.007032,
					"seconds":	1.005815,
					"bytes":	70080,
					"bits_per_second":	557398.710255,
					"retransmits":	2,
					"snd_cwnd":	10220,
					"rtt":	109418,
					"omitted":	false
				}],
			"sum":	{
				"start":	7.001217,
				"end":	8.007032,
				"seconds":	1.005815,
				"bytes":	70080,
				"bits_per_second":	557398.710255,
				"retransmits":	2,
				"omitted":	false
			}
		}, {
			"streams":	[{
					"socket":	79,
					"start":	8.007032,
					"end":	9.000375,
					"seconds":	0.993343,
					"bytes":	65700,
					"bits_per_second":	529122.306423,
					"retransmits":	2,
					"snd_cwnd":	13140,
					"rtt":	121912,
					"omitted":	false
				}],
			"sum":	{
				"start":	8.007032,
				"end":	9.000375,
				"seconds":	0.993343,
				"bytes":	65700,
				"bits_per_second":	529122.306423,
				"retransmits":	2,
				"omitted":	false
			}
		}, {
			"streams":	[{
					"socket":	79,
					"start":	9.000375,
					"end":	10.007928,
					"seconds":	1.007553,
					"bytes":	71540,
					"bits_per_second":	568029.749594,
					"retransmits":	3,
					"snd_cwnd":	13140,
					"rtt":	97845,
					"omitted":	false
				}],
			"sum":	{
				"start":	9.000375,
				"end":	10.007928,
				"seconds":	1.007553,
				"bytes":	71540,
				"bits_per_second":	568029.749594,
				"retransmits":	3,
				"omitted":	false
			}
		}],
	"end":	{
		"streams":	[{
				"sender":	{
					"socket":	79,
					"start":	0,
					"end":	10.007928,
					"seconds":	10.007928,
					"bytes":	889140,
					"bits_per_second":	710748.526060,
					"retransmits":	13,
					"max_snd_cwnd":	17520,
					"max_rtt":	147668,
					"min_rtt":	97125,
					"mean_rtt":	119925
				},
				"receiver":	{
					"socket":	79,
					"start":	0,
					"end":	10.007928,
					"seconds":	10.007928,
					"bytes":	665760,
					"bits_per_second":	532186.088479
				}
			}],
		"sum_sent":	{
			"start":	0,
			"end":	10.007928,
			"seconds":	10.007928,
			"bytes":	889140,
			"bits_per_second":	710748.526060,
			"retransmits":	13
		},
		"sum_received":	{
			"start":	0,
			"end":	10.007928,
			"seconds":	10.007928,
			"bytes":	665760,
			"bits_per_second":	532186.088479
		},
		"cpu_utilization_percent":	{
			"host_total":	119.606692,
			"host_user":	96.582578,
			"host_system":	22.977691,
			"remote_total":	0.003479,
			"remote_user":	0.000760,
			"remote_system":	0.002721
		}
	}
}
