{
	"end": {
		"sum_sent": {
			"start": 0,
			"end": 10.003911,
			"seconds": 10.003911,
			"bytes": 174324088,
			"bits_per_second": 139391418.52633402,
			"retransmits": 0
		},
		"sum_received": {
			"start": 0,
			"end": 10.003911,
			"seconds": 10.003911,
			"bytes": 173992668,
			"bits_per_second": 139126386.871967
		},
		"cpu_utilization_percent": {
			"host_total": 169.253328,
			"host_user": 95.89963333333333,
			"host_system": 73.26934833333333,
			"host_user_normalized": 56.611403856110286,
			"host_system_normalized": 43.340398780736756,
			"remote_total": 0.6430539999999999,
			"remote_user": 0.06614933333333332,
			"remote_system": 0.5769043333333334,
			"remote_user_normalized": 10.284088197364943,
			"remote_system_normalized": 89.7158570051119
		}
	}
}
