{
	"start":	{
		"connected":	[{
				"socket":	97,
				"local_host":	"10.0.2.15",
				"local_port":	54095,
				"remote_host":	"128.61.92.187",
				"remote_port":	5201
			}],
		"version":	"iperf 3.1.3",
		"system_info":	"Linux localhost 3.18.56+ #1 SMP PREEMPT Fri Aug 25 10:56:18 PDT 2017 i686",
		"timestamp":	{
			"time":	"Thu, 07 Dec 2017 01:25:48 GMT",
			"timesecs":	1512609948
		},
		"connecting_to":	{
			"host":	"128.61.92.187",
			"port":	5201
		},
		"cookie":	"localhost.1512609948.015158.788c368a",
		"tcp_mss_default":	1460,
		"test_start":	{
			"protocol":	"TCP",
			"num_streams":	1,
			"blksize":	131072,
			"omit":	0,
			"duration":	10,
			"bytes":	0,
			"blocks":	0,
			"reverse":	0
		}
	},
	"intervals":	[{
			"streams":	[{
					"socket":	97,
					"start":	0,
					"end":	1.077579,
					"seconds":	1.077579,
					"bytes":	10432376,
					"bits_per_second":	77450475.870807,
					"retransmits":	0,
					"snd_cwnd":	17520,
					"rtt":	400,
					"omitted":	false
				}],
			"sum":	{
				"start":	0,
				"end":	1.077579,
				"seconds":	1.077579,
				"bytes":	10432376,
				"bits_per_second":	77450475.870807,
				"retransmits":	0,
				"omitted":	false
			}
		}, {
			"streams":	[{
					"socket":	97,
					"start":	1.077579,
					"end":	2.090409,
					"seconds":	1.012830,
					"bytes":	10882860,
					"bits_per_second":	85960011.420476,
					"retransmits":	0,
					"snd_cwnd":	20440,
					"rtt":	546,
					"omitted":	false
				}],
			"sum":	{
				"start":	1.077579,
				"end":	2.090409,
				"seconds":	1.012830,
				"bytes":	10882860,
				"bits_per_second":	85960011.420476,
				"retransmits":	0,
				"omitted":	false
			}
		}, {
			"streams":	[{
					"socket":	97,
					"start":	2.090409,
					"end":	3.066868,
					"seconds":	0.976459,
					"bytes":	11736928,
					"bits_per_second":	96159126.387909,
					"retransmits":	0,
					"snd_cwnd":	20440,
					"rtt":	547,
					"omitted":	false
				}],
			"sum":	{
				"start":	2.090409,
				"end":	3.066868,
				"seconds":	0.976459,
				"bytes":	11736928,
				"bits_per_second":	96159126.387909,
				"retransmits":	0,
				"omitted":	false
			}
		}, {
			"streams":	[{
					"socket":	97,
					"start":	3.066868,
					"end":	4.026944,
					"seconds":	0.960076,
					"bytes":	10677000,
					"bits_per_second":	88967948.022909,
					"retransmits":	0,
					"snd_cwnd":	20440,
					"rtt":	597,
					"omitted":	false
				}],
			"sum":	{
				"start":	3.066868,
				"end":	4.026944,
				"seconds":	0.960076,
				"bytes":	10677000,
				"bits_per_second":	88967948.022909,
				"retransmits":	0,
				"omitted":	false
			}
		}, {
			"streams":	[{
					"socket":	97,
					"start":	4.026944,
					"end":	5.045726,
					"seconds":	1.018782,
					"bytes":	10785896,
					"bits_per_second":	84696408.490986,
					"retransmits":	0,
					"snd_cwnd":	20440,
					"rtt":	1063,
					"omitted":	false
				}],
			"sum":	{
				"start":	4.026944,
				"end":	5.045726,
				"seconds":	1.018782,
				"bytes":	10785896,
				"bits_per_second":	84696408.490986,
				"retransmits":	0,
				"omitted":	false
			}
		}, {
			"streams":	[{
					"socket":	97,
					"start":	5.045726,
					"end":	6.087716,
					"seconds":	1.041990,
					"bytes":	12781864,
					"bits_per_second":	98134250.716978,
					"retransmits":	0,
					"snd_cwnd":	20440,
					"rtt":	539,
					"omitted":	false
				}],
			"sum":	{
				"start":	5.045726,
				"end":	6.087716,
				"seconds":	1.041990,
				"bytes":	12781864,
				"bits_per_second":	98134250.716978,
				"retransmits":	0,
				"omitted":	false
			}
		}, {
			"streams":	[{
					"socket":	97,
					"start":	6.087716,
					"end":	7.032713,
					"seconds":	0.944997,
					"bytes":	9632708,
					"bits_per_second":	81546987.038783,
					"retransmits":	0,
					"snd_cwnd":	20440,
					"rtt":	644,
					"omitted":	false
				}],
			"sum":	{
				"start":	6.087716,
				"end":	7.032713,
				"seconds":	0.944997,
				"bytes":	9632708,
				"bits_per_second":	81546987.038783,
				"retransmits":	0,
				"omitted":	false
			}
		}, {
			"streams":	[{
					"socket":	97,
					"start":	7.032713,
					"end":	8.008870,
					"seconds":	0.976157,
					"bytes":	10108160,
					"bits_per_second":	82840448.966995,
					"retransmits":	0,
					"snd_cwnd":	20440,
					"rtt":	553,
					"omitted":	false
				}],
			"sum":	{
				"start":	7.032713,
				"end":	8.008870,
				"seconds":	0.976157,
				"bytes":	10108160,
				"bits_per_second":	82840448.966995,
				"retransmits":	0,
				"omitted":	false
			}
		}, {
			"streams":	[{
					"socket":	97,
					"start":	8.008870,
					"end":	9.096100,
					"seconds":	1.087230,
					"bytes":	11807908,
					"bits_per_second":	86884345.407127,
					"retransmits":	0,
					"snd_cwnd":	20440,
					"rtt":	861,
					"omitted":	false
				}],
			"sum":	{
				"start":	8.008870,
				"end":	9.096100,
				"seconds":	1.087230,
				"bytes":	11807908,
				"bits_per_second":	86884345.407127,
				"retransmits":	0,
				"omitted":	false
			}
		}, {
			"streams":	[{
					"socket":	97,
					"start":	9.096100,
					"end":	10.033728,
					"seconds":	0.937628,
					"bytes":	7548972,
					"bits_per_second":	64409098.296641,
					"retransmits":	0,
					"snd_cwnd":	20440,
					"rtt":	937,
					"omitted":	false
				}],
			"sum":	{
				"start":	9.096100,
				"end":	10.033728,
				"seconds":	0.937628,
				"bytes":	7548972,
				"bits_per_second":	64409098.296641,
				"retransmits":	0,
				"omitted":	false
			}
		}],
	"end":	{
		"streams":	[{
				"sender":	{
					"socket":	97,
					"start":	0,
					"end":	10.033728,
					"seconds":	10.033728,
					"bytes":	106394672,
					"bits_per_second":	84829625.221594,
					"retransmits":	0,
					"max_snd_cwnd":	20440,
					"max_rtt":	1063,
					"min_rtt":	400,
					"mean_rtt":	668
				},
				"receiver":	{
					"socket":	97,
					"start":	0,
					"end":	10.033728,
					"seconds":	10.033728,
					"bytes":	106063252,
					"bits_per_second":	84565380.463258
				}
			}],
		"sum_sent":	{
			"start":	0,
			"end":	10.033728,
			"seconds":	10.033728,
			"bytes":	106394672,
			"bits_per_second":	84829625.221594,
			"retransmits":	0
		},
		"sum_received":	{
			"start":	0,
			"end":	10.033728,
			"seconds":	10.033728,
			"bytes":	106063252,
			"bits_per_second":	84565380.463258
		},
		"cpu_utilization_percent":	{
			"host_total":	115.765827,
			"host_user":	50.384732,
			"host_system":	65.401358,
			"remote_total":	0.676103,
			"remote_user":	0.206312,
			"remote_system":	0.469791
		}
	}
}
