{
	"end": {
		"sum_sent": {
			"start": 0,
			"end": 10.039280222222223,
			"seconds": 10.039280222222223,
			"bytes": 86149899.55555555,
			"bits_per_second": 68696523.93401779,
			"retransmits": 0
		},
		"sum_received": {
			"start": 0,
			"end": 10.039280222222223,
			"seconds": 10.039280222222223,
			"bytes": 85870175.55555555,
			"bits_per_second": 68473196.47483121
		},
		"cpu_utilization_percent": {
			"host_total": 163.57350222222223,
			"host_user": 101.88850555555557,
			"host_system": 61.673939,
			"host_user_normalized": 62.40706944003286,
			"host_system_normalized": 37.586519800773466,
			"remote_total": 0.5678420000000001,
			"remote_user": 0.060915000000000004,
			"remote_system": 0.5069271111111112,
			"remote_user_normalized": 10.733609617175915,
			"remote_system_normalized": 89.26640553826068
		}
	}
}
