{
	"start":	{
		"connected":	[{
				"socket":	95,
				"local_host":	"10.0.2.15",
				"local_port":	54089,
				"remote_host":	"10.0.0.252",
				"remote_port":	5201
			}],
		"version":	"iperf 3.1.3",
		"system_info":	"Linux localhost 3.18.56+ #1 SMP PREEMPT Fri Oct 13 14:54:31 PDT 2017 i686",
		"timestamp":	{
			"time":	"Thu, 07 Dec 2017 07:19:10 GMT",
			"timesecs":	1512631150
		},
		"connecting_to":	{
			"host":	"10.0.0.252",
			"port":	5201
		},
		"cookie":	"localhost.1512631150.153781.13ce85b7",
		"tcp_mss_default":	1460,
		"test_start":	{
			"protocol":	"TCP",
			"num_streams":	1,
			"blksize":	131072,
			"omit":	0,
			"duration":	10,
			"bytes":	0,
			"blocks":	0,
			"reverse":	0
		}
	},
	"intervals":	[{
			"streams":	[{
					"socket":	95,
					"start":	0,
					"end":	1.001763,
					"seconds":	1.001763,
					"bytes":	1575340,
					"bits_per_second":	12580542.177682,
					"retransmits":	0,
					"snd_cwnd":	17520,
					"rtt":	854,
					"omitted":	false
				}],
			"sum":	{
				"start":	0,
				"end":	1.001763,
				"seconds":	1.001763,
				"bytes":	1575340,
				"bits_per_second":	12580542.177682,
				"retransmits":	0,
				"omitted":	false
			}
		}, {
			"streams":	[{
					"socket":	95,
					"start":	1.001763,
					"end":	2.001330,
					"seconds":	0.999567,
					"bytes":	1181140,
					"bits_per_second":	9453212.940020,
					"retransmits":	0,
					"snd_cwnd":	17520,
					"rtt":	375,
					"omitted":	false
				}],
			"sum":	{
				"start":	1.001763,
				"end":	2.001330,
				"seconds":	0.999567,
				"bytes":	1181140,
				"bits_per_second":	9453212.940020,
				"retransmits":	0,
				"omitted":	false
			}
		}, {
			"streams":	[{
					"socket":	95,
					"start":	2.001330,
					"end":	3.000609,
					"seconds":	0.999279,
					"bytes":	1314000,
					"bits_per_second":	10519584.386631,
					"retransmits":	0,
					"snd_cwnd":	17520,
					"rtt":	424,
					"omitted":	false
				}],
			"sum":	{
				"start":	2.001330,
				"end":	3.000609,
				"seconds":	0.999279,
				"bytes":	1314000,
				"bits_per_second":	10519584.386631,
				"retransmits":	0,
				"omitted":	false
			}
		}, {
			"streams":	[{
					"socket":	95,
					"start":	3.000609,
					"end":	4.001057,
					"seconds":	1.000448,
					"bytes":	1096460,
					"bits_per_second":	8767752.147778,
					"retransmits":	0,
					"snd_cwnd":	17520,
					"rtt":	496,
					"omitted":	false
				}],
			"sum":	{
				"start":	3.000609,
				"end":	4.001057,
				"seconds":	1.000448,
				"bytes":	1096460,
				"bits_per_second":	8767752.147778,
				"retransmits":	0,
				"omitted":	false
			}
		}, {
			"streams":	[{
					"socket":	95,
					"start":	4.001057,
					"end":	5.000633,
					"seconds":	0.999576,
					"bytes":	1144640,
					"bits_per_second":	9161003.424780,
					"retransmits":	0,
					"snd_cwnd":	17520,
					"rtt":	496,
					"omitted":	false
				}],
			"sum":	{
				"start":	4.001057,
				"end":	5.000633,
				"seconds":	0.999576,
				"bytes":	1144640,
				"bits_per_second":	9161003.424780,
				"retransmits":	0,
				"omitted":	false
			}
		}, {
			"streams":	[{
					"socket":	95,
					"start":	5.000633,
					"end":	6.001144,
					"seconds":	1.000511,
					"bytes":	1122740,
					"bits_per_second":	8977333.202035,
					"retransmits":	0,
					"snd_cwnd":	17520,
					"rtt":	464,
					"omitted":	false
				}],
			"sum":	{
				"start":	5.000633,
				"end":	6.001144,
				"seconds":	1.000511,
				"bytes":	1122740,
				"bits_per_second":	8977333.202035,
				"retransmits":	0,
				"omitted":	false
			}
		}, {
			"streams":	[{
					"socket":	95,
					"start":	6.001144,
					"end":	7.000704,
					"seconds":	0.999560,
					"bytes":	1203040,
					"bits_per_second":	9628557.727538,
					"retransmits":	0,
					"snd_cwnd":	17520,
					"rtt":	448,
					"omitted":	false
				}],
			"sum":	{
				"start":	6.001144,
				"end":	7.000704,
				"seconds":	0.999560,
				"bytes":	1203040,
				"bits_per_second":	9628557.727538,
				"retransmits":	0,
				"omitted":	false
			}
		}, {
			"streams":	[{
					"socket":	95,
					"start":	7.000704,
					"end":	8.025841,
					"seconds":	1.025137,
					"bytes":	1375320,
					"bits_per_second":	10732768.403798,
					"retransmits":	0,
					"snd_cwnd":	17520,
					"rtt":	691,
					"omitted":	false
				}],
			"sum":	{
				"start":	7.000704,
				"end":	8.025841,
				"seconds":	1.025137,
				"bytes":	1375320,
				"bits_per_second":	10732768.403798,
				"retransmits":	0,
				"omitted":	false
			}
		}, {
			"streams":	[{
					"socket":	95,
					"start":	8.025841,
					"end":	9.005910,
					"seconds":	0.980069,
					"bytes":	857020,
					"bits_per_second":	6995589.642521,
					"retransmits":	0,
					"snd_cwnd":	17520,
					"rtt":	2331,
					"omitted":	false
				}],
			"sum":	{
				"start":	8.025841,
				"end":	9.005910,
				"seconds":	0.980069,
				"bytes":	857020,
				"bits_per_second":	6995589.642521,
				"retransmits":	0,
				"omitted":	false
			}
		}, {
			"streams":	[{
					"socket":	95,
					"start":	9.005910,
					"end":	10.003497,
					"seconds":	0.997587,
					"bytes":	1172380,
					"bits_per_second":	9401726.690291,
					"retransmits":	0,
					"snd_cwnd":	17520,
					"rtt":	1532,
					"omitted":	false
				}],
			"sum":	{
				"start":	9.005910,
				"end":	10.003497,
				"seconds":	0.997587,
				"bytes":	1172380,
				"bits_per_second":	9401726.690291,
				"retransmits":	0,
				"omitted":	false
			}
		}],
	"end":	{
		"streams":	[{
				"sender":	{
					"socket":	95,
					"start":	0,
					"end":	10.003497,
					"seconds":	10.003497,
					"bytes":	12042080,
					"bits_per_second":	9630296.395810,
					"retransmits":	0,
					"max_snd_cwnd":	17520,
					"max_rtt":	2331,
					"min_rtt":	375,
					"mean_rtt":	811
				},
				"receiver":	{
					"socket":	95,
					"start":	0,
					"end":	10.003497,
					"seconds":	10.003497,
					"bytes":	11712120,
					"bits_per_second":	9366420.670125
				}
			}],
		"sum_sent":	{
			"start":	0,
			"end":	10.003497,
			"seconds":	10.003497,
			"bytes":	12042080,
			"bits_per_second":	9630296.395810,
			"retransmits":	0
		},
		"sum_received":	{
			"start":	0,
			"end":	10.003497,
			"seconds":	10.003497,
			"bytes":	11712120,
			"bits_per_second":	9366420.670125
		},
		"cpu_utilization_percent":	{
			"host_total":	119.800584,
			"host_user":	89.551175,
			"host_system":	30.212414,
			"remote_total":	0.187730,
			"remote_user":	0.112399,
			"remote_system":	0.075331
		}
	}
}
