{
	"end": {
		"sum_sent": {
			"start": 0,
			"end": 10.002179,
			"seconds": 10.002179,
			"bytes": 12766508,
			"bits_per_second": 10210948.569622,
			"retransmits": 0
		},
		"sum_received": {
			"start": 0,
			"end": 10.002179,
			"seconds": 10.002179,
			"bytes": 12401508,
			"bits_per_second": 9919016.519365666
		},
		"cpu_utilization_percent": {
			"host_total": 120.763619,
			"host_user": 91.16020666666667,
			"host_system": 29.633822666666664,
			"host_user_normalized": 75.46031094639157,
			"host_system_normalized": 24.565049736823067,
			"remote_total": 0.25104200000000004,
			"remote_user": 0.11573266666666666,
			"remote_system": 0.13530966666666666,
			"remote_user_normalized": 44.75494514640968,
			"remote_system_normalized": 55.24519804969882
		}
	}
}
