{
	"start":	{
		"connected":	[{
				"socket":	133,
				"local_host":	"10.0.2.15",
				"local_port":	53823,
				"remote_host":	"10.0.0.252",
				"remote_port":	5201
			}],
		"version":	"iperf 3.1.3",
		"system_info":	"Linux localhost 3.18.56+ #1 SMP PREEMPT Fri Oct 13 14:54:31 PDT 2017 i686",
		"timestamp":	{
			"time":	"Thu, 07 Dec 2017 05:27:09 GMT",
			"timesecs":	1512624429
		},
		"connecting_to":	{
			"host":	"10.0.0.252",
			"port":	5201
		},
		"cookie":	"localhost.1512624429.938081.33437849",
		"tcp_mss_default":	1460,
		"test_start":	{
			"protocol":	"TCP",
			"num_streams":	1,
			"blksize":	131072,
			"omit":	0,
			"duration":	10,
			"bytes":	0,
			"blocks":	0,
			"reverse":	0
		}
	},
	"intervals":	[{
			"streams":	[{
					"socket":	133,
					"start":	0,
					"end":	1.000712,
					"seconds":	1.000712,
					"bytes":	1417660,
					"bits_per_second":	11333211.683996,
					"retransmits":	0,
					"snd_cwnd":	17520,
					"rtt":	454,
					"omitted":	false
				}],
			"sum":	{
				"start":	0,
				"end":	1.000712,
				"seconds":	1.000712,
				"bytes":	1417660,
				"bits_per_second":	11333211.683996,
				"retransmits":	0,
				"omitted":	false
			}
		}, {
			"streams":	[{
					"socket":	133,
					"start":	1.000712,
					"end":	2.001127,
					"seconds":	1.000415,
					"bytes":	1198660,
					"bits_per_second":	9585301.268485,
					"retransmits":	0,
					"snd_cwnd":	17520,
					"rtt":	473,
					"omitted":	false
				}],
			"sum":	{
				"start":	1.000712,
				"end":	2.001127,
				"seconds":	1.000415,
				"bytes":	1198660,
				"bits_per_second":	9585301.268485,
				"retransmits":	0,
				"omitted":	false
			}
		}, {
			"streams":	[{
					"socket":	133,
					"start":	2.001127,
					"end":	3.002211,
					"seconds":	1.001084,
					"bytes":	1130040,
					"bits_per_second":	9030532.249849,
					"retransmits":	0,
					"snd_cwnd":	17520,
					"rtt":	472,
					"omitted":	false
				}],
			"sum":	{
				"start":	2.001127,
				"end":	3.002211,
				"seconds":	1.001084,
				"bytes":	1130040,
				"bits_per_second":	9030532.249849,
				"retransmits":	0,
				"omitted":	false
			}
		}, {
			"streams":	[{
					"socket":	133,
					"start":	3.002211,
					"end":	4.001318,
					"seconds":	0.999107,
					"bytes":	1119820,
					"bits_per_second":	8966566.045781,
					"retransmits":	0,
					"snd_cwnd":	17520,
					"rtt":	439,
					"omitted":	false
				}],
			"sum":	{
				"start":	3.002211,
				"end":	4.001318,
				"seconds":	0.999107,
				"bytes":	1119820,
				"bits_per_second":	8966566.045781,
				"retransmits":	0,
				"omitted":	false
			}
		}, {
			"streams":	[{
					"socket":	133,
					"start":	4.001318,
					"end":	5.001224,
					"seconds":	0.999906,
					"bytes":	1201580,
					"bits_per_second":	9613543.066628,
					"retransmits":	0,
					"snd_cwnd":	17520,
					"rtt":	434,
					"omitted":	false
				}],
			"sum":	{
				"start":	4.001318,
				"end":	5.001224,
				"seconds":	0.999906,
				"bytes":	1201580,
				"bits_per_second":	9613543.066628,
				"retransmits":	0,
				"omitted":	false
			}
		}, {
			"streams":	[{
					"socket":	133,
					"start":	5.001224,
					"end":	6.000859,
					"seconds":	0.999635,
					"bytes":	1343200,
					"bits_per_second":	10749523.778750,
					"retransmits":	0,
					"snd_cwnd":	17520,
					"rtt":	455,
					"omitted":	false
				}],
			"sum":	{
				"start":	5.001224,
				"end":	6.000859,
				"seconds":	0.999635,
				"bytes":	1343200,
				"bits_per_second":	10749523.778750,
				"retransmits":	0,
				"omitted":	false
			}
		}, {
			"streams":	[{
					"socket":	133,
					"start":	6.000859,
					"end":	7.001945,
					"seconds":	1.001086,
					"bytes":	1330060,
					"bits_per_second":	10628937.010250,
					"retransmits":	0,
					"snd_cwnd":	17520,
					"rtt":	744,
					"omitted":	false
				}],
			"sum":	{
				"start":	6.000859,
				"end":	7.001945,
				"seconds":	1.001086,
				"bytes":	1330060,
				"bits_per_second":	10628937.010250,
				"retransmits":	0,
				"omitted":	false
			}
		}, {
			"streams":	[{
					"socket":	133,
					"start":	7.001945,
					"end":	8.002329,
					"seconds":	1.000384,
					"bytes":	1172380,
					"bits_per_second":	9375441.200215,
					"retransmits":	0,
					"snd_cwnd":	17520,
					"rtt":	544,
					"omitted":	false
				}],
			"sum":	{
				"start":	7.001945,
				"end":	8.002329,
				"seconds":	1.000384,
				"bytes":	1172380,
				"bits_per_second":	9375441.200215,
				"retransmits":	0,
				"omitted":	false
			}
		}, {
			"streams":	[{
					"socket":	133,
					"start":	8.002329,
					"end":	9.000683,
					"seconds":	0.998354,
					"bytes":	1125660,
					"bits_per_second":	9020125.353440,
					"retransmits":	0,
					"snd_cwnd":	17520,
					"rtt":	468,
					"omitted":	false
				}],
			"sum":	{
				"start":	8.002329,
				"end":	9.000683,
				"seconds":	0.998354,
				"bytes":	1125660,
				"bits_per_second":	9020125.353440,
				"retransmits":	0,
				"omitted":	false
			}
		}, {
			"streams":	[{
					"socket":	133,
					"start":	9.000683,
					"end":	10.001060,
					"seconds":	1.000377,
					"bytes":	1103760,
					"bits_per_second":	8826752.845781,
					"retransmits":	0,
					"snd_cwnd":	17520,
					"rtt":	538,
					"omitted":	false
				}],
			"sum":	{
				"start":	9.000683,
				"end":	10.001060,
				"seconds":	1.000377,
				"bytes":	1103760,
				"bits_per_second":	8826752.845781,
				"retransmits":	0,
				"omitted":	false
			}
		}],
	"end":	{
		"streams":	[{
				"sender":	{
					"socket":	133,
					"start":	0,
					"end":	10.001060,
					"seconds":	10.001060,
					"bytes":	12142820,
					"bits_per_second":	9713226.389258,
					"retransmits":	0,
					"max_snd_cwnd":	17520,
					"max_rtt":	744,
					"min_rtt":	434,
					"mean_rtt":	502
				},
				"receiver":	{
					"socket":	133,
					"start":	0,
					"end":	10.001060,
					"seconds":	10.001060,
					"bytes":	11799720,
					"bits_per_second":	9438775.481302
				}
			}],
		"sum_sent":	{
			"start":	0,
			"end":	10.001060,
			"seconds":	10.001060,
			"bytes":	12142820,
			"bits_per_second":	9713226.389258,
			"retransmits":	0
		},
		"sum_received":	{
			"start":	0,
			"end":	10.001060,
			"seconds":	10.001060,
			"bytes":	11799720,
			"bits_per_second":	9438775.481302
		},
		"cpu_utilization_percent":	{
			"host_total":	123.614944,
			"host_user":	95.899657,
			"host_system":	27.781241,
			"remote_total":	0.176378,
			"remote_user":	0.050508,
			"remote_system":	0.125870
		}
	}
}
