{
	"start":	{
		"connected":	[{
				"socket":	298,
				"local_host":	"10.0.2.15",
				"local_port":	40449,
				"remote_host":	"128.61.8.181",
				"remote_port":	5201
			}],
		"version":	"iperf 3.1.3",
		"system_info":	"Linux localhost 3.18.48+ #1 SMP PREEMPT Wed Apr 19 00:58:20 UTC 2017 i686",
		"timestamp":	{
			"time":	"Fri, 08 Dec 2017 21:59:42 GMT",
			"timesecs":	1512770382
		},
		"connecting_to":	{
			"host":	"128.61.8.181",
			"port":	5201
		},
		"cookie":	"localhost.1512770382.184297.2c42bd4c",
		"tcp_mss_default":	1460,
		"test_start":	{
			"protocol":	"TCP",
			"num_streams":	1,
			"blksize":	131072,
			"omit":	0,
			"duration":	10,
			"bytes":	0,
			"blocks":	0,
			"reverse":	0
		}
	},
	"intervals":	[{
			"streams":	[{
					"socket":	298,
					"start":	0,
					"end":	1.007692,
					"seconds":	1.007692,
					"bytes":	14999712,
					"bits_per_second":	119081735.934937,
					"retransmits":	0,
					"snd_cwnd":	17520,
					"rtt":	608,
					"omitted":	false
				}],
			"sum":	{
				"start":	0,
				"end":	1.007692,
				"seconds":	1.007692,
				"bytes":	14999712,
				"bits_per_second":	119081735.934937,
				"retransmits":	0,
				"omitted":	false
			}
		}, {
			"streams":	[{
					"socket":	298,
					"start":	1.007692,
					"end":	2.008585,
					"seconds":	1.000893,
					"bytes":	17698120,
					"bits_per_second":	141458621.042589,
					"retransmits":	0,
					"snd_cwnd":	17520,
					"rtt":	513,
					"omitted":	false
				}],
			"sum":	{
				"start":	1.007692,
				"end":	2.008585,
				"seconds":	1.000893,
				"bytes":	17698120,
				"bits_per_second":	141458621.042589,
				"retransmits":	0,
				"omitted":	false
			}
		}, {
			"streams":	[{
					"socket":	298,
					"start":	2.008585,
					"end":	3.013249,
					"seconds":	1.004664,
					"bytes":	18056952,
					"bits_per_second":	143785010.726792,
					"retransmits":	0,
					"snd_cwnd":	17520,
					"rtt":	506,
					"omitted":	false
				}],
			"sum":	{
				"start":	2.008585,
				"end":	3.013249,
				"seconds":	1.004664,
				"bytes":	18056952,
				"bits_per_second":	143785010.726792,
				"retransmits":	0,
				"omitted":	false
			}
		}, {
			"streams":	[{
					"socket":	298,
					"start":	3.013249,
					"end":	4.000745,
					"seconds":	0.987496,
					"bytes":	17055720,
					"bits_per_second":	138173461.952964,
					"retransmits":	0,
					"snd_cwnd":	17520,
					"rtt":	376,
					"omitted":	false
				}],
			"sum":	{
				"start":	3.013249,
				"end":	4.000745,
				"seconds":	0.987496,
				"bytes":	17055720,
				"bits_per_second":	138173461.952964,
				"retransmits":	0,
				"omitted":	false
			}
		}, {
			"streams":	[{
					"socket":	298,
					"start":	4.000745,
					"end":	5.000601,
					"seconds":	0.999856,
					"bytes":	18266060,
					"bits_per_second":	146149526.236479,
					"retransmits":	0,
					"snd_cwnd":	17520,
					"rtt":	401,
					"omitted":	false
				}],
			"sum":	{
				"start":	4.000745,
				"end":	5.000601,
				"seconds":	0.999856,
				"bytes":	18266060,
				"bits_per_second":	146149526.236479,
				"retransmits":	0,
				"omitted":	false
			}
		}, {
			"streams":	[{
					"socket":	298,
					"start":	5.000601,
					"end":	6.017684,
					"seconds":	1.017083,
					"bytes":	22110240,
					"bits_per_second":	173911010.449871,
					"retransmits":	0,
					"snd_cwnd":	17520,
					"rtt":	10636,
					"omitted":	false
				}],
			"sum":	{
				"start":	5.000601,
				"end":	6.017684,
				"seconds":	1.017083,
				"bytes":	22110240,
				"bits_per_second":	173911010.449871,
				"retransmits":	0,
				"omitted":	false
			}
		}, {
			"streams":	[{
					"socket":	298,
					"start":	6.017684,
					"end":	7.001424,
					"seconds":	0.983740,
					"bytes":	15963640,
					"bits_per_second":	129819981.035984,
					"retransmits":	0,
					"snd_cwnd":	17520,
					"rtt":	287,
					"omitted":	false
				}],
			"sum":	{
				"start":	6.017684,
				"end":	7.001424,
				"seconds":	0.983740,
				"bytes":	15963640,
				"bits_per_second":	129819981.035984,
				"retransmits":	0,
				"omitted":	false
			}
		}, {
			"streams":	[{
					"socket":	298,
					"start":	7.001424,
					"end":	8.000617,
					"seconds":	0.999193,
					"bytes":	24247352,
					"bits_per_second":	194135492.445467,
					"retransmits":	0,
					"snd_cwnd":	17520,
					"rtt":	345,
					"omitted":	false
				}],
			"sum":	{
				"start":	7.001424,
				"end":	8.000617,
				"seconds":	0.999193,
				"bytes":	24247352,
				"bits_per_second":	194135492.445467,
				"retransmits":	0,
				"omitted":	false
			}
		}, {
			"streams":	[{
					"socket":	298,
					"start":	8.000617,
					"end":	9.011022,
					"seconds":	1.010405,
					"bytes":	18531780,
					"bits_per_second":	146727565.329177,
					"retransmits":	0,
					"snd_cwnd":	17520,
					"rtt":	408,
					"omitted":	false
				}],
			"sum":	{
				"start":	8.000617,
				"end":	9.011022,
				"seconds":	1.010405,
				"bytes":	18531780,
				"bits_per_second":	146727565.329177,
				"retransmits":	0,
				"omitted":	false
			}
		}, {
			"streams":	[{
					"socket":	298,
					"start":	9.011022,
					"end":	10.000113,
					"seconds":	0.989091,
					"bytes":	18679240,
					"bits_per_second":	151082050.228087,
					"retransmits":	0,
					"snd_cwnd":	17520,
					"rtt":	129,
					"omitted":	false
				}],
			"sum":	{
				"start":	9.011022,
				"end":	10.000113,
				"seconds":	0.989091,
				"bytes":	18679240,
				"bits_per_second":	151082050.228087,
				"retransmits":	0,
				"omitted":	false
			}
		}],
	"end":	{
		"streams":	[{
				"sender":	{
					"socket":	298,
					"start":	0,
					"end":	10.000113,
					"seconds":	10.000113,
					"bytes":	185608816,
					"bits_per_second":	148485374.760744,
					"retransmits":	0,
					"max_snd_cwnd":	17520,
					"max_rtt":	10636,
					"min_rtt":	129,
					"mean_rtt":	1420
				},
				"receiver":	{
					"socket":	298,
					"start":	0,
					"end":	10.000113,
					"seconds":	10.000113,
					"bytes":	185274476,
					"bits_per_second":	148217905.783422
				}
			}],
		"sum_sent":	{
			"start":	0,
			"end":	10.000113,
			"seconds":	10.000113,
			"bytes":	185608816,
			"bits_per_second":	148485374.760744,
			"retransmits":	0
		},
		"sum_received":	{
			"start":	0,
			"end":	10.000113,
			"seconds":	10.000113,
			"bytes":	185274476,
			"bits_per_second":	148217905.783422
		},
		"cpu_utilization_percent":	{
			"host_total":	173.571031,
			"host_user":	106.517719,
			"host_system":	66.959688,
			"remote_total":	0.193981,
			"remote_user":	0.020041,
			"remote_system":	0.173940
		}
	}
}
