{
	"end": {
		"sum_sent": {
			"start": 0,
			"end": 10.010819,
			"seconds": 10.010819,
			"bytes": 95537878.22222222,
			"bits_per_second": 76328538.65288177,
			"retransmits": 0
		},
		"sum_received": {
			"start": 0,
			"end": 10.010819,
			"seconds": 10.010819,
			"bytes": 95267652.44444443,
			"bits_per_second": 76112469.82664122
		},
		"cpu_utilization_percent": {
			"host_total": 136.87834600000002,
			"host_user": 79.79945744444444,
			"host_system": 57.07940499999999,
			"host_user_normalized": 58.31978595077985,
			"host_system_normalized": 41.67811259801898,
			"remote_total": 0.4979443333333333,
			"remote_user": 0.11992755555555557,
			"remote_system": 0.37801622222222225,
			"remote_user_normalized": 24.08476289826214,
			"remote_system_normalized": 75.91508429231155
		}
	}
}
