{
	"end": {
		"sum_sent": {
			"start": 0,
			"end": 10.001445333333335,
			"seconds": 10.001445333333335,
			"bytes": 12608560,
			"bits_per_second": 10085379.096564,
			"retransmits": 0
		},
		"sum_received": {
			"start": 0,
			"end": 10.001445333333335,
			"seconds": 10.001445333333335,
			"bytes": 12265460,
			"bits_per_second": 9810938.760911332
		},
		"cpu_utilization_percent": {
			"host_total": 124.23885066666666,
			"host_user": 97.24919166666666,
			"host_system": 27.037959333333333,
			"host_user_normalized": 78.2739409286933,
			"host_system_normalized": 21.764988217213645,
			"remote_total": 0.160929,
			"remote_user": 0.08315933333333332,
			"remote_system": 0.07776966666666667,
			"remote_user_normalized": 53.015241025195486,
			"remote_system_normalized": 46.984758974804514
		}
	}
}
