{
	"end": {
		"sum_sent": {
			"start": 0,
			"end": 10.012803,
			"seconds": 10.012803,
			"bytes": 133079536,
			"bits_per_second": 106329735.08587901,
			"retransmits": 0
		},
		"sum_received": {
			"start": 0,
			"end": 10.012803,
			"seconds": 10.012803,
			"bytes": 132763202.66666667,
			"bits_per_second": 106076982.448838
		},
		"cpu_utilization_percent": {
			"host_total": 172.476806,
			"host_user": 100.38040066666667,
			"host_system": 72.06128633333333,
			"host_user_normalized": 58.2117362647264,
			"host_system_normalized": 41.767579740363026,
			"remote_total": 0.619996,
			"remote_user": 0.06574633333333334,
			"remote_system": 0.5542503333333334,
			"remote_user_normalized": 10.594100725552385,
			"remote_system_normalized": 89.40599516751395
		}
	}
}
