{
	"start":	{
		"connected":	[{
				"socket":	259,
				"local_host":	"10.0.2.15",
				"local_port":	40441,
				"remote_host":	"128.61.8.181",
				"remote_port":	5201
			}],
		"version":	"iperf 3.1.3",
		"system_info":	"Linux localhost 3.18.48+ #1 SMP PREEMPT Wed Apr 19 00:58:20 UTC 2017 i686",
		"timestamp":	{
			"time":	"Fri, 08 Dec 2017 21:52:56 GMT",
			"timesecs":	1512769976
		},
		"connecting_to":	{
			"host":	"128.61.8.181",
			"port":	5201
		},
		"cookie":	"localhost.1512769976.950754.3f95be8e",
		"tcp_mss_default":	1460,
		"test_start":	{
			"protocol":	"TCP",
			"num_streams":	1,
			"blksize":	131072,
			"omit":	0,
			"duration":	10,
			"bytes":	0,
			"blocks":	0,
			"reverse":	0
		}
	},
	"intervals":	[{
			"streams":	[{
					"socket":	259,
					"start":	0,
					"end":	1.004014,
					"seconds":	1.004014,
					"bytes":	17772580,
					"bits_per_second":	141612206.451118,
					"retransmits":	0,
					"snd_cwnd":	17520,
					"rtt":	251,
					"omitted":	false
				}],
			"sum":	{
				"start":	0,
				"end":	1.004014,
				"seconds":	1.004014,
				"bytes":	17772580,
				"bits_per_second":	141612206.451118,
				"retransmits":	0,
				"omitted":	false
			}
		}, {
			"streams":	[{
					"socket":	259,
					"start":	1.004014,
					"end":	2.006090,
					"seconds":	1.002076,
					"bytes":	17262712,
					"bits_per_second":	137815570.343264,
					"retransmits":	0,
					"snd_cwnd":	17520,
					"rtt":	364,
					"omitted":	false
				}],
			"sum":	{
				"start":	1.004014,
				"end":	2.006090,
				"seconds":	1.002076,
				"bytes":	17262712,
				"bits_per_second":	137815570.343264,
				"retransmits":	0,
				"omitted":	false
			}
		}, {
			"streams":	[{
					"socket":	259,
					"start":	2.006090,
					"end":	3.002154,
					"seconds":	0.996064,
					"bytes":	21280960,
					"bits_per_second":	170920431.762382,
					"retransmits":	0,
					"snd_cwnd":	17520,
					"rtt":	508,
					"omitted":	false
				}],
			"sum":	{
				"start":	2.006090,
				"end":	3.002154,
				"seconds":	0.996064,
				"bytes":	21280960,
				"bits_per_second":	170920431.762382,
				"retransmits":	0,
				"omitted":	false
			}
		}, {
			"streams":	[{
					"socket":	259,
					"start":	3.002154,
					"end":	4.002492,
					"seconds":	1.000338,
					"bytes":	20833872,
					"bits_per_second":	166614647.329042,
					"retransmits":	0,
					"snd_cwnd":	17520,
					"rtt":	567,
					"omitted":	false
				}],
			"sum":	{
				"start":	3.002154,
				"end":	4.002492,
				"seconds":	1.000338,
				"bytes":	20833872,
				"bits_per_second":	166614647.329042,
				"retransmits":	0,
				"omitted":	false
			}
		}, {
			"streams":	[{
					"socket":	259,
					"start":	4.002492,
					"end":	5.014842,
					"seconds":	1.012350,
					"bytes":	21704360,
					"bits_per_second":	171516675.813922,
					"retransmits":	0,
					"snd_cwnd":	17520,
					"rtt":	635,
					"omitted":	false
				}],
			"sum":	{
				"start":	4.002492,
				"end":	5.014842,
				"seconds":	1.012350,
				"bytes":	21704360,
				"bits_per_second":	171516675.813922,
				"retransmits":	0,
				"omitted":	false
			}
		}, {
			"streams":	[{
					"socket":	259,
					"start":	5.014842,
					"end":	6.000209,
					"seconds":	0.985367,
					"bytes":	22015340,
					"bits_per_second":	178738185.191877,
					"retransmits":	0,
					"snd_cwnd":	17520,
					"rtt":	200,
					"omitted":	false
				}],
			"sum":	{
				"start":	5.014842,
				"end":	6.000209,
				"seconds":	0.985367,
				"bytes":	22015340,
				"bits_per_second":	178738185.191877,
				"retransmits":	0,
				"omitted":	false
			}
		}, {
			"streams":	[{
					"socket":	259,
					"start":	6.000209,
					"end":	7.000756,
					"seconds":	1.000547,
					"bytes":	22511740,
					"bits_per_second":	179995474.675363,
					"retransmits":	0,
					"snd_cwnd":	17520,
					"rtt":	995,
					"omitted":	false
				}],
			"sum":	{
				"start":	6.000209,
				"end":	7.000756,
				"seconds":	1.000547,
				"bytes":	22511740,
				"bits_per_second":	179995474.675363,
				"retransmits":	0,
				"omitted":	false
			}
		}, {
			"streams":	[{
					"socket":	259,
					"start":	7.000756,
					"end":	8.002380,
					"seconds":	1.001624,
					"bytes":	19293900,
					"bits_per_second":	154100923.555741,
					"retransmits":	0,
					"snd_cwnd":	17520,
					"rtt":	448,
					"omitted":	false
				}],
			"sum":	{
				"start":	7.000756,
				"end":	8.002380,
				"seconds":	1.001624,
				"bytes":	19293900,
				"bits_per_second":	154100923.555741,
				"retransmits":	0,
				"omitted":	false
			}
		}, {
			"streams":	[{
					"socket":	259,
					"start":	8.002380,
					"end":	9.006188,
					"seconds":	1.003808,
					"bytes":	25599640,
					"bits_per_second":	204020206.657350,
					"retransmits":	0,
					"snd_cwnd":	17520,
					"rtt":	5172,
					"omitted":	false
				}],
			"sum":	{
				"start":	8.002380,
				"end":	9.006188,
				"seconds":	1.003808,
				"bytes":	25599640,
				"bits_per_second":	204020206.657350,
				"retransmits":	0,
				"omitted":	false
			}
		}, {
			"streams":	[{
					"socket":	259,
					"start":	9.006188,
					"end":	10.021011,
					"seconds":	1.014823,
					"bytes":	18518640,
					"bits_per_second":	145985187.420881,
					"retransmits":	0,
					"snd_cwnd":	17520,
					"rtt":	5316,
					"omitted":	false
				}],
			"sum":	{
				"start":	9.006188,
				"end":	10.021011,
				"seconds":	1.014823,
				"bytes":	18518640,
				"bits_per_second":	145985187.420881,
				"retransmits":	0,
				"omitted":	false
			}
		}],
	"end":	{
		"streams":	[{
				"sender":	{
					"socket":	259,
					"start":	0,
					"end":	10.021011,
					"seconds":	10.021011,
					"bytes":	206793744,
					"bits_per_second":	165088126.653096,
					"retransmits":	0,
					"max_snd_cwnd":	17520,
					"max_rtt":	5316,
					"min_rtt":	200,
					"mean_rtt":	1445
				},
				"receiver":	{
					"socket":	259,
					"start":	0,
					"end":	10.021011,
					"seconds":	10.021011,
					"bytes":	206459404,
					"bits_per_second":	164821215.463243
				}
			}],
		"sum_sent":	{
			"start":	0,
			"end":	10.021011,
			"seconds":	10.021011,
			"bytes":	206793744,
			"bits_per_second":	165088126.653096,
			"retransmits":	0
		},
		"sum_received":	{
			"start":	0,
			"end":	10.021011,
			"seconds":	10.021011,
			"bytes":	206459404,
			"bits_per_second":	164821215.463243
		},
		"cpu_utilization_percent":	{
			"host_total":	165.757435,
			"host_user":	110.733660,
			"host_system":	54.969223,
			"remote_total":	0.968813,
			"remote_user":	0.099027,
			"remote_system":	0.869786
		}
	}
}
