{
	"end": {
		"sum_sent": {
			"start": 0,
			"end": 10.008487666666667,
			"seconds": 10.008487666666667,
			"bytes": 167267333.33333334,
			"bits_per_second": 133688214.22178334,
			"retransmits": 0
		},
		"sum_received": {
			"start": 0,
			"end": 10.008487666666667,
			"seconds": 10.008487666666667,
			"bytes": 166952460,
			"bits_per_second": 133436532.25180699
		},
		"cpu_utilization_percent": {
			"host_total": 157.74021133333335,
			"host_user": 105.65469966666667,
			"host_system": 52.07638,
			"host_user_normalized": 66.9315372813642,
			"host_system_normalized": 33.06193920994155,
			"remote_total": 0.7445916666666667,
			"remote_user": 0.07028266666666667,
			"remote_system": 0.6743086666666667,
			"remote_user_normalized": 9.431895310711843,
			"remote_system_normalized": 90.56806293179893
		}
	}
}
