{
	"end": {
		"sum_sent": {
			"start": 0,
			"end": 10.042209999999999,
			"seconds": 10.042209999999999,
			"bytes": 119930813.33333333,
			"bits_per_second": 95536192.46819933,
			"retransmits": 0
		},
		"sum_received": {
			"start": 0,
			"end": 10.042209999999999,
			"seconds": 10.042209999999999,
			"bytes": 119819366.66666667,
			"bits_per_second": 95447116.53341098
		},
		"cpu_utilization_percent": {
			"host_total": 147.85067733333332,
			"host_user": 54.9241,
			"host_system": 92.91495199999999,
			"host_user_normalized": 37.190385633580284,
			"host_system_normalized": 62.80148885449554,
			"remote_total": 2.8476806666666667,
			"remote_user": 1.012234,
			"remote_system": 1.8354463333333333,
			"remote_user_normalized": 35.3864390102327,
			"remote_system_normalized": 64.61354793833958
		}
	}
}
