{
	"end": {
		"sum_sent": {
			"start": 0,
			"end": 10.044239000000001,
			"seconds": 10.044239000000001,
			"bytes": 123962993.33333333,
			"bits_per_second": 98731237.11990534,
			"retransmits": 0
		},
		"sum_received": {
			"start": 0,
			"end": 10.044239000000001,
			"seconds": 10.044239000000001,
			"bytes": 123853493.33333333,
			"bits_per_second": 98643644.995107
		},
		"cpu_utilization_percent": {
			"host_total": 146.5231706666667,
			"host_user": 52.793899333333336,
			"host_system": 93.73123266666668,
			"host_user_normalized": 35.96133769534624,
			"host_system_normalized": 64.03905958813385,
			"remote_total": 2.726456,
			"remote_user": 1.0564086666666668,
			"remote_system": 1.6700476666666668,
			"remote_user_normalized": 38.64065378010482,
			"remote_system_normalized": 61.359361187875685
		}
	}
}
