{
	"end": {
		"sum_sent": {
			"start": 0,
			"end": 10.010525666666666,
			"seconds": 10.010525666666666,
			"bytes": 97509993.33333333,
			"bits_per_second": 77931061.08646433,
			"retransmits": 0
		},
		"sum_received": {
			"start": 0,
			"end": 10.010525666666666,
			"seconds": 10.010525666666666,
			"bytes": 97193173.33333333,
			"bits_per_second": 77677880.56128366
		},
		"cpu_utilization_percent": {
			"host_total": 123.33887399999999,
			"host_user": 76.39623166666667,
			"host_system": 46.93321866666667,
			"host_user_normalized": 56.10666610109637,
			"host_system_normalized": 43.9169101071156,
			"remote_total": 0.5578949999999999,
			"remote_user": 0.054456,
			"remote_system": 0.5034396666666666,
			"remote_user_normalized": 9.765097263916724,
			"remote_system_normalized": 90.23502716912706
		}
	}
}
