{
	"start":	{
		"connected":	[{
				"socket":	608,
				"local_host":	"10.0.2.15",
				"local_port":	50026,
				"remote_host":	"128.61.92.187",
				"remote_port":	5201
			}],
		"version":	"iperf 3.1.3",
		"system_info":	"Linux localhost 3.18.56+ #1 SMP PREEMPT Fri Oct 13 14:54:31 PDT 2017 i686",
		"timestamp":	{
			"time":	"Thu, 07 Dec 2017 06:55:28 GMT",
			"timesecs":	1512629728
		},
		"connecting_to":	{
			"host":	"128.61.92.187",
			"port":	5201
		},
		"cookie":	"localhost.1512629728.529977.2edb829a",
		"tcp_mss_default":	1460,
		"test_start":	{
			"protocol":	"TCP",
			"num_streams":	1,
			"blksize":	131072,
			"omit":	0,
			"duration":	10,
			"bytes":	0,
			"blocks":	0,
			"reverse":	0
		}
	},
	"intervals":	[{
			"streams":	[{
					"socket":	608,
					"start":	0,
					"end":	1.018091,
					"seconds":	1.018091,
					"bytes":	11372076,
					"bits_per_second":	89359999.522464,
					"retransmits":	0,
					"snd_cwnd":	17520,
					"rtt":	438,
					"omitted":	false
				}],
			"sum":	{
				"start":	0,
				"end":	1.018091,
				"seconds":	1.018091,
				"bytes":	11372076,
				"bits_per_second":	89359999.522464,
				"retransmits":	0,
				"omitted":	false
			}
		}, {
			"streams":	[{
					"socket":	608,
					"start":	1.018091,
					"end":	2.050593,
					"seconds":	1.032502,
					"bytes":	12308464,
					"bits_per_second":	95368043.228938,
					"retransmits":	0,
					"snd_cwnd":	17520,
					"rtt":	462,
					"omitted":	false
				}],
			"sum":	{
				"start":	1.018091,
				"end":	2.050593,
				"seconds":	1.032502,
				"bytes":	12308464,
				"bits_per_second":	95368043.228938,
				"retransmits":	0,
				"omitted":	false
			}
		}, {
			"streams":	[{
					"socket":	608,
					"start":	2.050593,
					"end":	3.020544,
					"seconds":	0.969951,
					"bytes":	11571016,
					"bits_per_second":	95435889.205682,
					"retransmits":	0,
					"snd_cwnd":	17520,
					"rtt":	451,
					"omitted":	false
				}],
			"sum":	{
				"start":	2.050593,
				"end":	3.020544,
				"seconds":	0.969951,
				"bytes":	11571016,
				"bits_per_second":	95435889.205682,
				"retransmits":	0,
				"omitted":	false
			}
		}, {
			"streams":	[{
					"socket":	608,
					"start":	3.020544,
					"end":	4.013397,
					"seconds":	0.992853,
					"bytes":	12861180,
					"bits_per_second":	103630091.909151,
					"retransmits":	0,
					"snd_cwnd":	17520,
					"rtt":	454,
					"omitted":	false
				}],
			"sum":	{
				"start":	3.020544,
				"end":	4.013397,
				"seconds":	0.992853,
				"bytes":	12861180,
				"bits_per_second":	103630091.909151,
				"retransmits":	0,
				"omitted":	false
			}
		}, {
			"streams":	[{
					"socket":	608,
					"start":	4.013397,
					"end":	5.036516,
					"seconds":	1.023119,
					"bytes":	12927472,
					"bits_per_second":	101082820.914890,
					"retransmits":	0,
					"snd_cwnd":	17520,
					"rtt":	539,
					"omitted":	false
				}],
			"sum":	{
				"start":	4.013397,
				"end":	5.036516,
				"seconds":	1.023119,
				"bytes":	12927472,
				"bits_per_second":	101082820.914890,
				"retransmits":	0,
				"omitted":	false
			}
		}, {
			"streams":	[{
					"socket":	608,
					"start":	5.036516,
					"end":	6.003786,
					"seconds":	0.967270,
					"bytes":	11491520,
					"bits_per_second":	95042924.670064,
					"retransmits":	0,
					"snd_cwnd":	17520,
					"rtt":	508,
					"omitted":	false
				}],
			"sum":	{
				"start":	5.036516,
				"end":	6.003786,
				"seconds":	0.967270,
				"bytes":	11491520,
				"bits_per_second":	95042924.670064,
				"retransmits":	0,
				"omitted":	false
			}
		}, {
			"streams":	[{
					"socket":	608,
					"start":	6.003786,
					"end":	7.077379,
					"seconds":	1.073593,
					"bytes":	13254544,
					"bits_per_second":	98767746.953738,
					"retransmits":	0,
					"snd_cwnd":	20440,
					"rtt":	458,
					"omitted":	false
				}],
			"sum":	{
				"start":	6.003786,
				"end":	7.077379,
				"seconds":	1.073593,
				"bytes":	13254544,
				"bits_per_second":	98767746.953738,
				"retransmits":	0,
				"omitted":	false
			}
		}, {
			"streams":	[{
					"socket":	608,
					"start":	7.077379,
					"end":	8.088091,
					"seconds":	1.010712,
					"bytes":	10577328,
					"bits_per_second":	83721783.963258,
					"retransmits":	0,
					"snd_cwnd":	20440,
					"rtt":	485,
					"omitted":	false
				}],
			"sum":	{
				"start":	7.077379,
				"end":	8.088091,
				"seconds":	1.010712,
				"bytes":	10577328,
				"bits_per_second":	83721783.963258,
				"retransmits":	0,
				"omitted":	false
			}
		}, {
			"streams":	[{
					"socket":	608,
					"start":	8.088091,
					"end":	9.100581,
					"seconds":	1.012490,
					"bytes":	11040444,
					"bits_per_second":	87233996.409865,
					"retransmits":	0,
					"snd_cwnd":	20440,
					"rtt":	604,
					"omitted":	false
				}],
			"sum":	{
				"start":	8.088091,
				"end":	9.100581,
				"seconds":	1.012490,
				"bytes":	11040444,
				"bits_per_second":	87233996.409865,
				"retransmits":	0,
				"omitted":	false
			}
		}, {
			"streams":	[{
					"socket":	608,
					"start":	9.100581,
					"end":	10.009138,
					"seconds":	0.908557,
					"bytes":	9670552,
					"bits_per_second":	85150872.498655,
					"retransmits":	0,
					"snd_cwnd":	20440,
					"rtt":	654,
					"omitted":	false
				}],
			"sum":	{
				"start":	9.100581,
				"end":	10.009138,
				"seconds":	0.908557,
				"bytes":	9670552,
				"bits_per_second":	85150872.498655,
				"retransmits":	0,
				"omitted":	false
			}
		}],
	"end":	{
		"streams":	[{
				"sender":	{
					"socket":	608,
					"start":	0,
					"end":	10.009138,
					"seconds":	10.009138,
					"bytes":	117074596,
					"bits_per_second":	93574167.721487,
					"retransmits":	0,
					"max_snd_cwnd":	20440,
					"max_rtt":	654,
					"min_rtt":	438,
					"mean_rtt":	505
				},
				"receiver":	{
					"socket":	608,
					"start":	0,
					"end":	10.009138,
					"seconds":	10.009138,
					"bytes":	116740256,
					"bits_per_second":	93306939.917122
				}
			}],
		"sum_sent":	{
			"start":	0,
			"end":	10.009138,
			"seconds":	10.009138,
			"bytes":	117074596,
			"bits_per_second":	93574167.721487,
			"retransmits":	0
		},
		"sum_received":	{
			"start":	0,
			"end":	10.009138,
			"seconds":	10.009138,
			"bytes":	116740256,
			"bits_per_second":	93306939.917122
		},
		"cpu_utilization_percent":	{
			"host_total":	144.440311,
			"host_user":	57.480285,
			"host_system":	86.964990,
			"remote_total":	2.553999,
			"remote_user":	0.900465,
			"remote_system":	1.653533
		}
	}
}
