{
	"start":	{
		"connected":	[{
				"socket":	89,
				"local_host":	"10.0.2.15",
				"local_port":	54074,
				"remote_host":	"10.0.0.252",
				"remote_port":	5201
			}],
		"version":	"iperf 3.1.3",
		"system_info":	"Linux localhost 3.18.56+ #1 SMP PREEMPT Fri Oct 13 14:54:31 PDT 2017 i686",
		"timestamp":	{
			"time":	"Thu, 07 Dec 2017 07:14:25 GMT",
			"timesecs":	1512630865
		},
		"connecting_to":	{
			"host":	"10.0.0.252",
			"port":	5201
		},
		"cookie":	"localhost.1512630865.754524.3925adb0",
		"tcp_mss_default":	1460,
		"test_start":	{
			"protocol":	"TCP",
			"num_streams":	1,
			"blksize":	131072,
			"omit":	0,
			"duration":	10,
			"bytes":	0,
			"blocks":	0,
			"reverse":	0
		}
	},
	"intervals":	[{
			"streams":	[{
					"socket":	89,
					"start":	0,
					"end":	1.001576,
					"seconds":	1.001576,
					"bytes":	1492120,
					"bits_per_second":	11918177.586078,
					"retransmits":	0,
					"snd_cwnd":	17520,
					"rtt":	493,
					"omitted":	false
				}],
			"sum":	{
				"start":	0,
				"end":	1.001576,
				"seconds":	1.001576,
				"bytes":	1492120,
				"bits_per_second":	11918177.586078,
				"retransmits":	0,
				"omitted":	false
			}
		}, {
			"streams":	[{
					"socket":	89,
					"start":	1.001576,
					"end":	2.000631,
					"seconds":	0.999055,
					"bytes":	1296480,
					"bits_per_second":	10381649.130550,
					"retransmits":	0,
					"snd_cwnd":	17520,
					"rtt":	423,
					"omitted":	false
				}],
			"sum":	{
				"start":	1.001576,
				"end":	2.000631,
				"seconds":	0.999055,
				"bytes":	1296480,
				"bits_per_second":	10381649.130550,
				"retransmits":	0,
				"omitted":	false
			}
		}, {
			"streams":	[{
					"socket":	89,
					"start":	2.000631,
					"end":	3.000926,
					"seconds":	1.000295,
					"bytes":	1100840,
					"bits_per_second":	8804123.454611,
					"retransmits":	0,
					"snd_cwnd":	17520,
					"rtt":	470,
					"omitted":	false
				}],
			"sum":	{
				"start":	2.000631,
				"end":	3.000926,
				"seconds":	1.000295,
				"bytes":	1100840,
				"bits_per_second":	8804123.454611,
				"retransmits":	0,
				"omitted":	false
			}
		}, {
			"streams":	[{
					"socket":	89,
					"start":	3.000926,
					"end":	4.000705,
					"seconds":	0.999779,
					"bytes":	1296480,
					"bits_per_second":	10374132.828830,
					"retransmits":	0,
					"snd_cwnd":	17520,
					"rtt":	490,
					"omitted":	false
				}],
			"sum":	{
				"start":	3.000926,
				"end":	4.000705,
				"seconds":	0.999779,
				"bytes":	1296480,
				"bits_per_second":	10374132.828830,
				"retransmits":	0,
				"omitted":	false
			}
		}, {
			"streams":	[{
					"socket":	89,
					"start":	4.000705,
					"end":	5.000688,
					"seconds":	0.999983,
					"bytes":	1109600,
					"bits_per_second":	8876950.266521,
					"retransmits":	0,
					"snd_cwnd":	17520,
					"rtt":	546,
					"omitted":	false
				}],
			"sum":	{
				"start":	4.000705,
				"end":	5.000688,
				"seconds":	0.999983,
				"bytes":	1109600,
				"bits_per_second":	8876950.266521,
				"retransmits":	0,
				"omitted":	false
			}
		}, {
			"streams":	[{
					"socket":	89,
					"start":	5.000688,
					"end":	6.001544,
					"seconds":	1.000856,
					"bytes":	1283340,
					"bits_per_second":	10257939.996312,
					"retransmits":	0,
					"snd_cwnd":	17520,
					"rtt":	436,
					"omitted":	false
				}],
			"sum":	{
				"start":	5.000688,
				"end":	6.001544,
				"seconds":	1.000856,
				"bytes":	1283340,
				"bits_per_second":	10257939.996312,
				"retransmits":	0,
				"omitted":	false
			}
		}, {
			"streams":	[{
					"socket":	89,
					"start":	6.001544,
					"end":	7.000536,
					"seconds":	0.998992,
					"bytes":	1205960,
					"bits_per_second":	9657415.000282,
					"retransmits":	0,
					"snd_cwnd":	17520,
					"rtt":	343,
					"omitted":	false
				}],
			"sum":	{
				"start":	6.001544,
				"end":	7.000536,
				"seconds":	0.998992,
				"bytes":	1205960,
				"bits_per_second":	9657415.000282,
				"retransmits":	0,
				"omitted":	false
			}
		}, {
			"streams":	[{
					"socket":	89,
					"start":	7.000536,
					"end":	8.004560,
					"seconds":	1.004024,
					"bytes":	1362180,
					"bits_per_second":	10853764.140747,
					"retransmits":	0,
					"snd_cwnd":	17520,
					"rtt":	1138,
					"omitted":	false
				}],
			"sum":	{
				"start":	7.000536,
				"end":	8.004560,
				"seconds":	1.004024,
				"bytes":	1362180,
				"bits_per_second":	10853764.140747,
				"retransmits":	0,
				"omitted":	false
			}
		}, {
			"streams":	[{
					"socket":	89,
					"start":	8.004560,
					"end":	9.003919,
					"seconds":	0.999359,
					"bytes":	1585560,
					"bits_per_second":	12692614.304822,
					"retransmits":	0,
					"snd_cwnd":	17520,
					"rtt":	1659,
					"omitted":	false
				}],
			"sum":	{
				"start":	8.004560,
				"end":	9.003919,
				"seconds":	0.999359,
				"bytes":	1585560,
				"bits_per_second":	12692614.304822,
				"retransmits":	0,
				"omitted":	false
			}
		}, {
			"streams":	[{
					"socket":	89,
					"start":	9.003919,
					"end":	10.000507,
					"seconds":	0.996588,
					"bytes":	1423500,
					"bits_per_second":	11426988.981082,
					"retransmits":	0,
					"snd_cwnd":	17520,
					"rtt":	397,
					"omitted":	false
				}],
			"sum":	{
				"start":	9.003919,
				"end":	10.000507,
				"seconds":	0.996588,
				"bytes":	1423500,
				"bits_per_second":	11426988.981082,
				"retransmits":	0,
				"omitted":	false
			}
		}],
	"end":	{
		"streams":	[{
				"sender":	{
					"socket":	89,
					"start":	0,
					"end":	10.000507,
					"seconds":	10.000507,
					"bytes":	13156060,
					"bits_per_second":	10524314.294849,
					"retransmits":	0,
					"max_snd_cwnd":	17520,
					"max_rtt":	1659,
					"min_rtt":	343,
					"mean_rtt":	639
				},
				"receiver":	{
					"socket":	89,
					"start":	0,
					"end":	10.000507,
					"seconds":	10.000507,
					"bytes":	12734120,
					"bits_per_second":	10186779.411793
				}
			}],
		"sum_sent":	{
			"start":	0,
			"end":	10.000507,
			"seconds":	10.000507,
			"bytes":	13156060,
			"bits_per_second":	10524314.294849,
			"retransmits":	0
		},
		"sum_received":	{
			"start":	0,
			"end":	10.000507,
			"seconds":	10.000507,
			"bytes":	12734120,
			"bits_per_second":	10186779.411793
		},
		"cpu_utilization_percent":	{
			"host_total":	121.560874,
			"host_user":	90.002351,
			"host_system":	31.550275,
			"remote_total":	0.129561,
			"remote_user":	0.081498,
			"remote_system":	0.048063
		}
	}
}
