{
	"start":	{
		"connected":	[{
				"socket":	119,
				"local_host":	"10.0.2.15",
				"local_port":	53852,
				"remote_host":	"10.0.0.252",
				"remote_port":	5201
			}],
		"version":	"iperf 3.1.3",
		"system_info":	"Linux localhost 3.18.56+ #1 SMP PREEMPT Fri Oct 13 14:54:31 PDT 2017 i686",
		"timestamp":	{
			"time":	"Thu, 07 Dec 2017 05:38:30 GMT",
			"timesecs":	1512625110
		},
		"connecting_to":	{
			"host":	"10.0.0.252",
			"port":	5201
		},
		"cookie":	"localhost.1512625110.632067.6a73a83d",
		"tcp_mss_default":	1460,
		"test_start":	{
			"protocol":	"TCP",
			"num_streams":	1,
			"blksize":	131072,
			"omit":	0,
			"duration":	10,
			"bytes":	0,
			"blocks":	0,
			"reverse":	0
		}
	},
	"intervals":	[{
			"streams":	[{
					"socket":	119,
					"start":	0,
					"end":	1.001355,
					"seconds":	1.001355,
					"bytes":	1351960,
					"bits_per_second":	10801045.309597,
					"retransmits":	0,
					"snd_cwnd":	17520,
					"rtt":	383,
					"omitted":	false
				}],
			"sum":	{
				"start":	0,
				"end":	1.001355,
				"seconds":	1.001355,
				"bytes":	1351960,
				"bits_per_second":	10801045.309597,
				"retransmits":	0,
				"omitted":	false
			}
		}, {
			"streams":	[{
					"socket":	119,
					"start":	1.001355,
					"end":	2.001662,
					"seconds":	1.000307,
					"bytes":	1321300,
					"bits_per_second":	10567155.004967,
					"retransmits":	0,
					"snd_cwnd":	17520,
					"rtt":	507,
					"omitted":	false
				}],
			"sum":	{
				"start":	1.001355,
				"end":	2.001662,
				"seconds":	1.000307,
				"bytes":	1321300,
				"bits_per_second":	10567155.004967,
				"retransmits":	0,
				"omitted":	false
			}
		}, {
			"streams":	[{
					"socket":	119,
					"start":	2.001662,
					"end":	3.001806,
					"seconds":	1.000144,
					"bytes":	1261440,
					"bits_per_second":	10090066.981703,
					"retransmits":	0,
					"snd_cwnd":	17520,
					"rtt":	502,
					"omitted":	false
				}],
			"sum":	{
				"start":	2.001662,
				"end":	3.001806,
				"seconds":	1.000144,
				"bytes":	1261440,
				"bits_per_second":	10090066.981703,
				"retransmits":	0,
				"omitted":	false
			}
		}, {
			"streams":	[{
					"socket":	119,
					"start":	3.001806,
					"end":	4.003167,
					"seconds":	1.001361,
					"bytes":	1184060,
					"bits_per_second":	9459606.485391,
					"retransmits":	0,
					"snd_cwnd":	17520,
					"rtt":	481,
					"omitted":	false
				}],
			"sum":	{
				"start":	3.001806,
				"end":	4.003167,
				"seconds":	1.001361,
				"bytes":	1184060,
				"bits_per_second":	9459606.485391,
				"retransmits":	0,
				"omitted":	false
			}
		}, {
			"streams":	[{
					"socket":	119,
					"start":	4.003167,
					"end":	5.002935,
					"seconds":	0.999768,
					"bytes":	1468760,
					"bits_per_second":	11752806.431050,
					"retransmits":	0,
					"snd_cwnd":	17520,
					"rtt":	481,
					"omitted":	false
				}],
			"sum":	{
				"start":	4.003167,
				"end":	5.002935,
				"seconds":	0.999768,
				"bytes":	1468760,
				"bits_per_second":	11752806.431050,
				"retransmits":	0,
				"omitted":	false
			}
		}, {
			"streams":	[{
					"socket":	119,
					"start":	5.002935,
					"end":	6.001464,
					"seconds":	0.998529,
					"bytes":	1299400,
					"bits_per_second":	10410514.310383,
					"retransmits":	0,
					"snd_cwnd":	17520,
					"rtt":	499,
					"omitted":	false
				}],
			"sum":	{
				"start":	5.002935,
				"end":	6.001464,
				"seconds":	0.998529,
				"bytes":	1299400,
				"bits_per_second":	10410514.310383,
				"retransmits":	0,
				"omitted":	false
			}
		}, {
			"streams":	[{
					"socket":	119,
					"start":	6.001464,
					"end":	7.002355,
					"seconds":	1.000891,
					"bytes":	1267280,
					"bits_per_second":	10129212.757986,
					"retransmits":	0,
					"snd_cwnd":	17520,
					"rtt":	462,
					"omitted":	false
				}],
			"sum":	{
				"start":	6.001464,
				"end":	7.002355,
				"seconds":	1.000891,
				"bytes":	1267280,
				"bits_per_second":	10129212.757986,
				"retransmits":	0,
				"omitted":	false
			}
		}, {
			"streams":	[{
					"socket":	119,
					"start":	7.002355,
					"end":	8.001240,
					"seconds":	0.998885,
					"bytes":	1258520,
					"bits_per_second":	10079399.373892,
					"retransmits":	0,
					"snd_cwnd":	17520,
					"rtt":	560,
					"omitted":	false
				}],
			"sum":	{
				"start":	7.002355,
				"end":	8.001240,
				"seconds":	0.998885,
				"bytes":	1258520,
				"bits_per_second":	10079399.373892,
				"retransmits":	0,
				"omitted":	false
			}
		}, {
			"streams":	[{
					"socket":	119,
					"start":	8.001240,
					"end":	9.002180,
					"seconds":	1.000940,
					"bytes":	1338820,
					"bits_per_second":	10700500.625675,
					"retransmits":	0,
					"snd_cwnd":	17520,
					"rtt":	418,
					"omitted":	false
				}],
			"sum":	{
				"start":	8.001240,
				"end":	9.002180,
				"seconds":	1.000940,
				"bytes":	1338820,
				"bits_per_second":	10700500.625675,
				"retransmits":	0,
				"omitted":	false
			}
		}, {
			"streams":	[{
					"socket":	119,
					"start":	9.002180,
					"end":	10.002918,
					"seconds":	1.000738,
					"bytes":	1506720,
					"bits_per_second":	12044872.022660,
					"retransmits":	0,
					"snd_cwnd":	17520,
					"rtt":	975,
					"omitted":	false
				}],
			"sum":	{
				"start":	9.002180,
				"end":	10.002918,
				"seconds":	1.000738,
				"bytes":	1506720,
				"bits_per_second":	12044872.022660,
				"retransmits":	0,
				"omitted":	false
			}
		}],
	"end":	{
		"streams":	[{
				"sender":	{
					"socket":	119,
					"start":	0,
					"end":	10.002918,
					"seconds":	10.002918,
					"bytes":	13258260,
					"bits_per_second":	10603513.889356,
					"retransmits":	0,
					"max_snd_cwnd":	17520,
					"max_rtt":	975,
					"min_rtt":	383,
					"mean_rtt":	526
				},
				"receiver":	{
					"socket":	119,
					"start":	0,
					"end":	10.002918,
					"seconds":	10.002918,
					"bytes":	12910780,
					"bits_per_second":	10325610.981563
				}
			}],
		"sum_sent":	{
			"start":	0,
			"end":	10.002918,
			"seconds":	10.002918,
			"bytes":	13258260,
			"bits_per_second":	10603513.889356,
			"retransmits":	0
		},
		"sum_received":	{
			"start":	0,
			"end":	10.002918,
			"seconds":	10.002918,
			"bytes":	12910780,
			"bits_per_second":	10325610.981563
		},
		"cpu_utilization_percent":	{
			"host_total":	118.591431,
			"host_user":	86.926149,
			"host_system":	31.672297,
			"remote_total":	0.123939,
			"remote_user":	0.054887,
			"remote_system":	0.069052
		}
	}
}
