{
	"end": {
		"sum_sent": {
			"start": 0,
			"end": 10.003829666666666,
			"seconds": 10.003829666666666,
			"bytes": 265029010.66666666,
			"bits_per_second": 211942515.64867663,
			"retransmits": 0
		},
		"sum_received": {
			"start": 0,
			"end": 10.003829666666666,
			"seconds": 10.003829666666666,
			"bytes": 264862084,
			"bits_per_second": 211809003.27621368
		},
		"cpu_utilization_percent": {
			"host_total": 174.8121746666667,
			"host_user": 107.47943066666666,
			"host_system": 67.30744866666667,
			"host_user_normalized": 61.48709062349377,
			"host_system_normalized": 38.49846106190459,
			"remote_total": 0.6473736666666666,
			"remote_user": 0.06592466666666667,
			"remote_system": 0.581449,
			"remote_user_normalized": 10.163887543714566,
			"remote_system_normalized": 89.83611245628543
		}
	}
}
