{
	"end": {
		"sum_sent": {
			"start": 0,
			"end": 10.005973333333335,
			"seconds": 10.005973333333335,
			"bytes": 150069020,
			"bits_per_second": 119990542.93821867,
			"retransmits": 0
		},
		"sum_received": {
			"start": 0,
			"end": 10.005973333333335,
			"seconds": 10.005973333333335,
			"bytes": 149758040,
			"bits_per_second": 119741915.71236867
		},
		"cpu_utilization_percent": {
			"host_total": 163.6744886666667,
			"host_user": 110.03751966666668,
			"host_system": 53.654802,
			"host_user_normalized": 67.21498770705263,
			"host_system_normalized": 32.79568000881645,
			"remote_total": 0.725499,
			"remote_user": 0.068725,
			"remote_system": 0.6567743333333333,
			"remote_user_normalized": 9.46220823823454,
			"remote_system_normalized": 90.5378425706686
		}
	}
}
