{
	"start":	{
		"connected":	[{
				"socket":	773,
				"local_host":	"10.0.2.15",
				"local_port":	58985,
				"remote_host":	"192.168.1.4",
				"remote_port":	5201
			}],
		"version":	"iperf 3.1.3",
		"system_info":	"Linux localhost 3.18.48+ #1 SMP PREEMPT Wed Apr 19 00:58:20 UTC 2017 i686",
		"timestamp":	{
			"time":	"Thu, 07 Dec 2017 04:30:55 GMT",
			"timesecs":	1512621055
		},
		"connecting_to":	{
			"host":	"192.168.1.4",
			"port":	5201
		},
		"cookie":	"localhost.1512621055.852315.6547b3b0",
		"tcp_mss_default":	1460,
		"test_start":	{
			"protocol":	"TCP",
			"num_streams":	1,
			"blksize":	131072,
			"omit":	0,
			"duration":	10,
			"bytes":	0,
			"blocks":	0,
			"reverse":	0
		}
	},
	"intervals":	[{
			"streams":	[{
					"socket":	773,
					"start":	0,
					"end":	1.007124,
					"seconds":	1.007124,
					"bytes":	37290664,
					"bits_per_second":	296215091.346127,
					"retransmits":	0,
					"snd_cwnd":	17520,
					"rtt":	10181,
					"omitted":	false
				}],
			"sum":	{
				"start":	0,
				"end":	1.007124,
				"seconds":	1.007124,
				"bytes":	37290664,
				"bits_per_second":	296215091.346127,
				"retransmits":	0,
				"omitted":	false
			}
		}, {
			"streams":	[{
					"socket":	773,
					"start":	1.007124,
					"end":	2.016947,
					"seconds":	1.009823,
					"bytes":	37489880,
					"bits_per_second":	297001568.679097,
					"retransmits":	0,
					"snd_cwnd":	17520,
					"rtt":	10081,
					"omitted":	false
				}],
			"sum":	{
				"start":	1.007124,
				"end":	2.016947,
				"seconds":	1.009823,
				"bytes":	37489880,
				"bits_per_second":	297001568.679097,
				"retransmits":	0,
				"omitted":	false
			}
		}, {
			"streams":	[{
					"socket":	773,
					"start":	2.016947,
					"end":	3.000488,
					"seconds":	0.983541,
					"bytes":	38622840,
					"bits_per_second":	314153366.549797,
					"retransmits":	0,
					"snd_cwnd":	17520,
					"rtt":	159,
					"omitted":	false
				}],
			"sum":	{
				"start":	2.016947,
				"end":	3.000488,
				"seconds":	0.983541,
				"bytes":	38622840,
				"bits_per_second":	314153366.549797,
				"retransmits":	0,
				"omitted":	false
			}
		}, {
			"streams":	[{
					"socket":	773,
					"start":	3.000488,
					"end":	4.017201,
					"seconds":	1.016713,
					"bytes":	38145420,
					"bits_per_second":	300147031.483994,
					"retransmits":	0,
					"snd_cwnd":	17520,
					"rtt":	4899,
					"omitted":	false
				}],
			"sum":	{
				"start":	3.000488,
				"end":	4.017201,
				"seconds":	1.016713,
				"bytes":	38145420,
				"bits_per_second":	300147031.483994,
				"retransmits":	0,
				"omitted":	false
			}
		}, {
			"streams":	[{
					"socket":	773,
					"start":	4.017201,
					"end":	5.014441,
					"seconds":	0.997240,
					"bytes":	34022380,
					"bits_per_second":	272932315.031759,
					"retransmits":	0,
					"snd_cwnd":	17520,
					"rtt":	11723,
					"omitted":	false
				}],
			"sum":	{
				"start":	4.017201,
				"end":	5.014441,
				"seconds":	0.997240,
				"bytes":	34022380,
				"bits_per_second":	272932315.031759,
				"retransmits":	0,
				"omitted":	false
			}
		}, {
			"streams":	[{
					"socket":	773,
					"start":	5.014441,
					"end":	6.000351,
					"seconds":	0.985910,
					"bytes":	31350252,
					"bits_per_second":	254386335.025840,
					"retransmits":	0,
					"snd_cwnd":	17520,
					"rtt":	133,
					"omitted":	false
				}],
			"sum":	{
				"start":	5.014441,
				"end":	6.000351,
				"seconds":	0.985910,
				"bytes":	31350252,
				"bits_per_second":	254386335.025840,
				"retransmits":	0,
				"omitted":	false
			}
		}, {
			"streams":	[{
					"socket":	773,
					"start":	6.000351,
					"end":	7.193961,
					"seconds":	1.193610,
					"bytes":	25074844,
					"bits_per_second":	168060522.149130,
					"retransmits":	0,
					"snd_cwnd":	17520,
					"rtt":	443,
					"omitted":	false
				}],
			"sum":	{
				"start":	6.000351,
				"end":	7.193961,
				"seconds":	1.193610,
				"bytes":	25074844,
				"bits_per_second":	168060522.149130,
				"retransmits":	0,
				"omitted":	false
			}
		}, {
			"streams":	[{
					"socket":	773,
					"start":	7.193961,
					"end":	8.000268,
					"seconds":	0.806307,
					"bytes":	67361300,
					"bits_per_second":	668344076.896983,
					"retransmits":	0,
					"snd_cwnd":	17520,
					"rtt":	261,
					"omitted":	false
				}],
			"sum":	{
				"start":	7.193961,
				"end":	8.000268,
				"seconds":	0.806307,
				"bytes":	67361300,
				"bits_per_second":	668344076.896983,
				"retransmits":	0,
				"omitted":	false
			}
		}, {
			"streams":	[{
					"socket":	773,
					"start":	8.000268,
					"end":	9.001199,
					"seconds":	1.000931,
					"bytes":	67726956,
					"bits_per_second":	541311673.541978,
					"retransmits":	0,
					"snd_cwnd":	17520,
					"rtt":	301,
					"omitted":	false
				}],
			"sum":	{
				"start":	8.000268,
				"end":	9.001199,
				"seconds":	1.000931,
				"bytes":	67726956,
				"bits_per_second":	541311673.541978,
				"retransmits":	0,
				"omitted":	false
			}
		}, {
			"streams":	[{
					"socket":	773,
					"start":	9.001199,
					"end":	10.000683,
					"seconds":	0.999484,
					"bytes":	56053272,
					"bits_per_second":	448657655.446026,
					"retransmits":	0,
					"snd_cwnd":	17520,
					"rtt":	121,
					"omitted":	false
				}],
			"sum":	{
				"start":	9.001199,
				"end":	10.000683,
				"seconds":	0.999484,
				"bytes":	56053272,
				"bits_per_second":	448657655.446026,
				"retransmits":	0,
				"omitted":	false
			}
		}],
	"end":	{
		"streams":	[{
				"sender":	{
					"socket":	773,
					"start":	0,
					"end":	10.000683,
					"seconds":	10.000683,
					"bytes":	433137808,
					"bits_per_second":	346486578.967960,
					"retransmits":	0,
					"max_snd_cwnd":	17520,
					"max_rtt":	11723,
					"min_rtt":	121,
					"mean_rtt":	3830
				},
				"receiver":	{
					"socket":	773,
					"start":	0,
					"end":	10.000683,
					"seconds":	10.000683,
					"bytes":	432834128,
					"bits_per_second":	346243651.561584
				}
			}],
		"sum_sent":	{
			"start":	0,
			"end":	10.000683,
			"seconds":	10.000683,
			"bytes":	433137808,
			"bits_per_second":	346486578.967960,
			"retransmits":	0
		},
		"sum_received":	{
			"start":	0,
			"end":	10.000683,
			"seconds":	10.000683,
			"bytes":	432834128,
			"bits_per_second":	346243651.561584
		},
		"cpu_utilization_percent":	{
			"host_total":	146.941618,
			"host_user":	38.081798,
			"host_system":	108.862103,
			"remote_total":	0.122689,
			"remote_user":	0.012377,
			"remote_system":	0.110311
		}
	}
}
