{
	"end": {
		"sum_sent": {
			"start": 0,
			"end": 10.033598,
			"seconds": 10.033598,
			"bytes": 119956516,
			"bits_per_second": 95648449.55483134,
			"retransmits": 0
		},
		"sum_received": {
			"start": 0,
			"end": 10.033598,
			"seconds": 10.033598,
			"bytes": 119956516,
			"bits_per_second": 95648449.55483134
		},
		"cpu_utilization_percent": {
			"host_total": 142.18245166666668,
			"host_user": 38.846723000000004,
			"host_system": 103.33501166666667,
			"host_user_normalized": 28.522974664946826,
			"host_system_normalized": 71.47227781352552,
			"remote_total": 1.984201333333333,
			"remote_user": 0.7762030000000001,
			"remote_system": 1.2079983333333333,
			"remote_user_normalized": 38.997354404610576,
			"remote_system_normalized": 61.00264559538942
		}
	}
}
