{
	"start":	{
		"connected":	[{
				"socket":	445,
				"local_host":	"10.0.2.15",
				"local_port":	40469,
				"remote_host":	"128.61.8.181",
				"remote_port":	5201
			}],
		"version":	"iperf 3.1.3",
		"system_info":	"Linux localhost 3.18.48+ #1 SMP PREEMPT Wed Apr 19 00:58:20 UTC 2017 i686",
		"timestamp":	{
			"time":	"Fri, 08 Dec 2017 22:08:25 GMT",
			"timesecs":	1512770905
		},
		"connecting_to":	{
			"host":	"128.61.8.181",
			"port":	5201
		},
		"cookie":	"localhost.1512770905.146541.725a1df7",
		"tcp_mss_default":	1460,
		"test_start":	{
			"protocol":	"TCP",
			"num_streams":	1,
			"blksize":	131072,
			"omit":	0,
			"duration":	10,
			"bytes":	0,
			"blocks":	0,
			"reverse":	0
		}
	},
	"intervals":	[{
			"streams":	[{
					"socket":	445,
					"start":	0,
					"end":	1.013809,
					"seconds":	1.013809,
					"bytes":	12367660,
					"bits_per_second":	97593613.145200,
					"retransmits":	0,
					"snd_cwnd":	17520,
					"rtt":	771,
					"omitted":	false
				}],
			"sum":	{
				"start":	0,
				"end":	1.013809,
				"seconds":	1.013809,
				"bytes":	12367660,
				"bits_per_second":	97593613.145200,
				"retransmits":	0,
				"omitted":	false
			}
		}, {
			"streams":	[{
					"socket":	445,
					"start":	1.013809,
					"end":	2.005643,
					"seconds":	0.991834,
					"bytes":	12808580,
					"bits_per_second":	103312295.931460,
					"retransmits":	0,
					"snd_cwnd":	17520,
					"rtt":	464,
					"omitted":	false
				}],
			"sum":	{
				"start":	1.013809,
				"end":	2.005643,
				"seconds":	0.991834,
				"bytes":	12808580,
				"bits_per_second":	103312295.931460,
				"retransmits":	0,
				"omitted":	false
			}
		}, {
			"streams":	[{
					"socket":	445,
					"start":	2.005643,
					"end":	3.000495,
					"seconds":	0.994852,
					"bytes":	14506560,
					"bits_per_second":	116653001.950271,
					"retransmits":	0,
					"snd_cwnd":	17520,
					"rtt":	1242,
					"omitted":	false
				}],
			"sum":	{
				"start":	2.005643,
				"end":	3.000495,
				"seconds":	0.994852,
				"bytes":	14506560,
				"bits_per_second":	116653001.950271,
				"retransmits":	0,
				"omitted":	false
			}
		}, {
			"streams":	[{
					"socket":	445,
					"start":	3.000495,
					"end":	4.016652,
					"seconds":	1.016157,
					"bytes":	12928300,
					"bits_per_second":	101781918.514638,
					"retransmits":	0,
					"snd_cwnd":	17520,
					"rtt":	9377,
					"omitted":	false
				}],
			"sum":	{
				"start":	3.000495,
				"end":	4.016652,
				"seconds":	1.016157,
				"bytes":	12928300,
				"bits_per_second":	101781918.514638,
				"retransmits":	0,
				"omitted":	false
			}
		}, {
			"streams":	[{
					"socket":	445,
					"start":	4.016652,
					"end":	5.000378,
					"seconds":	0.983726,
					"bytes":	14208720,
					"bits_per_second":	115550221.458277,
					"retransmits":	0,
					"snd_cwnd":	17520,
					"rtt":	320,
					"omitted":	false
				}],
			"sum":	{
				"start":	4.016652,
				"end":	5.000378,
				"seconds":	0.983726,
				"bytes":	14208720,
				"bits_per_second":	115550221.458277,
				"retransmits":	0,
				"omitted":	false
			}
		}, {
			"streams":	[{
					"socket":	445,
					"start":	5.000378,
					"end":	6.007997,
					"seconds":	1.007619,
					"bytes":	13067000,
					"bits_per_second":	103745547.883578,
					"retransmits":	0,
					"snd_cwnd":	17520,
					"rtt":	395,
					"omitted":	false
				}],
			"sum":	{
				"start":	5.000378,
				"end":	6.007997,
				"seconds":	1.007619,
				"bytes":	13067000,
				"bits_per_second":	103745547.883578,
				"retransmits":	0,
				"omitted":	false
			}
		}, {
			"streams":	[{
					"socket":	445,
					"start":	6.007997,
					"end":	7.000695,
					"seconds":	0.992698,
					"bytes":	16245420,
					"bits_per_second":	130919339.012474,
					"retransmits":	0,
					"snd_cwnd":	17520,
					"rtt":	361,
					"omitted":	false
				}],
			"sum":	{
				"start":	6.007997,
				"end":	7.000695,
				"seconds":	0.992698,
				"bytes":	16245420,
				"bits_per_second":	130919339.012474,
				"retransmits":	0,
				"omitted":	false
			}
		}, {
			"streams":	[{
					"socket":	445,
					"start":	7.000695,
					"end":	8.000857,
					"seconds":	1.000162,
					"bytes":	12543664,
					"bits_per_second":	100333069.459125,
					"retransmits":	0,
					"snd_cwnd":	17520,
					"rtt":	721,
					"omitted":	false
				}],
			"sum":	{
				"start":	7.000695,
				"end":	8.000857,
				"seconds":	1.000162,
				"bytes":	12543664,
				"bits_per_second":	100333069.459125,
				"retransmits":	0,
				"omitted":	false
			}
		}, {
			"streams":	[{
					"socket":	445,
					"start":	8.000857,
					"end":	9.014240,
					"seconds":	1.013383,
					"bytes":	15572360,
					"bits_per_second":	122933640.634956,
					"retransmits":	0,
					"snd_cwnd":	17520,
					"rtt":	1324,
					"omitted":	false
				}],
			"sum":	{
				"start":	8.000857,
				"end":	9.014240,
				"seconds":	1.013383,
				"bytes":	15572360,
				"bits_per_second":	122933640.634956,
				"retransmits":	0,
				"omitted":	false
			}
		}, {
			"streams":	[{
					"socket":	445,
					"start":	9.014240,
					"end":	10.000817,
					"seconds":	0.986577,
					"bytes":	12360360,
					"bits_per_second":	100228264.483018,
					"retransmits":	0,
					"snd_cwnd":	17520,
					"rtt":	395,
					"omitted":	false
				}],
			"sum":	{
				"start":	9.014240,
				"end":	10.000817,
				"seconds":	0.986577,
				"bytes":	12360360,
				"bits_per_second":	100228264.483018,
				"retransmits":	0,
				"omitted":	false
			}
		}],
	"end":	{
		"streams":	[{
				"sender":	{
					"socket":	445,
					"start":	0,
					"end":	10.000817,
					"seconds":	10.000817,
					"bytes":	136608624,
					"bits_per_second":	109277973.134175,
					"retransmits":	0,
					"max_snd_cwnd":	17520,
					"max_rtt":	9377,
					"min_rtt":	320,
					"mean_rtt":	1537
				},
				"receiver":	{
					"socket":	445,
					"start":	0,
					"end":	10.000817,
					"seconds":	10.000817,
					"bytes":	136283044,
					"bits_per_second":	109017530.407711
				}
			}],
		"sum_sent":	{
			"start":	0,
			"end":	10.000817,
			"seconds":	10.000817,
			"bytes":	136608624,
			"bits_per_second":	109277973.134175,
			"retransmits":	0
		},
		"sum_received":	{
			"start":	0,
			"end":	10.000817,
			"seconds":	10.000817,
			"bytes":	136283044,
			"bits_per_second":	109017530.407711
		},
		"cpu_utilization_percent":	{
			"host_total":	175.640141,
			"host_user":	98.389679,
			"host_system":	77.256334,
			"remote_total":	0.572258,
			"remote_user":	0.060148,
			"remote_system":	0.512111
		}
	}
}
