{
	"end": {
		"sum_sent": {
			"start": 0,
			"end": 10.090158666666667,
			"seconds": 10.090158666666667,
			"bytes": 117144005.33333333,
			"bits_per_second": 92883607.93449001,
			"retransmits": 0
		},
		"sum_received": {
			"start": 0,
			"end": 10.090158666666667,
			"seconds": 10.090158666666667,
			"bytes": 117144005.33333333,
			"bits_per_second": 92883607.93449001
		},
		"cpu_utilization_percent": {
			"host_total": 146.47423033333334,
			"host_user": 22.402877666666665,
			"host_system": 124.08360733333335,
			"host_user_normalized": 15.308594427025469,
			"host_system_normalized": 84.69759175538945,
			"remote_total": 3.1986736666666666,
			"remote_user": 1.169098,
			"remote_system": 2.0295756666666667,
			"remote_user_normalized": 36.660668126948714,
			"remote_system_normalized": 63.33933187305129
		}
	}
}
