{
	"end": {
		"sum_sent": {
			"start": 0,
			"end": 10.031784888888888,
			"seconds": 10.031784888888888,
			"bytes": 103673296,
			"bits_per_second": 82753935.38916166,
			"retransmits": 0
		},
		"sum_received": {
			"start": 0,
			"end": 10.031784888888888,
			"seconds": 10.031784888888888,
			"bytes": 103422987.1111111,
			"bits_per_second": 82553833.6189369
		},
		"cpu_utilization_percent": {
			"host_total": 162.279666,
			"host_user": 104.68684566666667,
			"host_system": 57.59688522222223,
			"host_user_normalized": 64.57317676349884,
			"host_system_normalized": 35.429887870298025,
			"remote_total": 0.6145064444444445,
			"remote_user": 0.06494822222222223,
			"remote_system": 0.5495583333333333,
			"remote_user_normalized": 10.615688812340538,
			"remote_system_normalized": 89.38432813886737
		}
	}
}
