{
	"start":	{
		"connected":	[{
				"socket":	96,
				"local_host":	"10.0.2.15",
				"local_port":	54120,
				"remote_host":	"10.0.0.252",
				"remote_port":	5201
			}],
		"version":	"iperf 3.1.3",
		"system_info":	"Linux localhost 3.18.56+ #1 SMP PREEMPT Fri Oct 13 14:54:31 PDT 2017 i686",
		"timestamp":	{
			"time":	"Thu, 07 Dec 2017 07:49:09 GMT",
			"timesecs":	1512632949
		},
		"connecting_to":	{
			"host":	"10.0.0.252",
			"port":	5201
		},
		"cookie":	"localhost.1512632949.845892.1a744470",
		"tcp_mss_default":	1460,
		"test_start":	{
			"protocol":	"TCP",
			"num_streams":	1,
			"blksize":	131072,
			"omit":	0,
			"duration":	10,
			"bytes":	0,
			"blocks":	0,
			"reverse":	0
		}
	},
	"intervals":	[{
			"streams":	[{
					"socket":	96,
					"start":	0,
					"end":	1.001272,
					"seconds":	1.001272,
					"bytes":	1182600,
					"bits_per_second":	9448781.498410,
					"retransmits":	0,
					"snd_cwnd":	17520,
					"rtt":	492,
					"omitted":	false
				}],
			"sum":	{
				"start":	0,
				"end":	1.001272,
				"seconds":	1.001272,
				"bytes":	1182600,
				"bits_per_second":	9448781.498410,
				"retransmits":	0,
				"omitted":	false
			}
		}, {
			"streams":	[{
					"socket":	96,
					"start":	1.001272,
					"end":	2.001145,
					"seconds":	0.999873,
					"bytes":	1255600,
					"bits_per_second":	10046076.626311,
					"retransmits":	0,
					"snd_cwnd":	17520,
					"rtt":	461,
					"omitted":	false
				}],
			"sum":	{
				"start":	1.001272,
				"end":	2.001145,
				"seconds":	0.999873,
				"bytes":	1255600,
				"bits_per_second":	10046076.626311,
				"retransmits":	0,
				"omitted":	false
			}
		}, {
			"streams":	[{
					"socket":	96,
					"start":	2.001145,
					"end":	3.001736,
					"seconds":	1.000591,
					"bytes":	1236620,
					"bits_per_second":	9887116.322154,
					"retransmits":	0,
					"snd_cwnd":	17520,
					"rtt":	492,
					"omitted":	false
				}],
			"sum":	{
				"start":	2.001145,
				"end":	3.001736,
				"seconds":	1.000591,
				"bytes":	1236620,
				"bits_per_second":	9887116.322154,
				"retransmits":	0,
				"omitted":	false
			}
		}, {
			"streams":	[{
					"socket":	96,
					"start":	3.001736,
					"end":	4.001766,
					"seconds":	1.000030,
					"bytes":	1264360,
					"bits_per_second":	10114576.150638,
					"retransmits":	0,
					"snd_cwnd":	17520,
					"rtt":	329,
					"omitted":	false
				}],
			"sum":	{
				"start":	3.001736,
				"end":	4.001766,
				"seconds":	1.000030,
				"bytes":	1264360,
				"bits_per_second":	10114576.150638,
				"retransmits":	0,
				"omitted":	false
			}
		}, {
			"streams":	[{
					"socket":	96,
					"start":	4.001766,
					"end":	5.001845,
					"seconds":	1.000079,
					"bytes":	1140260,
					"bits_per_second":	9121360.173727,
					"retransmits":	0,
					"snd_cwnd":	17520,
					"rtt":	493,
					"omitted":	false
				}],
			"sum":	{
				"start":	4.001766,
				"end":	5.001845,
				"seconds":	1.000079,
				"bytes":	1140260,
				"bits_per_second":	9121360.173727,
				"retransmits":	0,
				"omitted":	false
			}
		}, {
			"streams":	[{
					"socket":	96,
					"start":	5.001845,
					"end":	6.000971,
					"seconds":	0.999126,
					"bytes":	1403060,
					"bits_per_second":	11234299.255130,
					"retransmits":	0,
					"snd_cwnd":	17520,
					"rtt":	463,
					"omitted":	false
				}],
			"sum":	{
				"start":	5.001845,
				"end":	6.000971,
				"seconds":	0.999126,
				"bytes":	1403060,
				"bits_per_second":	11234299.255130,
				"retransmits":	0,
				"omitted":	false
			}
		}, {
			"streams":	[{
					"socket":	96,
					"start":	6.000971,
					"end":	7.039872,
					"seconds":	1.038901,
					"bytes":	1719880,
					"bits_per_second":	13243840.173238,
					"retransmits":	0,
					"snd_cwnd":	17520,
					"rtt":	448,
					"omitted":	false
				}],
			"sum":	{
				"start":	6.000971,
				"end":	7.039872,
				"seconds":	1.038901,
				"bytes":	1719880,
				"bits_per_second":	13243840.173238,
				"retransmits":	0,
				"omitted":	false
			}
		}, {
			"streams":	[{
					"socket":	96,
					"start":	7.039872,
					"end":	8.005301,
					"seconds":	0.965429,
					"bytes":	1175300,
					"bits_per_second":	9739089.401213,
					"retransmits":	0,
					"snd_cwnd":	17520,
					"rtt":	455,
					"omitted":	false
				}],
			"sum":	{
				"start":	7.039872,
				"end":	8.005301,
				"seconds":	0.965429,
				"bytes":	1175300,
				"bits_per_second":	9739089.401213,
				"retransmits":	0,
				"omitted":	false
			}
		}, {
			"streams":	[{
					"socket":	96,
					"start":	8.005301,
					"end":	9.002237,
					"seconds":	0.996936,
					"bytes":	1238080,
					"bits_per_second":	9935082.638892,
					"retransmits":	0,
					"snd_cwnd":	17520,
					"rtt":	523,
					"omitted":	false
				}],
			"sum":	{
				"start":	8.005301,
				"end":	9.002237,
				"seconds":	0.996936,
				"bytes":	1238080,
				"bits_per_second":	9935082.638892,
				"retransmits":	0,
				"omitted":	false
			}
		}, {
			"streams":	[{
					"socket":	96,
					"start":	9.002237,
					"end":	10.001834,
					"seconds":	0.999597,
					"bytes":	1455620,
					"bits_per_second":	11649653.964768,
					"retransmits":	0,
					"snd_cwnd":	17520,
					"rtt":	818,
					"omitted":	false
				}],
			"sum":	{
				"start":	9.002237,
				"end":	10.001834,
				"seconds":	0.999597,
				"bytes":	1455620,
				"bits_per_second":	11649653.964768,
				"retransmits":	0,
				"omitted":	false
			}
		}],
	"end":	{
		"streams":	[{
				"sender":	{
					"socket":	96,
					"start":	0,
					"end":	10.001834,
					"seconds":	10.001834,
					"bytes":	13071380,
					"bits_per_second":	10455186.606903,
					"retransmits":	0,
					"max_snd_cwnd":	17520,
					"max_rtt":	818,
					"min_rtt":	329,
					"mean_rtt":	497
				},
				"receiver":	{
					"socket":	96,
					"start":	0,
					"end":	10.001834,
					"seconds":	10.001834,
					"bytes":	12671340,
					"bits_per_second":	10135213.287312
				}
			}],
		"sum_sent":	{
			"start":	0,
			"end":	10.001834,
			"seconds":	10.001834,
			"bytes":	13071380,
			"bits_per_second":	10455186.606903,
			"retransmits":	0
		},
		"sum_received":	{
			"start":	0,
			"end":	10.001834,
			"seconds":	10.001834,
			"bytes":	12671340,
			"bits_per_second":	10135213.287312
		},
		"cpu_utilization_percent":	{
			"host_total":	109.884605,
			"host_user":	83.086686,
			"host_system":	26.805348,
			"remote_total":	0.228394,
			"remote_user":	0.095266,
			"remote_system":	0.133128
		}
	}
}
