{
	"start":	{
		"connected":	[{
				"socket":	94,
				"local_host":	"10.0.2.15",
				"local_port":	54104,
				"remote_host":	"10.0.0.252",
				"remote_port":	5201
			}],
		"version":	"iperf 3.1.3",
		"system_info":	"Linux localhost 3.18.56+ #1 SMP PREEMPT Fri Oct 13 14:54:31 PDT 2017 i686",
		"timestamp":	{
			"time":	"Thu, 07 Dec 2017 07:25:03 GMT",
			"timesecs":	1512631503
		},
		"connecting_to":	{
			"host":	"10.0.0.252",
			"port":	5201
		},
		"cookie":	"localhost.1512631503.836829.317f8c25",
		"tcp_mss_default":	1460,
		"test_start":	{
			"protocol":	"TCP",
			"num_streams":	1,
			"blksize":	131072,
			"omit":	0,
			"duration":	10,
			"bytes":	0,
			"blocks":	0,
			"reverse":	0
		}
	},
	"intervals":	[{
			"streams":	[{
					"socket":	94,
					"start":	0,
					"end":	1.000797,
					"seconds":	1.000797,
					"bytes":	1378240,
					"bits_per_second":	11017141.597857,
					"retransmits":	0,
					"snd_cwnd":	17520,
					"rtt":	451,
					"omitted":	false
				}],
			"sum":	{
				"start":	0,
				"end":	1.000797,
				"seconds":	1.000797,
				"bytes":	1378240,
				"bits_per_second":	11017141.597857,
				"retransmits":	0,
				"omitted":	false
			}
		}, {
			"streams":	[{
					"socket":	94,
					"start":	1.000797,
					"end":	2.001970,
					"seconds":	1.001173,
					"bytes":	1135880,
					"bits_per_second":	9076393.214594,
					"retransmits":	0,
					"snd_cwnd":	17520,
					"rtt":	524,
					"omitted":	false
				}],
			"sum":	{
				"start":	1.000797,
				"end":	2.001970,
				"seconds":	1.001173,
				"bytes":	1135880,
				"bits_per_second":	9076393.214594,
				"retransmits":	0,
				"omitted":	false
			}
		}, {
			"streams":	[{
					"socket":	94,
					"start":	2.001970,
					"end":	3.000539,
					"seconds":	0.998569,
					"bytes":	1236620,
					"bits_per_second":	9907136.997246,
					"retransmits":	0,
					"snd_cwnd":	17520,
					"rtt":	431,
					"omitted":	false
				}],
			"sum":	{
				"start":	2.001970,
				"end":	3.000539,
				"seconds":	0.998569,
				"bytes":	1236620,
				"bits_per_second":	9907136.997246,
				"retransmits":	0,
				"omitted":	false
			}
		}, {
			"streams":	[{
					"socket":	94,
					"start":	3.000539,
					"end":	4.002663,
					"seconds":	1.002124,
					"bytes":	1163620,
					"bits_per_second":	9289229.016907,
					"retransmits":	0,
					"snd_cwnd":	17520,
					"rtt":	463,
					"omitted":	false
				}],
			"sum":	{
				"start":	3.000539,
				"end":	4.002663,
				"seconds":	1.002124,
				"bytes":	1163620,
				"bits_per_second":	9289229.016907,
				"retransmits":	0,
				"omitted":	false
			}
		}, {
			"streams":	[{
					"socket":	94,
					"start":	4.002663,
					"end":	5.001794,
					"seconds":	0.999131,
					"bytes":	1099380,
					"bits_per_second":	8802689.851921,
					"retransmits":	0,
					"snd_cwnd":	17520,
					"rtt":	591,
					"omitted":	false
				}],
			"sum":	{
				"start":	4.002663,
				"end":	5.001794,
				"seconds":	0.999131,
				"bytes":	1099380,
				"bits_per_second":	8802689.851921,
				"retransmits":	0,
				"omitted":	false
			}
		}, {
			"streams":	[{
					"socket":	94,
					"start":	5.001794,
					"end":	6.001540,
					"seconds":	0.999746,
					"bytes":	1357800,
					"bits_per_second":	10865158.835354,
					"retransmits":	0,
					"snd_cwnd":	17520,
					"rtt":	651,
					"omitted":	false
				}],
			"sum":	{
				"start":	5.001794,
				"end":	6.001540,
				"seconds":	0.999746,
				"bytes":	1357800,
				"bits_per_second":	10865158.835354,
				"retransmits":	0,
				"omitted":	false
			}
		}, {
			"streams":	[{
					"socket":	94,
					"start":	6.001540,
					"end":	7.000507,
					"seconds":	0.998967,
					"bytes":	1241000,
					"bits_per_second":	9938266.902563,
					"retransmits":	0,
					"snd_cwnd":	17520,
					"rtt":	913,
					"omitted":	false
				}],
			"sum":	{
				"start":	6.001540,
				"end":	7.000507,
				"seconds":	0.998967,
				"bytes":	1241000,
				"bits_per_second":	9938266.902563,
				"retransmits":	0,
				"omitted":	false
			}
		}, {
			"streams":	[{
					"socket":	94,
					"start":	7.000507,
					"end":	8.001221,
					"seconds":	1.000714,
					"bytes":	1242460,
					"bits_per_second":	9932587.500371,
					"retransmits":	0,
					"snd_cwnd":	17520,
					"rtt":	469,
					"omitted":	false
				}],
			"sum":	{
				"start":	7.000507,
				"end":	8.001221,
				"seconds":	1.000714,
				"bytes":	1242460,
				"bits_per_second":	9932587.500371,
				"retransmits":	0,
				"omitted":	false
			}
		}, {
			"streams":	[{
					"socket":	94,
					"start":	8.001221,
					"end":	9.001611,
					"seconds":	1.000390,
					"bytes":	1175300,
					"bits_per_second":	9398733.997531,
					"retransmits":	0,
					"snd_cwnd":	17520,
					"rtt":	381,
					"omitted":	false
				}],
			"sum":	{
				"start":	8.001221,
				"end":	9.001611,
				"seconds":	1.000390,
				"bytes":	1175300,
				"bits_per_second":	9398733.997531,
				"retransmits":	0,
				"omitted":	false
			}
		}, {
			"streams":	[{
					"socket":	94,
					"start":	9.001611,
					"end":	10.000823,
					"seconds":	0.999212,
					"bytes":	1092080,
					"bits_per_second":	8743531.755100,
					"retransmits":	0,
					"snd_cwnd":	17520,
					"rtt":	322,
					"omitted":	false
				}],
			"sum":	{
				"start":	9.001611,
				"end":	10.000823,
				"seconds":	0.999212,
				"bytes":	1092080,
				"bits_per_second":	8743531.755100,
				"retransmits":	0,
				"omitted":	false
			}
		}],
	"end":	{
		"streams":	[{
				"sender":	{
					"socket":	94,
					"start":	0,
					"end":	10.000823,
					"seconds":	10.000823,
					"bytes":	12122380,
					"bits_per_second":	9697106.139061,
					"retransmits":	0,
					"max_snd_cwnd":	17520,
					"max_rtt":	913,
					"min_rtt":	322,
					"mean_rtt":	519
				},
				"receiver":	{
					"socket":	94,
					"start":	0,
					"end":	10.000823,
					"seconds":	10.000823,
					"bytes":	11779280,
					"bits_per_second":	9422648.720937
				}
			}],
		"sum_sent":	{
			"start":	0,
			"end":	10.000823,
			"seconds":	10.000823,
			"bytes":	12122380,
			"bits_per_second":	9697106.139061,
			"retransmits":	0
		},
		"sum_received":	{
			"start":	0,
			"end":	10.000823,
			"seconds":	10.000823,
			"bytes":	11779280,
			"bits_per_second":	9422648.720937
		},
		"cpu_utilization_percent":	{
			"host_total":	122.466098,
			"host_user":	90.654409,
			"host_system":	31.798170,
			"remote_total":	0.165186,
			"remote_user":	0.042288,
			"remote_system":	0.122898
		}
	}
}
