{
	"end": {
		"sum_sent": {
			"start": 0,
			"end": 10.130337,
			"seconds": 10.130337,
			"bytes": 62402822.666666664,
			"bits_per_second": 49289590.596746325,
			"retransmits": 0
		},
		"sum_received": {
			"start": 0,
			"end": 10.130337,
			"seconds": 10.130337,
			"bytes": 62281216,
			"bits_per_second": 49193122.41032966
		},
		"cpu_utilization_percent": {
			"host_total": 159.95063633333334,
			"host_user": 99.44544499999999,
			"host_system": 60.49786266666666,
			"host_user_normalized": 62.4233700834896,
			"host_system_normalized": 37.57228430890516,
			"remote_total": 1.4161446666666666,
			"remote_user": 0.15419066666666667,
			"remote_system": 1.2619543333333334,
			"remote_user_normalized": 10.780848071827824,
			"remote_system_normalized": 89.21924227342657
		}
	}
}
