{
	"start":	{
		"connected":	[{
				"socket":	845,
				"local_host":	"10.0.2.15",
				"local_port":	54259,
				"remote_host":	"128.61.92.187",
				"remote_port":	5201
			}],
		"version":	"iperf 3.1.3",
		"system_info":	"Linux localhost 3.18.56+ #1 SMP PREEMPT Fri Aug 25 10:56:18 PDT 2017 i686",
		"timestamp":	{
			"time":	"Thu, 07 Dec 2017 03:51:00 GMT",
			"timesecs":	1512618660
		},
		"connecting_to":	{
			"host":	"128.61.92.187",
			"port":	5201
		},
		"cookie":	"localhost.1512618660.351916.116dead9",
		"tcp_mss_default":	1460,
		"test_start":	{
			"protocol":	"TCP",
			"num_streams":	1,
			"blksize":	131072,
			"omit":	0,
			"duration":	10,
			"bytes":	0,
			"blocks":	0,
			"reverse":	0
		}
	},
	"intervals":	[{
			"streams":	[{
					"socket":	845,
					"start":	0,
					"end":	1.003309,
					"seconds":	1.003309,
					"bytes":	11012820,
					"bits_per_second":	87811989.121728,
					"retransmits":	0,
					"snd_cwnd":	17520,
					"rtt":	415,
					"omitted":	false
				}],
			"sum":	{
				"start":	0,
				"end":	1.003309,
				"seconds":	1.003309,
				"bytes":	11012820,
				"bits_per_second":	87811989.121728,
				"retransmits":	0,
				"omitted":	false
			}
		}, {
			"streams":	[{
					"socket":	845,
					"start":	1.003309,
					"end":	2.012062,
					"seconds":	1.008753,
					"bytes":	11796480,
					"bits_per_second":	93552987.272882,
					"retransmits":	0,
					"snd_cwnd":	17520,
					"rtt":	1160,
					"omitted":	false
				}],
			"sum":	{
				"start":	1.003309,
				"end":	2.012062,
				"seconds":	1.008753,
				"bytes":	11796480,
				"bits_per_second":	93552987.272882,
				"retransmits":	0,
				"omitted":	false
			}
		}, {
			"streams":	[{
					"socket":	845,
					"start":	2.012062,
					"end":	3.002109,
					"seconds":	0.990047,
					"bytes":	12034788,
					"bits_per_second":	97246174.125501,
					"retransmits":	0,
					"snd_cwnd":	17520,
					"rtt":	450,
					"omitted":	false
				}],
			"sum":	{
				"start":	2.012062,
				"end":	3.002109,
				"seconds":	0.990047,
				"bytes":	12034788,
				"bits_per_second":	97246174.125501,
				"retransmits":	0,
				"omitted":	false
			}
		}, {
			"streams":	[{
					"socket":	845,
					"start":	3.002109,
					"end":	4.003133,
					"seconds":	1.001024,
					"bytes":	13107200,
					"bits_per_second":	104750359.789244,
					"retransmits":	0,
					"snd_cwnd":	17520,
					"rtt":	486,
					"omitted":	false
				}],
			"sum":	{
				"start":	3.002109,
				"end":	4.003133,
				"seconds":	1.001024,
				"bytes":	13107200,
				"bits_per_second":	104750359.789244,
				"retransmits":	0,
				"omitted":	false
			}
		}, {
			"streams":	[{
					"socket":	845,
					"start":	4.003133,
					"end":	5.038219,
					"seconds":	1.035086,
					"bytes":	13584292,
					"bits_per_second":	104990618.879002,
					"retransmits":	0,
					"snd_cwnd":	17520,
					"rtt":	409,
					"omitted":	false
				}],
			"sum":	{
				"start":	4.003133,
				"end":	5.038219,
				"seconds":	1.035086,
				"bytes":	13584292,
				"bits_per_second":	104990618.879002,
				"retransmits":	0,
				"omitted":	false
			}
		}, {
			"streams":	[{
					"socket":	845,
					"start":	5.038219,
					"end":	6.059455,
					"seconds":	1.021236,
					"bytes":	13107200,
					"bits_per_second":	102677153.830228,
					"retransmits":	0,
					"snd_cwnd":	17520,
					"rtt":	484,
					"omitted":	false
				}],
			"sum":	{
				"start":	5.038219,
				"end":	6.059455,
				"seconds":	1.021236,
				"bytes":	13107200,
				"bits_per_second":	102677153.830228,
				"retransmits":	0,
				"omitted":	false
			}
		}, {
			"streams":	[{
					"socket":	845,
					"start":	6.059455,
					"end":	7.011862,
					"seconds":	0.952407,
					"bytes":	12346932,
					"bits_per_second":	103711379.045563,
					"retransmits":	0,
					"snd_cwnd":	17520,
					"rtt":	393,
					"omitted":	false
				}],
			"sum":	{
				"start":	6.059455,
				"end":	7.011862,
				"seconds":	0.952407,
				"bytes":	12346932,
				"bits_per_second":	103711379.045563,
				"retransmits":	0,
				"omitted":	false
			}
		}, {
			"streams":	[{
					"socket":	845,
					"start":	7.011862,
					"end":	8.067104,
					"seconds":	1.055242,
					"bytes":	15395604,
					"bits_per_second":	116717163.111413,
					"retransmits":	0,
					"snd_cwnd":	17520,
					"rtt":	511,
					"omitted":	false
				}],
			"sum":	{
				"start":	7.011862,
				"end":	8.067104,
				"seconds":	1.055242,
				"bytes":	15395604,
				"bits_per_second":	116717163.111413,
				"retransmits":	0,
				"omitted":	false
			}
		}, {
			"streams":	[{
					"socket":	845,
					"start":	8.067104,
					"end":	9.042594,
					"seconds":	0.975490,
					"bytes":	13107200,
					"bits_per_second":	107492224.398375,
					"retransmits":	0,
					"snd_cwnd":	17520,
					"rtt":	439,
					"omitted":	false
				}],
			"sum":	{
				"start":	8.067104,
				"end":	9.042594,
				"seconds":	0.975490,
				"bytes":	13107200,
				"bits_per_second":	107492224.398375,
				"retransmits":	0,
				"omitted":	false
			}
		}, {
			"streams":	[{
					"socket":	845,
					"start":	9.042594,
					"end":	10.083979,
					"seconds":	1.041385,
					"bytes":	14417920,
					"bits_per_second":	110759581.862032,
					"retransmits":	0,
					"snd_cwnd":	17520,
					"rtt":	545,
					"omitted":	false
				}],
			"sum":	{
				"start":	9.042594,
				"end":	10.083979,
				"seconds":	1.041385,
				"bytes":	14417920,
				"bits_per_second":	110759581.862032,
				"retransmits":	0,
				"omitted":	false
			}
		}],
	"end":	{
		"streams":	[{
				"sender":	{
					"socket":	845,
					"start":	0,
					"end":	10.083979,
					"seconds":	10.083979,
					"bytes":	129910436,
					"bits_per_second":	103062838.508037,
					"retransmits":	0,
					"max_snd_cwnd":	17520,
					"max_rtt":	1160,
					"min_rtt":	393,
					"mean_rtt":	529
				},
				"receiver":	{
					"socket":	845,
					"start":	0,
					"end":	10.083979,
					"seconds":	10.083979,
					"bytes":	129910436,
					"bits_per_second":	103062838.508037
				}
			}],
		"sum_sent":	{
			"start":	0,
			"end":	10.083979,
			"seconds":	10.083979,
			"bytes":	129910436,
			"bits_per_second":	103062838.508037,
			"retransmits":	0
		},
		"sum_received":	{
			"start":	0,
			"end":	10.083979,
			"seconds":	10.083979,
			"bytes":	129910436,
			"bits_per_second":	103062838.508037
		},
		"cpu_utilization_percent":	{
			"host_total":	155.390147,
			"host_user":	23.775716,
			"host_system":	131.605000,
			"remote_total":	4.914000,
			"remote_user":	1.638000,
			"remote_system":	3.276000
		}
	}
}
