{
	"end": {
		"sum_sent": {
			"start": 0,
			"end": 10.006532666666667,
			"seconds": 10.006532666666667,
			"bytes": 261398537.33333334,
			"bits_per_second": 208992953.6107587,
			"retransmits": 0
		},
		"sum_received": {
			"start": 0,
			"end": 10.006532666666667,
			"seconds": 10.006532666666667,
			"bytes": 261102157.33333334,
			"bits_per_second": 208756011.20781633
		},
		"cpu_utilization_percent": {
			"host_total": 175.910942,
			"host_user": 83.65185333333334,
			"host_system": 92.33010133333333,
			"host_user_normalized": 47.53996592419988,
			"host_system_normalized": 52.50069914216837,
			"remote_total": 1.7587513333333333,
			"remote_user": 0.17944433333333332,
			"remote_system": 1.579307,
			"remote_user_normalized": 10.165519499662814,
			"remote_system_normalized": 89.83453972959036
		}
	}
}
