{
	"end": {
		"sum_sent": {
			"start": 0,
			"end": 10.011066999999999,
			"seconds": 10.011066999999999,
			"bytes": 161325997.33333334,
			"bits_per_second": 128917392.71947134,
			"retransmits": 0
		},
		"sum_received": {
			"start": 0,
			"end": 10.011066999999999,
			"seconds": 10.011066999999999,
			"bytes": 160997497.33333334,
			"bits_per_second": 128654883.93639965
		},
		"cpu_utilization_percent": {
			"host_total": 177.59875666666667,
			"host_user": 101.25289133333332,
			"host_system": 76.40834000000001,
			"host_user_normalized": 57.01604518696447,
			"host_system_normalized": 43.019086507919305,
			"remote_total": 0.878553,
			"remote_user": 0.083194,
			"remote_system": 0.795359,
			"remote_user_normalized": 9.465148971746297,
			"remote_system_normalized": 90.53483596806628
		}
	}
}
