{
	"start":	{
		"connected":	[{
				"socket":	584,
				"local_host":	"10.0.2.15",
				"local_port":	46454,
				"remote_host":	"192.168.1.4",
				"remote_port":	5201
			}],
		"version":	"iperf 3.1.3",
		"system_info":	"Linux localhost 3.18.48+ #1 SMP PREEMPT Wed Apr 19 00:58:20 UTC 2017 i686",
		"timestamp":	{
			"time":	"Fri, 08 Dec 2017 02:22:06 GMT",
			"timesecs":	1512699726
		},
		"connecting_to":	{
			"host":	"192.168.1.4",
			"port":	5201
		},
		"cookie":	"localhost.1512699726.082461.6762541d",
		"tcp_mss_default":	1460,
		"test_start":	{
			"protocol":	"TCP",
			"num_streams":	1,
			"blksize":	131072,
			"omit":	0,
			"duration":	10,
			"bytes":	0,
			"blocks":	0,
			"reverse":	0
		}
	},
	"intervals":	[{
			"streams":	[{
					"socket":	584,
					"start":	0,
					"end":	1.010476,
					"seconds":	1.010476,
					"bytes":	5890592,
					"bits_per_second":	46636181.243913,
					"retransmits":	0,
					"snd_cwnd":	17520,
					"rtt":	8492,
					"omitted":	false
				}],
			"sum":	{
				"start":	0,
				"end":	1.010476,
				"seconds":	1.010476,
				"bytes":	5890592,
				"bits_per_second":	46636181.243913,
				"retransmits":	0,
				"omitted":	false
			}
		}, {
			"streams":	[{
					"socket":	584,
					"start":	1.010476,
					"end":	2.044978,
					"seconds":	1.034502,
					"bytes":	5702580,
					"bits_per_second":	44099130.502068,
					"retransmits":	0,
					"snd_cwnd":	20440,
					"rtt":	854,
					"omitted":	false
				}],
			"sum":	{
				"start":	1.010476,
				"end":	2.044978,
				"seconds":	1.034502,
				"bytes":	5702580,
				"bits_per_second":	44099130.502068,
				"retransmits":	0,
				"omitted":	false
			}
		}, {
			"streams":	[{
					"socket":	584,
					"start":	2.044978,
					"end":	3.003133,
					"seconds":	0.958155,
					"bytes":	5774300,
					"bits_per_second":	48211827.953716,
					"retransmits":	0,
					"snd_cwnd":	20440,
					"rtt":	1036,
					"omitted":	false
				}],
			"sum":	{
				"start":	2.044978,
				"end":	3.003133,
				"seconds":	0.958155,
				"bytes":	5774300,
				"bits_per_second":	48211827.953716,
				"retransmits":	0,
				"omitted":	false
			}
		}, {
			"streams":	[{
					"socket":	584,
					"start":	3.003133,
					"end":	4.014381,
					"seconds":	1.011248,
					"bytes":	5612240,
					"bits_per_second":	44398520.481209,
					"retransmits":	0,
					"snd_cwnd":	20440,
					"rtt":	6394,
					"omitted":	false
				}],
			"sum":	{
				"start":	3.003133,
				"end":	4.014381,
				"seconds":	1.011248,
				"bytes":	5612240,
				"bits_per_second":	44398520.481209,
				"retransmits":	0,
				"omitted":	false
			}
		}, {
			"streams":	[{
					"socket":	584,
					"start":	4.014381,
					"end":	5.002046,
					"seconds":	0.987665,
					"bytes":	6168500,
					"bits_per_second":	49964312.898741,
					"retransmits":	0,
					"snd_cwnd":	20440,
					"rtt":	862,
					"omitted":	false
				}],
			"sum":	{
				"start":	4.014381,
				"end":	5.002046,
				"seconds":	0.987665,
				"bytes":	6168500,
				"bits_per_second":	49964312.898741,
				"retransmits":	0,
				"omitted":	false
			}
		}, {
			"streams":	[{
					"socket":	584,
					"start":	5.002046,
					"end":	6.016070,
					"seconds":	1.014024,
					"bytes":	6333776,
					"bits_per_second":	49969435.672648,
					"retransmits":	0,
					"snd_cwnd":	20440,
					"rtt":	813,
					"omitted":	false
				}],
			"sum":	{
				"start":	5.002046,
				"end":	6.016070,
				"seconds":	1.014024,
				"bytes":	6333776,
				"bits_per_second":	49969435.672648,
				"retransmits":	0,
				"omitted":	false
			}
		}, {
			"streams":	[{
					"socket":	584,
					"start":	6.016070,
					"end":	7.015035,
					"seconds":	0.998965,
					"bytes":	6490768,
					"bits_per_second":	51979941.943109,
					"retransmits":	0,
					"snd_cwnd":	20440,
					"rtt":	634,
					"omitted":	false
				}],
			"sum":	{
				"start":	6.016070,
				"end":	7.015035,
				"seconds":	0.998965,
				"bytes":	6490768,
				"bits_per_second":	51979941.943109,
				"retransmits":	0,
				"omitted":	false
			}
		}, {
			"streams":	[{
					"socket":	584,
					"start":	7.015035,
					"end":	8.131846,
					"seconds":	1.116811,
					"bytes":	6472200,
					"bits_per_second":	46362005.998918,
					"retransmits":	0,
					"snd_cwnd":	20440,
					"rtt":	667,
					"omitted":	false
				}],
			"sum":	{
				"start":	7.015035,
				"end":	8.131846,
				"seconds":	1.116811,
				"bytes":	6472200,
				"bits_per_second":	46362005.998918,
				"retransmits":	0,
				"omitted":	false
			}
		}, {
			"streams":	[{
					"socket":	584,
					"start":	8.131846,
					"end":	9.021664,
					"seconds":	0.889818,
					"bytes":	5302656,
					"bits_per_second":	47674075.187791,
					"retransmits":	0,
					"snd_cwnd":	20440,
					"rtt":	1259,
					"omitted":	false
				}],
			"sum":	{
				"start":	8.131846,
				"end":	9.021664,
				"seconds":	0.889818,
				"bytes":	5302656,
				"bits_per_second":	47674075.187791,
				"retransmits":	0,
				"omitted":	false
			}
		}, {
			"streams":	[{
					"socket":	584,
					"start":	9.021664,
					"end":	10.003591,
					"seconds":	0.981927,
					"bytes":	5495440,
					"bits_per_second":	44772700.689591,
					"retransmits":	0,
					"snd_cwnd":	20440,
					"rtt":	1114,
					"omitted":	false
				}],
			"sum":	{
				"start":	9.021664,
				"end":	10.003591,
				"seconds":	0.981927,
				"bytes":	5495440,
				"bits_per_second":	44772700.689591,
				"retransmits":	0,
				"omitted":	false
			}
		}],
	"end":	{
		"streams":	[{
				"sender":	{
					"socket":	584,
					"start":	0,
					"end":	10.003591,
					"seconds":	10.003591,
					"bytes":	59243052,
					"bits_per_second":	47377429.207448,
					"retransmits":	0,
					"max_snd_cwnd":	20440,
					"max_rtt":	8492,
					"min_rtt":	634,
					"mean_rtt":	2212
				},
				"receiver":	{
					"socket":	584,
					"start":	0,
					"end":	10.003591,
					"seconds":	10.003591,
					"bytes":	58913092,
					"bits_per_second":	47113555.959640
				}
			}],
		"sum_sent":	{
			"start":	0,
			"end":	10.003591,
			"seconds":	10.003591,
			"bytes":	59243052,
			"bits_per_second":	47377429.207448,
			"retransmits":	0
		},
		"sum_received":	{
			"start":	0,
			"end":	10.003591,
			"seconds":	10.003591,
			"bytes":	58913092,
			"bits_per_second":	47113555.959640
		},
		"cpu_utilization_percent":	{
			"host_total":	147.644096,
			"host_user":	101.286448,
			"host_system":	46.348039,
			"remote_total":	1.857820,
			"remote_user":	0.200221,
			"remote_system":	1.657599
		}
	}
}
