{
	"start":	{
		"connected":	[{
				"socket":	59,
				"local_host":	"10.0.2.15",
				"local_port":	54067,
				"remote_host":	"10.0.0.252",
				"remote_port":	5201
			}],
		"version":	"iperf 3.1.3",
		"system_info":	"Linux localhost 3.18.56+ #1 SMP PREEMPT Fri Oct 13 14:54:31 PDT 2017 i686",
		"timestamp":	{
			"time":	"Thu, 07 Dec 2017 07:11:10 GMT",
			"timesecs":	1512630670
		},
		"connecting_to":	{
			"host":	"10.0.0.252",
			"port":	5201
		},
		"cookie":	"localhost.1512630670.380393.3ade3a61",
		"tcp_mss_default":	1460,
		"test_start":	{
			"protocol":	"TCP",
			"num_streams":	1,
			"blksize":	131072,
			"omit":	0,
			"duration":	10,
			"bytes":	0,
			"blocks":	0,
			"reverse":	0
		}
	},
	"intervals":	[{
			"streams":	[{
					"socket":	59,
					"start":	0,
					"end":	1.000611,
					"seconds":	1.000611,
					"bytes":	1239540,
					"bits_per_second":	9910264.166408,
					"retransmits":	0,
					"snd_cwnd":	17520,
					"rtt":	414,
					"omitted":	false
				}],
			"sum":	{
				"start":	0,
				"end":	1.000611,
				"seconds":	1.000611,
				"bytes":	1239540,
				"bits_per_second":	9910264.166408,
				"retransmits":	0,
				"omitted":	false
			}
		}, {
			"streams":	[{
					"socket":	59,
					"start":	1.000611,
					"end":	2.000723,
					"seconds":	1.000112,
					"bytes":	1366560,
					"bits_per_second":	10931255.079277,
					"retransmits":	0,
					"snd_cwnd":	17520,
					"rtt":	631,
					"omitted":	false
				}],
			"sum":	{
				"start":	1.000611,
				"end":	2.000723,
				"seconds":	1.000112,
				"bytes":	1366560,
				"bits_per_second":	10931255.079277,
				"retransmits":	0,
				"omitted":	false
			}
		}, {
			"streams":	[{
					"socket":	59,
					"start":	2.000723,
					"end":	3.001865,
					"seconds":	1.001142,
					"bytes":	1341740,
					"bits_per_second":	10721678.131844,
					"retransmits":	0,
					"snd_cwnd":	17520,
					"rtt":	430,
					"omitted":	false
				}],
			"sum":	{
				"start":	2.000723,
				"end":	3.001865,
				"seconds":	1.001142,
				"bytes":	1341740,
				"bits_per_second":	10721678.131844,
				"retransmits":	0,
				"omitted":	false
			}
		}, {
			"streams":	[{
					"socket":	59,
					"start":	3.001865,
					"end":	4.001277,
					"seconds":	0.999412,
					"bytes":	1596912,
					"bits_per_second":	12782811.528972,
					"retransmits":	0,
					"snd_cwnd":	17520,
					"rtt":	461,
					"omitted":	false
				}],
			"sum":	{
				"start":	3.001865,
				"end":	4.001277,
				"seconds":	0.999412,
				"bytes":	1596912,
				"bits_per_second":	12782811.528972,
				"retransmits":	0,
				"omitted":	false
			}
		}, {
			"streams":	[{
					"socket":	59,
					"start":	4.001277,
					"end":	5.001483,
					"seconds":	1.000206,
					"bytes":	1460000,
					"bits_per_second":	11677594.489660,
					"retransmits":	0,
					"snd_cwnd":	17520,
					"rtt":	352,
					"omitted":	false
				}],
			"sum":	{
				"start":	4.001277,
				"end":	5.001483,
				"seconds":	1.000206,
				"bytes":	1460000,
				"bits_per_second":	11677594.489660,
				"retransmits":	0,
				"omitted":	false
			}
		}, {
			"streams":	[{
					"socket":	59,
					"start":	5.001483,
					"end":	6.001271,
					"seconds":	0.999788,
					"bytes":	1626112,
					"bits_per_second":	13011653.873605,
					"retransmits":	0,
					"snd_cwnd":	17520,
					"rtt":	474,
					"omitted":	false
				}],
			"sum":	{
				"start":	5.001483,
				"end":	6.001271,
				"seconds":	0.999788,
				"bytes":	1626112,
				"bits_per_second":	13011653.873605,
				"retransmits":	0,
				"omitted":	false
			}
		}, {
			"streams":	[{
					"socket":	59,
					"start":	6.001271,
					"end":	7.000792,
					"seconds":	0.999521,
					"bytes":	1264360,
					"bits_per_second":	10119727.176527,
					"retransmits":	0,
					"snd_cwnd":	17520,
					"rtt":	427,
					"omitted":	false
				}],
			"sum":	{
				"start":	6.001271,
				"end":	7.000792,
				"seconds":	0.999521,
				"bytes":	1264360,
				"bits_per_second":	10119727.176527,
				"retransmits":	0,
				"omitted":	false
			}
		}, {
			"streams":	[{
					"socket":	59,
					"start":	7.000792,
					"end":	8.001061,
					"seconds":	1.000269,
					"bytes":	1230780,
					"bits_per_second":	9843592.702005,
					"retransmits":	0,
					"snd_cwnd":	17520,
					"rtt":	473,
					"omitted":	false
				}],
			"sum":	{
				"start":	7.000792,
				"end":	8.001061,
				"seconds":	1.000269,
				"bytes":	1230780,
				"bits_per_second":	9843592.702005,
				"retransmits":	0,
				"omitted":	false
			}
		}, {
			"streams":	[{
					"socket":	59,
					"start":	8.001061,
					"end":	9.000705,
					"seconds":	0.999644,
					"bytes":	1426420,
					"bits_per_second":	11415423.422005,
					"retransmits":	0,
					"snd_cwnd":	17520,
					"rtt":	417,
					"omitted":	false
				}],
			"sum":	{
				"start":	8.001061,
				"end":	9.000705,
				"seconds":	0.999644,
				"bytes":	1426420,
				"bits_per_second":	11415423.422005,
				"retransmits":	0,
				"omitted":	false
			}
		}, {
			"streams":	[{
					"socket":	59,
					"start":	9.000705,
					"end":	10.000825,
					"seconds":	1.000120,
					"bytes":	1462920,
					"bits_per_second":	11701956.648170,
					"retransmits":	0,
					"snd_cwnd":	17520,
					"rtt":	552,
					"omitted":	false
				}],
			"sum":	{
				"start":	9.000705,
				"end":	10.000825,
				"seconds":	1.000120,
				"bytes":	1462920,
				"bits_per_second":	11701956.648170,
				"retransmits":	0,
				"omitted":	false
			}
		}],
	"end":	{
		"streams":	[{
				"sender":	{
					"socket":	59,
					"start":	0,
					"end":	10.000825,
					"seconds":	10.000825,
					"bytes":	14015344,
					"bits_per_second":	11211350.344000,
					"retransmits":	0,
					"max_snd_cwnd":	17520,
					"max_rtt":	631,
					"min_rtt":	352,
					"mean_rtt":	463
				},
				"receiver":	{
					"socket":	59,
					"start":	0,
					"end":	10.000825,
					"seconds":	10.000825,
					"bytes":	13672244,
					"bits_per_second":	10936892.984764
				}
			}],
		"sum_sent":	{
			"start":	0,
			"end":	10.000825,
			"seconds":	10.000825,
			"bytes":	14015344,
			"bits_per_second":	11211350.344000,
			"retransmits":	0
		},
		"sum_received":	{
			"start":	0,
			"end":	10.000825,
			"seconds":	10.000825,
			"bytes":	13672244,
			"bits_per_second":	10936892.984764
		},
		"cpu_utilization_percent":	{
			"host_total":	119.666543,
			"host_user":	83.803556,
			"host_system":	35.929911,
			"remote_total":	0.232781,
			"remote_user":	0.079245,
			"remote_system":	0.153537
		}
	}
}
