{
	"end": {
		"sum_sent": {
			"start": 0,
			"end": 10.049848333333333,
			"seconds": 10.049848333333333,
			"bytes": 115305026.66666667,
			"bits_per_second": 91789797.40740132,
			"retransmits": 0
		},
		"sum_received": {
			"start": 0,
			"end": 10.049848333333333,
			"seconds": 10.049848333333333,
			"bytes": 115305026.66666667,
			"bits_per_second": 91789797.40740132
		},
		"cpu_utilization_percent": {
			"host_total": 147.91782266666667,
			"host_user": 31.787355333333334,
			"host_system": 116.142743,
			"host_user_normalized": 21.480459951040903,
			"host_system_normalized": 78.5283474074226,
			"remote_total": 2.8539126666666665,
			"remote_user": 1.0440813333333334,
			"remote_system": 1.8098313333333333,
			"remote_user_normalized": 36.95210012973154,
			"remote_system_normalized": 63.04789987026845
		}
	}
}
