{
	"start":	{
		"connected":	[{
				"socket":	388,
				"local_host":	"10.0.2.15",
				"local_port":	49978,
				"remote_host":	"128.61.92.187",
				"remote_port":	5201
			}],
		"version":	"iperf 3.1.3",
		"system_info":	"Linux localhost 3.18.56+ #1 SMP PREEMPT Fri Oct 13 14:54:31 PDT 2017 i686",
		"timestamp":	{
			"time":	"Thu, 07 Dec 2017 06:42:36 GMT",
			"timesecs":	1512628956
		},
		"connecting_to":	{
			"host":	"128.61.92.187",
			"port":	5201
		},
		"cookie":	"localhost.1512628956.478365.05200299",
		"tcp_mss_default":	1460,
		"test_start":	{
			"protocol":	"TCP",
			"num_streams":	1,
			"blksize":	131072,
			"omit":	0,
			"duration":	10,
			"bytes":	0,
			"blocks":	0,
			"reverse":	0
		}
	},
	"intervals":	[{
			"streams":	[{
					"socket":	388,
					"start":	0,
					"end":	1.015163,
					"seconds":	1.015163,
					"bytes":	9712352,
					"bits_per_second":	76538252.455273,
					"retransmits":	0,
					"snd_cwnd":	20440,
					"rtt":	498,
					"omitted":	false
				}],
			"sum":	{
				"start":	0,
				"end":	1.015163,
				"seconds":	1.015163,
				"bytes":	9712352,
				"bits_per_second":	76538252.455273,
				"retransmits":	0,
				"omitted":	false
			}
		}, {
			"streams":	[{
					"socket":	388,
					"start":	1.015163,
					"end":	2.137835,
					"seconds":	1.122672,
					"bytes":	12418948,
					"bits_per_second":	88495658.510609,
					"retransmits":	0,
					"snd_cwnd":	20440,
					"rtt":	465,
					"omitted":	false
				}],
			"sum":	{
				"start":	1.015163,
				"end":	2.137835,
				"seconds":	1.122672,
				"bytes":	12418948,
				"bits_per_second":	88495658.510609,
				"retransmits":	0,
				"omitted":	false
			}
		}, {
			"streams":	[{
					"socket":	388,
					"start":	2.137835,
					"end":	3.060533,
					"seconds":	0.922698,
					"bytes":	11754204,
					"bits_per_second":	101911600.400645,
					"retransmits":	0,
					"snd_cwnd":	20440,
					"rtt":	501,
					"omitted":	false
				}],
			"sum":	{
				"start":	2.137835,
				"end":	3.060533,
				"seconds":	0.922698,
				"bytes":	11754204,
				"bits_per_second":	101911600.400645,
				"retransmits":	0,
				"omitted":	false
			}
		}, {
			"streams":	[{
					"socket":	388,
					"start":	3.060533,
					"end":	4.016775,
					"seconds":	0.956242,
					"bytes":	11303392,
					"bits_per_second":	94565108.005032,
					"retransmits":	0,
					"snd_cwnd":	20440,
					"rtt":	484,
					"omitted":	false
				}],
			"sum":	{
				"start":	3.060533,
				"end":	4.016775,
				"seconds":	0.956242,
				"bytes":	11303392,
				"bits_per_second":	94565108.005032,
				"retransmits":	0,
				"omitted":	false
			}
		}, {
			"streams":	[{
					"socket":	388,
					"start":	4.016775,
					"end":	5.045906,
					"seconds":	1.029131,
					"bytes":	11796480,
					"bits_per_second":	91700518.106238,
					"retransmits":	0,
					"snd_cwnd":	20440,
					"rtt":	434,
					"omitted":	false
				}],
			"sum":	{
				"start":	4.016775,
				"end":	5.045906,
				"seconds":	1.029131,
				"bytes":	11796480,
				"bits_per_second":	91700518.106238,
				"retransmits":	0,
				"omitted":	false
			}
		}, {
			"streams":	[{
					"socket":	388,
					"start":	5.045906,
					"end":	6.029090,
					"seconds":	0.983184,
					"bytes":	11421176,
					"bits_per_second":	92932145.744209,
					"retransmits":	0,
					"snd_cwnd":	20440,
					"rtt":	440,
					"omitted":	false
				}],
			"sum":	{
				"start":	5.045906,
				"end":	6.029090,
				"seconds":	0.983184,
				"bytes":	11421176,
				"bits_per_second":	92932145.744209,
				"retransmits":	0,
				"omitted":	false
			}
		}, {
			"streams":	[{
					"socket":	388,
					"start":	6.029090,
					"end":	7.000380,
					"seconds":	0.971290,
					"bytes":	12276196,
					"bits_per_second":	101112521.315813,
					"retransmits":	0,
					"snd_cwnd":	20440,
					"rtt":	489,
					"omitted":	false
				}],
			"sum":	{
				"start":	6.029090,
				"end":	7.000380,
				"seconds":	0.971290,
				"bytes":	12276196,
				"bits_per_second":	101112521.315813,
				"retransmits":	0,
				"omitted":	false
			}
		}, {
			"streams":	[{
					"socket":	388,
					"start":	7.000380,
					"end":	8.000728,
					"seconds":	1.000348,
					"bytes":	15437880,
					"bits_per_second":	123460064.647144,
					"retransmits":	0,
					"snd_cwnd":	20440,
					"rtt":	501,
					"omitted":	false
				}],
			"sum":	{
				"start":	7.000380,
				"end":	8.000728,
				"seconds":	1.000348,
				"bytes":	15437880,
				"bits_per_second":	123460064.647144,
				"retransmits":	0,
				"omitted":	false
			}
		}, {
			"streams":	[{
					"socket":	388,
					"start":	8.000728,
					"end":	9.028167,
					"seconds":	1.027439,
					"bytes":	13442324,
					"bits_per_second":	104666656.281588,
					"retransmits":	0,
					"snd_cwnd":	20440,
					"rtt":	438,
					"omitted":	false
				}],
			"sum":	{
				"start":	8.000728,
				"end":	9.028167,
				"seconds":	1.027439,
				"bytes":	13442324,
				"bits_per_second":	104666656.281588,
				"retransmits":	0,
				"omitted":	false
			}
		}, {
			"streams":	[{
					"socket":	388,
					"start":	9.028167,
					"end":	10.081508,
					"seconds":	1.053341,
					"bytes":	13846436,
					"bits_per_second":	105162024.639552,
					"retransmits":	0,
					"snd_cwnd":	20440,
					"rtt":	504,
					"omitted":	false
				}],
			"sum":	{
				"start":	9.028167,
				"end":	10.081508,
				"seconds":	1.053341,
				"bytes":	13846436,
				"bits_per_second":	105162024.639552,
				"retransmits":	0,
				"omitted":	false
			}
		}],
	"end":	{
		"streams":	[{
				"sender":	{
					"socket":	388,
					"start":	0,
					"end":	10.081508,
					"seconds":	10.081508,
					"bytes":	123409388,
					"bits_per_second":	97929306.644087,
					"retransmits":	0,
					"max_snd_cwnd":	20440,
					"max_rtt":	504,
					"min_rtt":	434,
					"mean_rtt":	475
				},
				"receiver":	{
					"socket":	388,
					"start":	0,
					"end":	10.081508,
					"seconds":	10.081508,
					"bytes":	123409388,
					"bits_per_second":	97929306.644087
				}
			}],
		"sum_sent":	{
			"start":	0,
			"end":	10.081508,
			"seconds":	10.081508,
			"bytes":	123409388,
			"bits_per_second":	97929306.644087,
			"retransmits":	0
		},
		"sum_received":	{
			"start":	0,
			"end":	10.081508,
			"seconds":	10.081508,
			"bytes":	123409388,
			"bits_per_second":	97929306.644087
		},
		"cpu_utilization_percent":	{
			"host_total":	144.287352,
			"host_user":	57.314428,
			"host_system":	86.959821,
			"remote_total":	4.249935,
			"remote_user":	1.387064,
			"remote_system":	2.862870
		}
	}
}
