{
	"start":	{
		"connected":	[{
				"socket":	474,
				"local_host":	"10.0.2.15",
				"local_port":	46438,
				"remote_host":	"192.168.1.4",
				"remote_port":	5201
			}],
		"version":	"iperf 3.1.3",
		"system_info":	"Linux localhost 3.18.48+ #1 SMP PREEMPT Wed Apr 19 00:58:20 UTC 2017 i686",
		"timestamp":	{
			"time":	"Fri, 08 Dec 2017 02:13:36 GMT",
			"timesecs":	1512699216
		},
		"connecting_to":	{
			"host":	"192.168.1.4",
			"port":	5201
		},
		"cookie":	"localhost.1512699216.127545.30c084b0",
		"tcp_mss_default":	1460,
		"test_start":	{
			"protocol":	"TCP",
			"num_streams":	1,
			"blksize":	131072,
			"omit":	0,
			"duration":	10,
			"bytes":	0,
			"blocks":	0,
			"reverse":	0
		}
	},
	"intervals":	[{
			"streams":	[{
					"socket":	474,
					"start":	0,
					"end":	1.022275,
					"seconds":	1.022275,
					"bytes":	6007476,
					"bits_per_second":	47012603.617398,
					"retransmits":	0,
					"snd_cwnd":	17520,
					"rtt":	674,
					"omitted":	false
				}],
			"sum":	{
				"start":	0,
				"end":	1.022275,
				"seconds":	1.022275,
				"bytes":	6007476,
				"bits_per_second":	47012603.617398,
				"retransmits":	0,
				"omitted":	false
			}
		}, {
			"streams":	[{
					"socket":	474,
					"start":	1.022275,
					"end":	2.016417,
					"seconds":	0.994142,
					"bytes":	6227704,
					"bits_per_second":	50115204.083553,
					"retransmits":	0,
					"snd_cwnd":	17520,
					"rtt":	802,
					"omitted":	false
				}],
			"sum":	{
				"start":	1.022275,
				"end":	2.016417,
				"seconds":	0.994142,
				"bytes":	6227704,
				"bits_per_second":	50115204.083553,
				"retransmits":	0,
				"omitted":	false
			}
		}, {
			"streams":	[{
					"socket":	474,
					"start":	2.016417,
					"end":	3.001570,
					"seconds":	0.985153,
					"bytes":	5207164,
					"bits_per_second":	42285120.888698,
					"retransmits":	0,
					"snd_cwnd":	17520,
					"rtt":	620,
					"omitted":	false
				}],
			"sum":	{
				"start":	2.016417,
				"end":	3.001570,
				"seconds":	0.985153,
				"bytes":	5207164,
				"bits_per_second":	42285120.888698,
				"retransmits":	0,
				"omitted":	false
			}
		}, {
			"streams":	[{
					"socket":	474,
					"start":	3.001570,
					"end":	4.000929,
					"seconds":	0.999359,
					"bytes":	5821168,
					"bits_per_second":	46599207.994381,
					"retransmits":	0,
					"snd_cwnd":	17520,
					"rtt":	3209,
					"omitted":	false
				}],
			"sum":	{
				"start":	3.001570,
				"end":	4.000929,
				"seconds":	0.999359,
				"bytes":	5821168,
				"bits_per_second":	46599207.994381,
				"retransmits":	0,
				"omitted":	false
			}
		}, {
			"streams":	[{
					"socket":	474,
					"start":	4.000929,
					"end":	5.023720,
					"seconds":	1.022791,
					"bytes":	6205000,
					"bits_per_second":	48533869.016871,
					"retransmits":	0,
					"snd_cwnd":	17520,
					"rtt":	2869,
					"omitted":	false
				}],
			"sum":	{
				"start":	4.000929,
				"end":	5.023720,
				"seconds":	1.022791,
				"bytes":	6205000,
				"bits_per_second":	48533869.016871,
				"retransmits":	0,
				"omitted":	false
			}
		}, {
			"streams":	[{
					"socket":	474,
					"start":	5.023720,
					"end":	6.001721,
					"seconds":	0.978001,
					"bytes":	6432760,
					"bits_per_second":	52619653.565114,
					"retransmits":	0,
					"snd_cwnd":	17520,
					"rtt":	624,
					"omitted":	false
				}],
			"sum":	{
				"start":	5.023720,
				"end":	6.001721,
				"seconds":	0.978001,
				"bytes":	6432760,
				"bits_per_second":	52619653.565114,
				"retransmits":	0,
				"omitted":	false
			}
		}, {
			"streams":	[{
					"socket":	474,
					"start":	6.001721,
					"end":	7.105167,
					"seconds":	1.103446,
					"bytes":	6372180,
					"bits_per_second":	46198400.000553,
					"retransmits":	0,
					"snd_cwnd":	17520,
					"rtt":	418,
					"omitted":	false
				}],
			"sum":	{
				"start":	6.001721,
				"end":	7.105167,
				"seconds":	1.103446,
				"bytes":	6372180,
				"bits_per_second":	46198400.000553,
				"retransmits":	0,
				"omitted":	false
			}
		}, {
			"streams":	[{
					"socket":	474,
					"start":	7.105167,
					"end":	8.022986,
					"seconds":	0.917819,
					"bytes":	5852748,
					"bits_per_second":	51014396.977965,
					"retransmits":	0,
					"snd_cwnd":	17520,
					"rtt":	2646,
					"omitted":	false
				}],
			"sum":	{
				"start":	7.105167,
				"end":	8.022986,
				"seconds":	0.917819,
				"bytes":	5852748,
				"bits_per_second":	51014396.977965,
				"retransmits":	0,
				"omitted":	false
			}
		}, {
			"streams":	[{
					"socket":	474,
					"start":	8.022986,
					"end":	9.001393,
					"seconds":	0.978407,
					"bytes":	6053276,
					"bits_per_second":	49494957.258272,
					"retransmits":	0,
					"snd_cwnd":	17520,
					"rtt":	1272,
					"omitted":	false
				}],
			"sum":	{
				"start":	8.022986,
				"end":	9.001393,
				"seconds":	0.978407,
				"bytes":	6053276,
				"bits_per_second":	49494957.258272,
				"retransmits":	0,
				"omitted":	false
			}
		}, {
			"streams":	[{
					"socket":	474,
					"start":	9.001393,
					"end":	10.208327,
					"seconds":	1.206934,
					"bytes":	5959360,
					"bits_per_second":	39500818.585640,
					"retransmits":	0,
					"snd_cwnd":	17520,
					"rtt":	908,
					"omitted":	false
				}],
			"sum":	{
				"start":	9.001393,
				"end":	10.208327,
				"seconds":	1.206934,
				"bytes":	5959360,
				"bits_per_second":	39500818.585640,
				"retransmits":	0,
				"omitted":	false
			}
		}],
	"end":	{
		"streams":	[{
				"sender":	{
					"socket":	474,
					"start":	0,
					"end":	10.208327,
					"seconds":	10.208327,
					"bytes":	60138836,
					"bits_per_second":	47129239.238609,
					"retransmits":	0,
					"max_snd_cwnd":	17520,
					"max_rtt":	3209,
					"min_rtt":	418,
					"mean_rtt":	1404
				},
				"receiver":	{
					"socket":	474,
					"start":	0,
					"end":	10.208327,
					"seconds":	10.208327,
					"bytes":	60035832,
					"bits_per_second":	47048517.686923
				}
			}],
		"sum_sent":	{
			"start":	0,
			"end":	10.208327,
			"seconds":	10.208327,
			"bytes":	60138836,
			"bits_per_second":	47129239.238609,
			"retransmits":	0
		},
		"sum_received":	{
			"start":	0,
			"end":	10.208327,
			"seconds":	10.208327,
			"bytes":	60035832,
			"bits_per_second":	47048517.686923
		},
		"cpu_utilization_percent":	{
			"host_total":	159.214891,
			"host_user":	98.450318,
			"host_system":	60.773009,
			"remote_total":	3.465023,
			"remote_user":	0.378652,
			"remote_system":	3.086371
		}
	}
}
