{
	"start":	{
		"connected":	[{
				"socket":	666,
				"local_host":	"10.0.2.15",
				"local_port":	50034,
				"remote_host":	"128.61.92.187",
				"remote_port":	5201
			}],
		"version":	"iperf 3.1.3",
		"system_info":	"Linux localhost 3.18.56+ #1 SMP PREEMPT Fri Oct 13 14:54:31 PDT 2017 i686",
		"timestamp":	{
			"time":	"Thu, 07 Dec 2017 06:57:54 GMT",
			"timesecs":	1512629874
		},
		"connecting_to":	{
			"host":	"128.61.92.187",
			"port":	5201
		},
		"cookie":	"localhost.1512629874.021537.471e4ac4",
		"tcp_mss_default":	1460,
		"test_start":	{
			"protocol":	"TCP",
			"num_streams":	1,
			"blksize":	131072,
			"omit":	0,
			"duration":	10,
			"bytes":	0,
			"blocks":	0,
			"reverse":	0
		}
	},
	"intervals":	[{
			"streams":	[{
					"socket":	666,
					"start":	0,
					"end":	1.097867,
					"seconds":	1.097867,
					"bytes":	11663472,
					"bits_per_second":	84990053.420028,
					"retransmits":	0,
					"snd_cwnd":	17520,
					"rtt":	2436,
					"omitted":	false
				}],
			"sum":	{
				"start":	0,
				"end":	1.097867,
				"seconds":	1.097867,
				"bytes":	11663472,
				"bits_per_second":	84990053.420028,
				"retransmits":	0,
				"omitted":	false
			}
		}, {
			"streams":	[{
					"socket":	666,
					"start":	1.097867,
					"end":	2.120910,
					"seconds":	1.023043,
					"bytes":	10296796,
					"bits_per_second":	80518975.901128,
					"retransmits":	0,
					"snd_cwnd":	17520,
					"rtt":	513,
					"omitted":	false
				}],
			"sum":	{
				"start":	1.097867,
				"end":	2.120910,
				"seconds":	1.023043,
				"bytes":	10296796,
				"bits_per_second":	80518975.901128,
				"retransmits":	0,
				"omitted":	false
			}
		}, {
			"streams":	[{
					"socket":	666,
					"start":	2.120910,
					"end":	3.161884,
					"seconds":	1.040974,
					"bytes":	10529444,
					"bits_per_second":	80919927.546392,
					"retransmits":	0,
					"snd_cwnd":	17520,
					"rtt":	641,
					"omitted":	false
				}],
			"sum":	{
				"start":	2.120910,
				"end":	3.161884,
				"seconds":	1.040974,
				"bytes":	10529444,
				"bits_per_second":	80919927.546392,
				"retransmits":	0,
				"omitted":	false
			}
		}, {
			"streams":	[{
					"socket":	666,
					"start":	3.161884,
					"end":	4.111555,
					"seconds":	0.949671,
					"bytes":	11070480,
					"bits_per_second":	93257388.293549,
					"retransmits":	0,
					"snd_cwnd":	20440,
					"rtt":	441,
					"omitted":	false
				}],
			"sum":	{
				"start":	3.161884,
				"end":	4.111555,
				"seconds":	0.949671,
				"bytes":	11070480,
				"bits_per_second":	93257388.293549,
				"retransmits":	0,
				"omitted":	false
			}
		}, {
			"streams":	[{
					"socket":	666,
					"start":	4.111555,
					"end":	5.098904,
					"seconds":	0.987349,
					"bytes":	13081196,
					"bits_per_second":	105990449.643047,
					"retransmits":	0,
					"snd_cwnd":	20440,
					"rtt":	375,
					"omitted":	false
				}],
			"sum":	{
				"start":	4.111555,
				"end":	5.098904,
				"seconds":	0.987349,
				"bytes":	13081196,
				"bits_per_second":	105990449.643047,
				"retransmits":	0,
				"omitted":	false
			}
		}, {
			"streams":	[{
					"socket":	666,
					"start":	5.098904,
					"end":	6.006055,
					"seconds":	0.907151,
					"bytes":	11353148,
					"bits_per_second":	100121353.138477,
					"retransmits":	0,
					"snd_cwnd":	20440,
					"rtt":	479,
					"omitted":	false
				}],
			"sum":	{
				"start":	5.098904,
				"end":	6.006055,
				"seconds":	0.907151,
				"bytes":	11353148,
				"bits_per_second":	100121353.138477,
				"retransmits":	0,
				"omitted":	false
			}
		}, {
			"streams":	[{
					"socket":	666,
					"start":	6.006055,
					"end":	7.014623,
					"seconds":	1.008568,
					"bytes":	12637292,
					"bits_per_second":	100239502.978116,
					"retransmits":	0,
					"snd_cwnd":	20440,
					"rtt":	437,
					"omitted":	false
				}],
			"sum":	{
				"start":	6.006055,
				"end":	7.014623,
				"seconds":	1.008568,
				"bytes":	12637292,
				"bits_per_second":	100239502.978116,
				"retransmits":	0,
				"omitted":	false
			}
		}, {
			"streams":	[{
					"socket":	666,
					"start":	7.014623,
					"end":	8.077159,
					"seconds":	1.062536,
					"bytes":	13192240,
					"bits_per_second":	99326441.532586,
					"retransmits":	0,
					"snd_cwnd":	20440,
					"rtt":	486,
					"omitted":	false
				}],
			"sum":	{
				"start":	7.014623,
				"end":	8.077159,
				"seconds":	1.062536,
				"bytes":	13192240,
				"bits_per_second":	99326441.532586,
				"retransmits":	0,
				"omitted":	false
			}
		}, {
			"streams":	[{
					"socket":	666,
					"start":	8.077159,
					"end":	9.070241,
					"seconds":	0.993082,
					"bytes":	12645396,
					"bits_per_second":	101867885.292703,
					"retransmits":	0,
					"snd_cwnd":	20440,
					"rtt":	391,
					"omitted":	false
				}],
			"sum":	{
				"start":	8.077159,
				"end":	9.070241,
				"seconds":	0.993082,
				"bytes":	12645396,
				"bits_per_second":	101867885.292703,
				"retransmits":	0,
				"omitted":	false
			}
		}, {
			"streams":	[{
					"socket":	666,
					"start":	9.070241,
					"end":	10.045174,
					"seconds":	0.974933,
					"bytes":	12008508,
					"bits_per_second":	98538104.128680,
					"retransmits":	0,
					"snd_cwnd":	20440,
					"rtt":	481,
					"omitted":	false
				}],
			"sum":	{
				"start":	9.070241,
				"end":	10.045174,
				"seconds":	0.974933,
				"bytes":	12008508,
				"bits_per_second":	98538104.128680,
				"retransmits":	0,
				"omitted":	false
			}
		}],
	"end":	{
		"streams":	[{
				"sender":	{
					"socket":	666,
					"start":	0,
					"end":	10.045174,
					"seconds":	10.045174,
					"bytes":	118477972,
					"bits_per_second":	94356132.059243,
					"retransmits":	0,
					"max_snd_cwnd":	20440,
					"max_rtt":	2436,
					"min_rtt":	375,
					"mean_rtt":	668
				},
				"receiver":	{
					"socket":	666,
					"start":	0,
					"end":	10.045174,
					"seconds":	10.045174,
					"bytes":	118477972,
					"bits_per_second":	94356132.059243
				}
			}],
		"sum_sent":	{
			"start":	0,
			"end":	10.045174,
			"seconds":	10.045174,
			"bytes":	118477972,
			"bits_per_second":	94356132.059243,
			"retransmits":	0
		},
		"sum_received":	{
			"start":	0,
			"end":	10.045174,
			"seconds":	10.045174,
			"bytes":	118477972,
			"bits_per_second":	94356132.059243
		},
		"cpu_utilization_percent":	{
			"host_total":	146.465660,
			"host_user":	53.823421,
			"host_system":	92.580248,
			"remote_total":	2.644177,
			"remote_user":	0.888130,
			"remote_system":	1.756047
		}
	}
}
