{
	"start":	{
		"connected":	[{
				"socket":	92,
				"local_host":	"10.0.2.15",
				"local_port":	54299,
				"remote_host":	"128.61.92.187",
				"remote_port":	5201
			}],
		"version":	"iperf 3.1.3",
		"system_info":	"Linux localhost 3.18.56+ #1 SMP PREEMPT Fri Aug 25 10:56:18 PDT 2017 i686",
		"timestamp":	{
			"time":	"Thu, 07 Dec 2017 04:03:41 GMT",
			"timesecs":	1512619421
		},
		"connecting_to":	{
			"host":	"128.61.92.187",
			"port":	5201
		},
		"cookie":	"localhost.1512619421.714870.5a69c63a",
		"tcp_mss_default":	1460,
		"test_start":	{
			"protocol":	"TCP",
			"num_streams":	1,
			"blksize":	131072,
			"omit":	0,
			"duration":	10,
			"bytes":	0,
			"blocks":	0,
			"reverse":	0
		}
	},
	"intervals":	[{
			"streams":	[{
					"socket":	92,
					"start":	0,
					"end":	1.027959,
					"seconds":	1.027959,
					"bytes":	9998840,
					"bits_per_second":	77815079.753695,
					"retransmits":	0,
					"snd_cwnd":	20440,
					"rtt":	700,
					"omitted":	false
				}],
			"sum":	{
				"start":	0,
				"end":	1.027959,
				"seconds":	1.027959,
				"bytes":	9998840,
				"bits_per_second":	77815079.753695,
				"retransmits":	0,
				"omitted":	false
			}
		}, {
			"streams":	[{
					"socket":	92,
					"start":	1.027959,
					"end":	2.037672,
					"seconds":	1.009713,
					"bytes":	12000140,
					"bits_per_second":	95077637.138626,
					"retransmits":	0,
					"snd_cwnd":	20440,
					"rtt":	573,
					"omitted":	false
				}],
			"sum":	{
				"start":	1.027959,
				"end":	2.037672,
				"seconds":	1.009713,
				"bytes":	12000140,
				"bits_per_second":	95077637.138626,
				"retransmits":	0,
				"omitted":	false
			}
		}, {
			"streams":	[{
					"socket":	92,
					"start":	2.037672,
					"end":	3.103815,
					"seconds":	1.066143,
					"bytes":	13499644,
					"bits_per_second":	101297057.115774,
					"retransmits":	0,
					"snd_cwnd":	20440,
					"rtt":	457,
					"omitted":	false
				}],
			"sum":	{
				"start":	2.037672,
				"end":	3.103815,
				"seconds":	1.066143,
				"bytes":	13499644,
				"bits_per_second":	101297057.115774,
				"retransmits":	0,
				"omitted":	false
			}
		}, {
			"streams":	[{
					"socket":	92,
					"start":	3.103815,
					"end":	4.079015,
					"seconds":	0.975200,
					"bytes":	13461272,
					"bits_per_second":	110428817.541444,
					"retransmits":	0,
					"snd_cwnd":	20440,
					"rtt":	433,
					"omitted":	false
				}],
			"sum":	{
				"start":	3.103815,
				"end":	4.079015,
				"seconds":	0.975200,
				"bytes":	13461272,
				"bits_per_second":	110428817.541444,
				"retransmits":	0,
				"omitted":	false
			}
		}, {
			"streams":	[{
					"socket":	92,
					"start":	4.079015,
					"end":	5.071570,
					"seconds":	0.992555,
					"bytes":	13211696,
					"bits_per_second":	106486343.766961,
					"retransmits":	0,
					"snd_cwnd":	20440,
					"rtt":	1030,
					"omitted":	false
				}],
			"sum":	{
				"start":	4.079015,
				"end":	5.071570,
				"seconds":	0.992555,
				"bytes":	13211696,
				"bits_per_second":	106486343.766961,
				"retransmits":	0,
				"omitted":	false
			}
		}, {
			"streams":	[{
					"socket":	92,
					"start":	5.071570,
					"end":	6.018286,
					"seconds":	0.946716,
					"bytes":	12404200,
					"bits_per_second":	104818781.593497,
					"retransmits":	0,
					"snd_cwnd":	20440,
					"rtt":	843,
					"omitted":	false
				}],
			"sum":	{
				"start":	5.071570,
				"end":	6.018286,
				"seconds":	0.946716,
				"bytes":	12404200,
				"bits_per_second":	104818781.593497,
				"retransmits":	0,
				"omitted":	false
			}
		}, {
			"streams":	[{
					"socket":	92,
					"start":	6.018286,
					"end":	7.002217,
					"seconds":	0.983931,
					"bytes":	13680960,
					"bits_per_second":	111235109.792838,
					"retransmits":	0,
					"snd_cwnd":	20440,
					"rtt":	497,
					"omitted":	false
				}],
			"sum":	{
				"start":	6.018286,
				"end":	7.002217,
				"seconds":	0.983931,
				"bytes":	13680960,
				"bits_per_second":	111235109.792838,
				"retransmits":	0,
				"omitted":	false
			}
		}, {
			"streams":	[{
					"socket":	92,
					"start":	7.002217,
					"end":	8.039907,
					"seconds":	1.037690,
					"bytes":	14614884,
					"bits_per_second":	112672455.681420,
					"retransmits":	0,
					"snd_cwnd":	20440,
					"rtt":	480,
					"omitted":	false
				}],
			"sum":	{
				"start":	7.002217,
				"end":	8.039907,
				"seconds":	1.037690,
				"bytes":	14614884,
				"bits_per_second":	112672455.681420,
				"retransmits":	0,
				"omitted":	false
			}
		}, {
			"streams":	[{
					"socket":	92,
					"start":	8.039907,
					"end":	9.012732,
					"seconds":	0.972825,
					"bytes":	13848912,
					"bits_per_second":	113886146.290830,
					"retransmits":	0,
					"snd_cwnd":	20440,
					"rtt":	399,
					"omitted":	false
				}],
			"sum":	{
				"start":	8.039907,
				"end":	9.012732,
				"seconds":	0.972825,
				"bytes":	13848912,
				"bits_per_second":	113886146.290830,
				"retransmits":	0,
				"omitted":	false
			}
		}, {
			"streams":	[{
					"socket":	92,
					"start":	9.012732,
					"end":	10.004026,
					"seconds":	0.991294,
					"bytes":	13545740,
					"bits_per_second":	109317623.313660,
					"retransmits":	0,
					"snd_cwnd":	20440,
					"rtt":	499,
					"omitted":	false
				}],
			"sum":	{
				"start":	9.012732,
				"end":	10.004026,
				"seconds":	0.991294,
				"bytes":	13545740,
				"bits_per_second":	109317623.313660,
				"retransmits":	0,
				"omitted":	false
			}
		}],
	"end":	{
		"streams":	[{
				"sender":	{
					"socket":	92,
					"start":	0,
					"end":	10.004026,
					"seconds":	10.004026,
					"bytes":	130266288,
					"bits_per_second":	104171089.301190,
					"retransmits":	0,
					"max_snd_cwnd":	20440,
					"max_rtt":	1030,
					"min_rtt":	399,
					"mean_rtt":	591
				},
				"receiver":	{
					"socket":	92,
					"start":	0,
					"end":	10.004026,
					"seconds":	10.004026,
					"bytes":	129958228,
					"bits_per_second":	103924740.485523
				}
			}],
		"sum_sent":	{
			"start":	0,
			"end":	10.004026,
			"seconds":	10.004026,
			"bytes":	130266288,
			"bits_per_second":	104171089.301190,
			"retransmits":	0
		},
		"sum_received":	{
			"start":	0,
			"end":	10.004026,
			"seconds":	10.004026,
			"bytes":	129958228,
			"bits_per_second":	103924740.485523
		},
		"cpu_utilization_percent":	{
			"host_total":	129.500259,
			"host_user":	54.445706,
			"host_system":	75.087210,
			"remote_total":	3.554166,
			"remote_user":	1.399370,
			"remote_system":	2.154795
		}
	}
}
