{
	"end": {
		"sum_sent": {
			"start": 0,
			"end": 10.006807,
			"seconds": 10.006807,
			"bytes": 186151537.33333334,
			"bits_per_second": 148821902.10702,
			"retransmits": 0
		},
		"sum_received": {
			"start": 0,
			"end": 10.006807,
			"seconds": 10.006807,
			"bytes": 185832770.66666666,
			"bits_per_second": 148567046.68126598
		},
		"cpu_utilization_percent": {
			"host_total": 165.546774,
			"host_user": 112.28903833333332,
			"host_system": 53.301019,
			"host_user_normalized": 67.83866024300092,
			"host_system_normalized": 32.187339130288905,
			"remote_total": 0.7712003333333334,
			"remote_user": 0.080523,
			"remote_system": 0.690678,
			"remote_user_normalized": 10.447068187863852,
			"remote_system_normalized": 89.55301054361456
		}
	}
}
