{
	"start":	{
		"connected":	[{
				"socket":	314,
				"local_host":	"10.0.2.15",
				"local_port":	54156,
				"remote_host":	"128.61.92.187",
				"remote_port":	5201
			}],
		"version":	"iperf 3.1.3",
		"system_info":	"Linux localhost 3.18.56+ #1 SMP PREEMPT Fri Aug 25 10:56:18 PDT 2017 i686",
		"timestamp":	{
			"time":	"Thu, 07 Dec 2017 02:41:17 GMT",
			"timesecs":	1512614477
		},
		"connecting_to":	{
			"host":	"128.61.92.187",
			"port":	5201
		},
		"cookie":	"localhost.1512614477.585792.68774b72",
		"tcp_mss_default":	1460,
		"test_start":	{
			"protocol":	"TCP",
			"num_streams":	1,
			"blksize":	131072,
			"omit":	0,
			"duration":	10,
			"bytes":	0,
			"blocks":	0,
			"reverse":	0
		}
	},
	"intervals":	[{
			"streams":	[{
					"socket":	314,
					"start":	0,
					"end":	1.035061,
					"seconds":	1.035061,
					"bytes":	8740468,
					"bits_per_second":	67555183.536724,
					"retransmits":	0,
					"snd_cwnd":	17520,
					"rtt":	523,
					"omitted":	false
				}],
			"sum":	{
				"start":	0,
				"end":	1.035061,
				"seconds":	1.035061,
				"bytes":	8740468,
				"bits_per_second":	67555183.536724,
				"retransmits":	0,
				"omitted":	false
			}
		}, {
			"streams":	[{
					"socket":	314,
					"start":	1.035061,
					"end":	2.075392,
					"seconds":	1.040331,
					"bytes":	11750744,
					"bits_per_second":	90361588.980087,
					"retransmits":	0,
					"snd_cwnd":	17520,
					"rtt":	407,
					"omitted":	false
				}],
			"sum":	{
				"start":	1.035061,
				"end":	2.075392,
				"seconds":	1.040331,
				"bytes":	11750744,
				"bits_per_second":	90361588.980087,
				"retransmits":	0,
				"omitted":	false
			}
		}, {
			"streams":	[{
					"socket":	314,
					"start":	2.075392,
					"end":	3.007615,
					"seconds":	0.932223,
					"bytes":	9686696,
					"bits_per_second":	83127707.874312,
					"retransmits":	0,
					"snd_cwnd":	17520,
					"rtt":	406,
					"omitted":	false
				}],
			"sum":	{
				"start":	2.075392,
				"end":	3.007615,
				"seconds":	0.932223,
				"bytes":	9686696,
				"bits_per_second":	83127707.874312,
				"retransmits":	0,
				"omitted":	false
			}
		}, {
			"streams":	[{
					"socket":	314,
					"start":	3.007615,
					"end":	4.057149,
					"seconds":	1.049534,
					"bytes":	12362336,
					"bits_per_second":	94231039.903580,
					"retransmits":	0,
					"snd_cwnd":	17520,
					"rtt":	366,
					"omitted":	false
				}],
			"sum":	{
				"start":	3.007615,
				"end":	4.057149,
				"seconds":	1.049534,
				"bytes":	12362336,
				"bits_per_second":	94231039.903580,
				"retransmits":	0,
				"omitted":	false
			}
		}, {
			"streams":	[{
					"socket":	314,
					"start":	4.057149,
					"end":	5.008188,
					"seconds":	0.951039,
					"bytes":	11876696,
					"bits_per_second":	99905034.642402,
					"retransmits":	0,
					"snd_cwnd":	17520,
					"rtt":	426,
					"omitted":	false
				}],
			"sum":	{
				"start":	4.057149,
				"end":	5.008188,
				"seconds":	0.951039,
				"bytes":	11876696,
				"bits_per_second":	99905034.642402,
				"retransmits":	0,
				"omitted":	false
			}
		}, {
			"streams":	[{
					"socket":	314,
					"start":	5.008188,
					"end":	6.003576,
					"seconds":	0.995388,
					"bytes":	10436660,
					"bits_per_second":	83880132.570640,
					"retransmits":	0,
					"snd_cwnd":	17520,
					"rtt":	542,
					"omitted":	false
				}],
			"sum":	{
				"start":	5.008188,
				"end":	6.003576,
				"seconds":	0.995388,
				"bytes":	10436660,
				"bits_per_second":	83880132.570640,
				"retransmits":	0,
				"omitted":	false
			}
		}, {
			"streams":	[{
					"socket":	314,
					"start":	6.003576,
					"end":	7.017873,
					"seconds":	1.014297,
					"bytes":	12172420,
					"bits_per_second":	96006750.668256,
					"retransmits":	0,
					"snd_cwnd":	17520,
					"rtt":	590,
					"omitted":	false
				}],
			"sum":	{
				"start":	6.003576,
				"end":	7.017873,
				"seconds":	1.014297,
				"bytes":	12172420,
				"bits_per_second":	96006750.668256,
				"retransmits":	0,
				"omitted":	false
			}
		}, {
			"streams":	[{
					"socket":	314,
					"start":	7.017873,
					"end":	8.074835,
					"seconds":	1.056962,
					"bytes":	13318276,
					"bits_per_second":	100804197.941729,
					"retransmits":	0,
					"snd_cwnd":	17520,
					"rtt":	679,
					"omitted":	false
				}],
			"sum":	{
				"start":	7.017873,
				"end":	8.074835,
				"seconds":	1.056962,
				"bytes":	13318276,
				"bits_per_second":	100804197.941729,
				"retransmits":	0,
				"omitted":	false
			}
		}, {
			"streams":	[{
					"socket":	314,
					"start":	8.074835,
					"end":	9.015164,
					"seconds":	0.940329,
					"bytes":	12067892,
					"bits_per_second":	102669521.320941,
					"retransmits":	0,
					"snd_cwnd":	17520,
					"rtt":	468,
					"omitted":	false
				}],
			"sum":	{
				"start":	8.074835,
				"end":	9.015164,
				"seconds":	0.940329,
				"bytes":	12067892,
				"bits_per_second":	102669521.320941,
				"retransmits":	0,
				"omitted":	false
			}
		}, {
			"streams":	[{
					"socket":	314,
					"start":	9.015164,
					"end":	10.011116,
					"seconds":	0.995952,
					"bytes":	13730176,
					"bits_per_second":	110287865.306155,
					"retransmits":	0,
					"snd_cwnd":	20440,
					"rtt":	418,
					"omitted":	false
				}],
			"sum":	{
				"start":	9.015164,
				"end":	10.011116,
				"seconds":	0.995952,
				"bytes":	13730176,
				"bits_per_second":	110287865.306155,
				"retransmits":	0,
				"omitted":	false
			}
		}],
	"end":	{
		"streams":	[{
				"sender":	{
					"socket":	314,
					"start":	0,
					"end":	10.011116,
					"seconds":	10.011116,
					"bytes":	116142364,
					"bits_per_second":	92810722.542511,
					"retransmits":	0,
					"max_snd_cwnd":	20440,
					"max_rtt":	679,
					"min_rtt":	366,
					"mean_rtt":	482
				},
				"receiver":	{
					"socket":	314,
					"start":	0,
					"end":	10.011116,
					"seconds":	10.011116,
					"bytes":	116142364,
					"bits_per_second":	92810722.542511
				}
			}],
		"sum_sent":	{
			"start":	0,
			"end":	10.011116,
			"seconds":	10.011116,
			"bytes":	116142364,
			"bits_per_second":	92810722.542511,
			"retransmits":	0
		},
		"sum_received":	{
			"start":	0,
			"end":	10.011116,
			"seconds":	10.011116,
			"bytes":	116142364,
			"bits_per_second":	92810722.542511
		},
		"cpu_utilization_percent":	{
			"host_total":	134.994044,
			"host_user":	11.331045,
			"host_system":	123.647543,
			"remote_total":	3.609985,
			"remote_user":	1.342300,
			"remote_system":	2.267685
		}
	}
}
