{
	"start":	{
		"connected":	[{
<<<<<<< HEAD
				"socket":	259,
				"local_host":	"10.0.2.15",
				"local_port":	40556,
=======
				"socket":	334,
				"local_host":	"10.0.2.15",
				"local_port":	40461,
>>>>>>> 067a8e7... add compression data
				"remote_host":	"128.61.8.181",
				"remote_port":	5201
			}],
		"version":	"iperf 3.1.3",
		"system_info":	"Linux localhost 3.18.48+ #1 SMP PREEMPT Wed Apr 19 00:58:20 UTC 2017 i686",
		"timestamp":	{
<<<<<<< HEAD
			"time":	"Sat, 09 Dec 2017 00:19:26 GMT",
			"timesecs":	1512778766
=======
			"time":	"Fri, 08 Dec 2017 22:03:44 GMT",
			"timesecs":	1512770624
>>>>>>> 067a8e7... add compression data
		},
		"connecting_to":	{
			"host":	"128.61.8.181",
			"port":	5201
		},
<<<<<<< HEAD
		"cookie":	"localhost.1512778766.324334.36fcb544",
=======
		"cookie":	"localhost.1512770624.233174.6f11e596",
>>>>>>> 067a8e7... add compression data
		"tcp_mss_default":	1460,
		"test_start":	{
			"protocol":	"TCP",
			"num_streams":	1,
			"blksize":	131072,
			"omit":	0,
			"duration":	10,
			"bytes":	0,
			"blocks":	0,
			"reverse":	0
		}
	},
	"intervals":	[{
			"streams":	[{
<<<<<<< HEAD
					"socket":	259,
					"start":	0,
					"end":	1.016536,
					"seconds":	1.016536,
					"bytes":	4597688,
					"bits_per_second":	36183179.045711,
					"retransmits":	0,
					"snd_cwnd":	17520,
					"rtt":	10270,
=======
					"socket":	334,
					"start":	0,
					"end":	1.005900,
					"seconds":	1.005900,
					"bytes":	12778724,
					"bits_per_second":	101630183.454751,
					"retransmits":	0,
					"snd_cwnd":	17520,
					"rtt":	2972,
>>>>>>> 067a8e7... add compression data
					"omitted":	false
				}],
			"sum":	{
				"start":	0,
<<<<<<< HEAD
				"end":	1.016536,
				"seconds":	1.016536,
				"bytes":	4597688,
				"bits_per_second":	36183179.045711,
=======
				"end":	1.005900,
				"seconds":	1.005900,
				"bytes":	12778724,
				"bits_per_second":	101630183.454751,
>>>>>>> 067a8e7... add compression data
				"retransmits":	0,
				"omitted":	false
			}
		}, {
			"streams":	[{
<<<<<<< HEAD
					"socket":	259,
					"start":	1.016536,
					"end":	2.006096,
					"seconds":	0.989560,
					"bytes":	5117300,
					"bits_per_second":	41370300.674326,
					"retransmits":	0,
					"snd_cwnd":	17520,
					"rtt":	756,
					"omitted":	false
				}],
			"sum":	{
				"start":	1.016536,
				"end":	2.006096,
				"seconds":	0.989560,
				"bytes":	5117300,
				"bits_per_second":	41370300.674326,
=======
					"socket":	334,
					"start":	1.005900,
					"end":	2.016153,
					"seconds":	1.010253,
					"bytes":	12704920,
					"bits_per_second":	100607808.919633,
					"retransmits":	0,
					"snd_cwnd":	17520,
					"rtt":	464,
					"omitted":	false
				}],
			"sum":	{
				"start":	1.005900,
				"end":	2.016153,
				"seconds":	1.010253,
				"bytes":	12704920,
				"bits_per_second":	100607808.919633,
>>>>>>> 067a8e7... add compression data
				"retransmits":	0,
				"omitted":	false
			}
		}, {
			"streams":	[{
<<<<<<< HEAD
					"socket":	259,
					"start":	2.006096,
					"end":	3.001448,
					"seconds":	0.995352,
					"bytes":	5793280,
					"bits_per_second":	46562661.864761,
					"retransmits":	0,
					"snd_cwnd":	17520,
					"rtt":	735,
					"omitted":	false
				}],
			"sum":	{
				"start":	2.006096,
				"end":	3.001448,
				"seconds":	0.995352,
				"bytes":	5793280,
				"bits_per_second":	46562661.864761,
=======
					"socket":	334,
					"start":	2.016153,
					"end":	3.000462,
					"seconds":	0.984309,
					"bytes":	12630460,
					"bits_per_second":	102654435.046297,
					"retransmits":	0,
					"snd_cwnd":	17520,
					"rtt":	395,
					"omitted":	false
				}],
			"sum":	{
				"start":	2.016153,
				"end":	3.000462,
				"seconds":	0.984309,
				"bytes":	12630460,
				"bits_per_second":	102654435.046297,
>>>>>>> 067a8e7... add compression data
				"retransmits":	0,
				"omitted":	false
			}
		}, {
			"streams":	[{
<<<<<<< HEAD
					"socket":	259,
					"start":	3.001448,
					"end":	4.001560,
					"seconds":	1.000112,
					"bytes":	5810800,
					"bits_per_second":	46481202.550317,
					"retransmits":	0,
					"snd_cwnd":	17520,
					"rtt":	7354,
					"omitted":	false
				}],
			"sum":	{
				"start":	3.001448,
				"end":	4.001560,
				"seconds":	1.000112,
				"bytes":	5810800,
				"bits_per_second":	46481202.550317,
=======
					"socket":	334,
					"start":	3.000462,
					"end":	4.004958,
					"seconds":	1.004496,
					"bytes":	12186620,
					"bits_per_second":	97056607.164986,
					"retransmits":	0,
					"snd_cwnd":	17520,
					"rtt":	11543,
					"omitted":	false
				}],
			"sum":	{
				"start":	3.000462,
				"end":	4.004958,
				"seconds":	1.004496,
				"bytes":	12186620,
				"bits_per_second":	97056607.164986,
>>>>>>> 067a8e7... add compression data
				"retransmits":	0,
				"omitted":	false
			}
		}, {
			"streams":	[{
<<<<<<< HEAD
					"socket":	259,
					"start":	4.001560,
					"end":	5.146556,
					"seconds":	1.144996,
					"bytes":	7466080,
					"bits_per_second":	52164925.754032,
					"retransmits":	0,
					"snd_cwnd":	17520,
					"rtt":	3160,
					"omitted":	false
				}],
			"sum":	{
				"start":	4.001560,
				"end":	5.146556,
				"seconds":	1.144996,
				"bytes":	7466080,
				"bits_per_second":	52164925.754032,
=======
					"socket":	334,
					"start":	4.004958,
					"end":	5.000722,
					"seconds":	0.995764,
					"bytes":	13319580,
					"bits_per_second":	107009932.242564,
					"retransmits":	0,
					"snd_cwnd":	17520,
					"rtt":	201,
					"omitted":	false
				}],
			"sum":	{
				"start":	4.004958,
				"end":	5.000722,
				"seconds":	0.995764,
				"bytes":	13319580,
				"bits_per_second":	107009932.242564,
>>>>>>> 067a8e7... add compression data
				"retransmits":	0,
				"omitted":	false
			}
		}, {
			"streams":	[{
<<<<<<< HEAD
					"socket":	259,
					"start":	5.146556,
					"end":	6.121429,
					"seconds":	0.974873,
					"bytes":	5869464,
					"bits_per_second":	48165987.064153,
					"retransmits":	0,
					"snd_cwnd":	17520,
					"rtt":	822,
					"omitted":	false
				}],
			"sum":	{
				"start":	5.146556,
				"end":	6.121429,
				"seconds":	0.974873,
				"bytes":	5869464,
				"bits_per_second":	48165987.064153,
=======
					"socket":	334,
					"start":	5.000722,
					"end":	6.011190,
					"seconds":	1.010468,
					"bytes":	13213000,
					"bits_per_second":	104608952.839996,
					"retransmits":	0,
					"snd_cwnd":	17520,
					"rtt":	11520,
					"omitted":	false
				}],
			"sum":	{
				"start":	5.000722,
				"end":	6.011190,
				"seconds":	1.010468,
				"bytes":	13213000,
				"bits_per_second":	104608952.839996,
>>>>>>> 067a8e7... add compression data
				"retransmits":	0,
				"omitted":	false
			}
		}, {
			"streams":	[{
<<<<<<< HEAD
					"socket":	259,
					"start":	6.121429,
					"end":	7.007241,
					"seconds":	0.885812,
					"bytes":	6159676,
					"bits_per_second":	55629643.247442,
					"retransmits":	0,
					"snd_cwnd":	17520,
					"rtt":	557,
					"omitted":	false
				}],
			"sum":	{
				"start":	6.121429,
				"end":	7.007241,
				"seconds":	0.885812,
				"bytes":	6159676,
				"bits_per_second":	55629643.247442,
=======
					"socket":	334,
					"start":	6.011190,
					"end":	7.023561,
					"seconds":	1.012371,
					"bytes":	13569240,
					"bits_per_second":	107227403.017028,
					"retransmits":	0,
					"snd_cwnd":	17520,
					"rtt":	11724,
					"omitted":	false
				}],
			"sum":	{
				"start":	6.011190,
				"end":	7.023561,
				"seconds":	1.012371,
				"bytes":	13569240,
				"bits_per_second":	107227403.017028,
>>>>>>> 067a8e7... add compression data
				"retransmits":	0,
				"omitted":	false
			}
		}, {
			"streams":	[{
<<<<<<< HEAD
					"socket":	259,
					"start":	7.007241,
					"end":	8.001031,
					"seconds":	0.993790,
					"bytes":	6683700,
					"bits_per_second":	53803713.003946,
					"retransmits":	0,
					"snd_cwnd":	17520,
					"rtt":	725,
					"omitted":	false
				}],
			"sum":	{
				"start":	7.007241,
				"end":	8.001031,
				"seconds":	0.993790,
				"bytes":	6683700,
				"bits_per_second":	53803713.003946,
=======
					"socket":	334,