{
	"start":	{
		"connected":	[{
				"socket":	159,
				"local_host":	"10.0.2.15",
				"local_port":	40547,
				"remote_host":	"128.61.8.181",
				"remote_port":	5201
			}],
		"version":	"iperf 3.1.3",
		"system_info":	"Linux localhost 3.18.48+ #1 SMP PREEMPT Wed Apr 19 00:58:20 UTC 2017 i686",
		"timestamp":	{
			"time":	"Sat, 09 Dec 2017 00:16:17 GMT",
			"timesecs":	1512778577
		},
		"connecting_to":	{
			"host":	"128.61.8.181",
			"port":	5201
		},
		"cookie":	"localhost.1512778577.346847.5d64a40d",
		"tcp_mss_default":	1460,
		"test_start":	{
			"protocol":	"TCP",
			"num_streams":	1,
			"blksize":	131072,
			"omit":	0,
			"duration":	10,
			"bytes":	0,
			"blocks":	0,
			"reverse":	0
		}
	},
	"intervals":	[{
			"streams":	[{
					"socket":	159,
					"start":	0,
					"end":	1.031412,
					"seconds":	1.031412,
					"bytes":	6993876,
					"bits_per_second":	54247007.182856,
					"retransmits":	0,
					"snd_cwnd":	17520,
					"rtt":	651,
					"omitted":	false
				}],
			"sum":	{
				"start":	0,
				"end":	1.031412,
				"seconds":	1.031412,
				"bytes":	6993876,
				"bits_per_second":	54247007.182856,
				"retransmits":	0,
				"omitted":	false
			}
		}, {
			"streams":	[{
					"socket":	159,
					"start":	1.031412,
					"end":	2.001994,
					"seconds":	0.970582,
					"bytes":	6178212,
					"bits_per_second":	50923771.071568,
					"retransmits":	0,
					"snd_cwnd":	20440,
					"rtt":	773,
					"omitted":	false
				}],
			"sum":	{
				"start":	1.031412,
				"end":	2.001994,
				"seconds":	0.970582,
				"bytes":	6178212,
				"bits_per_second":	50923771.071568,
				"retransmits":	0,
				"omitted":	false
			}
		}, {
			"streams":	[{
					"socket":	159,
					"start":	2.001994,
					"end":	3.003324,
					"seconds":	1.001330,
					"bytes":	6115940,
					"bits_per_second":	48862526.133723,
					"retransmits":	0,
					"snd_cwnd":	20440,
					"rtt":	2436,
					"omitted":	false
				}],
			"sum":	{
				"start":	2.001994,
				"end":	3.003324,
				"seconds":	1.001330,
				"bytes":	6115940,
				"bits_per_second":	48862526.133723,
				"retransmits":	0,
				"omitted":	false
			}
		}, {
			"streams":	[{
					"socket":	159,
					"start":	3.003324,
					"end":	4.004472,
					"seconds":	1.001148,
					"bytes":	6009360,
					"bits_per_second":	48019754.020670,
					"retransmits":	0,
					"snd_cwnd":	20440,
					"rtt":	903,
					"omitted":	false
				}],
			"sum":	{
				"start":	3.003324,
				"end":	4.004472,
				"seconds":	1.001148,
				"bytes":	6009360,
				"bits_per_second":	48019754.020670,
				"retransmits":	0,
				"omitted":	false
			}
		}, {
			"streams":	[{
					"socket":	159,
					"start":	4.004472,
					"end":	5.014951,
					"seconds":	1.010479,
					"bytes":	6775860,
					"bits_per_second":	53644738.215794,
					"retransmits":	0,
					"snd_cwnd":	20440,
					"rtt":	7676,
					"omitted":	false
				}],
			"sum":	{
				"start":	4.004472,
				"end":	5.014951,
				"seconds":	1.010479,
				"bytes":	6775860,
				"bits_per_second":	53644738.215794,
				"retransmits":	0,
				"omitted":	false
			}
		}, {
			"streams":	[{
					"socket":	159,
					"start":	5.014951,
					"end":	6.003023,
					"seconds":	0.988072,
					"bytes":	7109036,
					"bits_per_second":	57558854.710753,
					"retransmits":	0,
					"snd_cwnd":	20440,
					"rtt":	1038,
					"omitted":	false
				}],
			"sum":	{
				"start":	5.014951,
				"end":	6.003023,
				"seconds":	0.988072,
				"bytes":	7109036,
				"bits_per_second":	57558854.710753,
				"retransmits":	0,
				"omitted":	false
			}
		}, {
			"streams":	[{
					"socket":	159,
					"start":	6.003023,
					"end":	7.009249,
					"seconds":	1.006226,
					"bytes":	6342388,
					"bits_per_second":	50425153.826852,
					"retransmits":	0,
					"snd_cwnd":	20440,
					"rtt":	7024,
					"omitted":	false
				}],
			"sum":	{
				"start":	6.003023,
				"end":	7.009249,
				"seconds":	1.006226,
				"bytes":	6342388,
				"bits_per_second":	50425153.826852,
				"retransmits":	0,
				"omitted":	false
			}
		}, {
			"streams":	[{
					"socket":	159,
					"start":	7.009249,
					"end":	8.037069,
					"seconds":	1.027820,
					"bytes":	6876716,
					"bits_per_second":	53524678.305909,
					"retransmits":	0,
					"snd_cwnd":	20440,
					"rtt":	548,
					"omitted":	false
				}],
			"sum":	{
				"start":	7.009249,
				"end":	8.037069,
				"seconds":	1.027820,
				"bytes":	6876716,
				"bits_per_second":	53524678.305909,
				"retransmits":	0,
				"omitted":	false
			}
		}, {
			"streams":	[{
					"socket":	159,
					"start":	8.037069,
					"end":	9.100923,
					"seconds":	1.063854,
					"bytes":	6893040,
					"bits_per_second":	51834482.065006,
					"retransmits":	0,
					"snd_cwnd":	20440,
					"rtt":	423,
					"omitted":	false
				}],
			"sum":	{
				"start":	8.037069,
				"end":	9.100923,
				"seconds":	1.063854,
				"bytes":	6893040,
				"bits_per_second":	51834482.065006,
				"retransmits":	0,
				"omitted":	false
			}
		}, {
			"streams":	[{
					"socket":	159,
					"start":	9.100923,
					"end":	10.004303,
					"seconds":	0.903380,
					"bytes":	5396964,
					"bits_per_second":	47793513.875756,
					"retransmits":	0,
					"snd_cwnd":	20440,
					"rtt":	1717,
					"omitted":	false
				}],
			"sum":	{
				"start":	9.100923,
				"end":	10.004303,
				"seconds":	0.903380,
				"bytes":	5396964,
				"bits_per_second":	47793513.875756,
				"retransmits":	0,
				"omitted":	false
			}
		}],
	"end":	{
		"streams":	[{
				"sender":	{
					"socket":	159,
					"start":	0,
					"end":	10.004303,
					"seconds":	10.004303,
					"bytes":	64691392,
					"bits_per_second":	51730853.924697,
					"retransmits":	0,
					"max_snd_cwnd":	20440,
					"max_rtt":	7676,
					"min_rtt":	423,
					"mean_rtt":	2318
				},
				"receiver":	{
					"socket":	159,
					"start":	0,
					"end":	10.004303,
					"seconds":	10.004303,
					"bytes":	64359972,
					"bits_per_second":	51465831.963077
				}
			}],
		"sum_sent":	{
			"start":	0,
			"end":	10.004303,
			"seconds":	10.004303,
			"bytes":	64691392,
			"bits_per_second":	51730853.924697,
			"retransmits":	0
		},
		"sum_received":	{
			"start":	0,
			"end":	10.004303,
			"seconds":	10.004303,
			"bytes":	64359972,
			"bits_per_second":	51465831.963077
		},
		"cpu_utilization_percent":	{
			"host_total":	156.594487,
			"host_user":	103.076546,
			"host_system":	53.532017,
			"remote_total":	0.493606,
			"remote_user":	0.053375,
			"remote_system":	0.440231
		}
	}
}