{
	"start":	{
		"connected":	[{
<<<<<<< HEAD
				"socket":	159,
				"local_host":	"10.0.2.15",
				"local_port":	40547,
=======
				"socket":	333,
				"local_host":	"10.0.2.15",
				"local_port":	40453,
>>>>>>> 067a8e7... add compression data
				"remote_host":	"128.61.8.181",
				"remote_port":	5201
			}],
		"version":	"iperf 3.1.3",
		"system_info":	"Linux localhost 3.18.48+ #1 SMP PREEMPT Wed Apr 19 00:58:20 UTC 2017 i686",
		"timestamp":	{
<<<<<<< HEAD
			"time":	"Sat, 09 Dec 2017 00:16:17 GMT",
			"timesecs":	1512778577
=======
			"time":	"Fri, 08 Dec 2017 22:01:30 GMT",
			"timesecs":	1512770490
>>>>>>> 067a8e7... add compression data
		},
		"connecting_to":	{
			"host":	"128.61.8.181",
			"port":	5201
		},
<<<<<<< HEAD
		"cookie":	"localhost.1512778577.346847.5d64a40d",
=======
		"cookie":	"localhost.1512770490.444587.6277dd46",
>>>>>>> 067a8e7... add compression data
		"tcp_mss_default":	1460,
		"test_start":	{
			"protocol":	"TCP",
			"num_streams":	1,
			"blksize":	131072,
			"omit":	0,
			"duration":	10,
			"bytes":	0,
			"blocks":	0,
			"reverse":	0
		}
	},
	"intervals":	[{
			"streams":	[{
<<<<<<< HEAD
					"socket":	159,
					"start":	0,
					"end":	1.031412,
					"seconds":	1.031412,
					"bytes":	6993876,
					"bits_per_second":	54247007.182856,
					"retransmits":	0,
					"snd_cwnd":	17520,
					"rtt":	651,
=======
					"socket":	333,
					"start":	0,
					"end":	1.010823,
					"seconds":	1.010823,
					"bytes":	17521132,
					"bits_per_second":	138668247.971619,
					"retransmits":	0,
					"snd_cwnd":	17520,
					"rtt":	442,
>>>>>>> 067a8e7... add compression data
					"omitted":	false
				}],
			"sum":	{
				"start":	0,
<<<<<<< HEAD
				"end":	1.031412,
				"seconds":	1.031412,
				"bytes":	6993876,
				"bits_per_second":	54247007.182856,
=======
				"end":	1.010823,
				"seconds":	1.010823,
				"bytes":	17521132,
				"bits_per_second":	138668247.971619,
>>>>>>> 067a8e7... add compression data
				"retransmits":	0,
				"omitted":	false
			}
		}, {
			"streams":	[{
<<<<<<< HEAD
					"socket":	159,
					"start":	1.031412,
					"end":	2.001994,
					"seconds":	0.970582,
					"bytes":	6178212,
					"bits_per_second":	50923771.071568,
					"retransmits":	0,
					"snd_cwnd":	20440,
					"rtt":	773,
					"omitted":	false
				}],
			"sum":	{
				"start":	1.031412,
				"end":	2.001994,
				"seconds":	0.970582,
				"bytes":	6178212,
				"bits_per_second":	50923771.071568,
=======
					"socket":	333,
					"start":	1.010823,
					"end":	2.001131,
					"seconds":	0.990308,
					"bytes":	17187924,
					"bits_per_second":	138849111.150876,
					"retransmits":	0,
					"snd_cwnd":	17520,
					"rtt":	287,
					"omitted":	false
				}],
			"sum":	{
				"start":	1.010823,
				"end":	2.001131,
				"seconds":	0.990308,
				"bytes":	17187924,
				"bits_per_second":	138849111.150876,
>>>>>>> 067a8e7... add compression data
				"retransmits":	0,
				"omitted":	false
			}
		}, {
			"streams":	[{
<<<<<<< HEAD
					"socket":	159,
					"start":	2.001994,
					"end":	3.003324,
					"seconds":	1.001330,
					"bytes":	6115940,
					"bits_per_second":	48862526.133723,
					"retransmits":	0,
					"snd_cwnd":	20440,
					"rtt":	2436,
					"omitted":	false
				}],
			"sum":	{
				"start":	2.001994,
				"end":	3.003324,
				"seconds":	1.001330,
				"bytes":	6115940,
				"bits_per_second":	48862526.133723,
=======
					"socket":	333,
					"start":	2.001131,
					"end":	3.000608,
					"seconds":	0.999477,
					"bytes":	18328840,
					"bits_per_second":	146707461.259099,
					"retransmits":	0,
					"snd_cwnd":	17520,
					"rtt":	377,
					"omitted":	false
				}],
			"sum":	{
				"start":	2.001131,
				"end":	3.000608,
				"seconds":	0.999477,
				"bytes":	18328840,
				"bits_per_second":	146707461.259099,
>>>>>>> 067a8e7... add compression data
				"retransmits":	0,
				"omitted":	false
			}
		}, {
			"streams":	[{
<<<<<<< HEAD
					"socket":	159,
					"start":	3.003324,
					"end":	4.004472,
					"seconds":	1.001148,
					"bytes":	6009360,
					"bits_per_second":	48019754.020670,
					"retransmits":	0,
					"snd_cwnd":	20440,
					"rtt":	903,
					"omitted":	false
				}],
			"sum":	{
				"start":	3.003324,
				"end":	4.004472,
				"seconds":	1.001148,
				"bytes":	6009360,
				"bits_per_second":	48019754.020670,
=======
					"socket":	333,
					"start":	3.000608,
					"end":	4.011250,
					"seconds":	1.010642,
					"bytes":	19203380,
					"bits_per_second":	152009348.653239,
					"retransmits":	0,
					"snd_cwnd":	17520,
					"rtt":	827,
					"omitted":	false
				}],
			"sum":	{
				"start":	3.000608,
				"end":	4.011250,
				"seconds":	1.010642,
				"bytes":	19203380,
				"bits_per_second":	152009348.653239,
>>>>>>> 067a8e7... add compression data
				"retransmits":	0,
				"omitted":	false
			}
		}, {
			"streams":	[{
<<<<<<< HEAD
					"socket":	159,
					"start":	4.004472,
					"end":	5.014951,
					"seconds":	1.010479,
					"bytes":	6775860,
					"bits_per_second":	53644738.215794,
					"retransmits":	0,
					"snd_cwnd":	20440,
					"rtt":	7676,
					"omitted":	false
				}],
			"sum":	{
				"start":	4.004472,
				"end":	5.014951,
				"seconds":	1.010479,
				"bytes":	6775860,
				"bits_per_second":	53644738.215794,
=======
					"socket":	333,
					"start":	4.011250,
					"end":	5.022512,
					"seconds":	1.011262,
					"bytes":	17473280,
					"bits_per_second":	138229507.579077,
					"retransmits":	0,
					"snd_cwnd":	17520,
					"rtt":	1320,
					"omitted":	false
				}],
			"sum":	{
				"start":	4.011250,
				"end":	5.022512,
				"seconds":	1.011262,
				"bytes":	17473280,
				"bits_per_second":	138229507.579077,
>>>>>>> 067a8e7... add compression data
				"retransmits":	0,
				"omitted":	false
			}
		}, {
			"streams":	[{
<<<<<<< HEAD
					"socket":	159,
					"start":	5.014951,
					"end":	6.003023,
					"seconds":	0.988072,
					"bytes":	7109036,
					"bits_per_second":	57558854.710753,
					"retransmits":	0,
					"snd_cwnd":	20440,
					"rtt":	1038,
					"omitted":	false
				}],
			"sum":	{
				"start":	5.014951,
				"end":	6.003023,
				"seconds":	0.988072,
				"bytes":	7109036,
				"bits_per_second":	57558854.710753,
=======
					"socket":	333,
					"start":	5.022512,
					"end":	6.001139,
					"seconds":	0.978627,
					"bytes":	20063320,
					"bits_per_second":	164011993.842665,
					"retransmits":	0,
					"snd_cwnd":	17520,
					"rtt":	355,
					"omitted":	false
				}],
			"sum":	{
				"start":	5.022512,
				"end":	6.001139,
				"seconds":	0.978627,
				"bytes":	20063320,
				"bits_per_second":	164011993.842665,
>>>>>>> 067a8e7... add compression data
				"retransmits":	0,
				"omitted":	false
			}
		}, {
			"streams":	[{
<<<<<<< HEAD
					"socket":	159,
					"start":	6.003023,
					"end":	7.009249,
					"seconds":	1.006226,
					"bytes":	6342388,
					"bits_per_second":	50425153.826852,
					"retransmits":	0,
					"snd_cwnd":	20440,
					"rtt":	7024,
					"omitted":	false
				}],
			"sum":	{
				"start":	6.003023,
				"end":	7.009249,
				"seconds":	1.006226,
				"bytes":	6342388,
				"bits_per_second":	50425153.826852,
=======
					"socket":	333,
					"start":	6.001139,
					"end":	7.002406,
					"seconds":	1.001267,
					"bytes":	18537620,
					"bits_per_second":	148113306.908352,
					"retransmits":	0,
					"snd_cwnd":	17520,
					"rtt":	10966,
					"omitted":	false
				}],
			"sum":	{
				"start":	6.001139,
				"end":	7.002406,
				"seconds":	1.001267,
				"bytes":	18537620,
				"bits_per_second":	148113306.908352,
>>>>>>> 067a8e7... add compression data
				"retransmits":	0,
				"omitted":	false
			}
		}, {
			"streams":	[{
<<<<<<< HEAD
					"socket":	159,
					"start":	7.009249,
					"end":	8.037069,
					"seconds":	1.027820,
					"bytes":	6876716,
					"bits_per_second":	53524678.305909,
					"retransmits":	0,
					"snd_cwnd":	20440,
					"rtt":	548,
					"omitted":	false
				}],
			"sum":	{
				"start":	7.009249,
				"end":	8.037069,
				"seconds":	1.027820,
				"bytes":	6876716,
				"bits_per_second":	53524678.305909,
=======
					"socket":	333,