{
	"start":	{
		"connected":	[{
<<<<<<< HEAD
				"socket":	219,
				"local_host":	"10.0.2.15",
				"local_port":	40552,
=======
				"socket":	334,
				"local_host":	"10.0.2.15",
				"local_port":	40457,
>>>>>>> 067a8e7... add compression data
				"remote_host":	"128.61.8.181",
				"remote_port":	5201
			}],
		"version":	"iperf 3.1.3",
		"system_info":	"Linux localhost 3.18.48+ #1 SMP PREEMPT Wed Apr 19 00:58:20 UTC 2017 i686",
		"timestamp":	{
<<<<<<< HEAD
			"time":	"Sat, 09 Dec 2017 00:17:36 GMT",
			"timesecs":	1512778656
=======
			"time":	"Fri, 08 Dec 2017 22:02:25 GMT",
			"timesecs":	1512770545
>>>>>>> 067a8e7... add compression data
		},
		"connecting_to":	{
			"host":	"128.61.8.181",
			"port":	5201
		},
<<<<<<< HEAD
		"cookie":	"localhost.1512778656.015147.51307529",
=======
		"cookie":	"localhost.1512770545.758671.5960ea2d",
>>>>>>> 067a8e7... add compression data
		"tcp_mss_default":	1460,
		"test_start":	{
			"protocol":	"TCP",
			"num_streams":	1,
			"blksize":	131072,
			"omit":	0,
			"duration":	10,
			"bytes":	0,
			"blocks":	0,
			"reverse":	0
		}
	},
	"intervals":	[{
			"streams":	[{
<<<<<<< HEAD
					"socket":	219,
					"start":	0,
					"end":	1.002723,
					"seconds":	1.002723,
					"bytes":	6759472,
					"bits_per_second":	53928928.681715,
					"retransmits":	0,
					"snd_cwnd":	17520,
					"rtt":	909,
=======
					"socket":	334,
					"start":	0,
					"end":	1.010162,
					"seconds":	1.010162,
					"bytes":	14657416,
					"bits_per_second":	116079712.600126,
					"retransmits":	0,
					"snd_cwnd":	17520,
					"rtt":	643,
>>>>>>> 067a8e7... add compression data
					"omitted":	false
				}],
			"sum":	{
				"start":	0,
<<<<<<< HEAD
				"end":	1.002723,
				"seconds":	1.002723,
				"bytes":	6759472,
				"bits_per_second":	53928928.681715,
=======
				"end":	1.010162,
				"seconds":	1.010162,
				"bytes":	14657416,
				"bits_per_second":	116079712.600126,
>>>>>>> 067a8e7... add compression data
				"retransmits":	0,
				"omitted":	false
			}
		}, {
			"streams":	[{
<<<<<<< HEAD
					"socket":	219,
					"start":	1.002723,
					"end":	2.021724,
					"seconds":	1.019001,
					"bytes":	6158280,
					"bits_per_second":	48347587.154179,
					"retransmits":	0,
					"snd_cwnd":	17520,
					"rtt":	1737,
					"omitted":	false
				}],
			"sum":	{
				"start":	1.002723,
				"end":	2.021724,
				"seconds":	1.019001,
				"bytes":	6158280,
				"bits_per_second":	48347587.154179,
=======
					"socket":	334,
					"start":	1.010162,
					"end":	2.017899,
					"seconds":	1.007737,
					"bytes":	16670280,
					"bits_per_second":	132338348.610449,
					"retransmits":	0,
					"snd_cwnd":	17520,
					"rtt":	380,
					"omitted":	false
				}],
			"sum":	{
				"start":	1.010162,
				"end":	2.017899,
				"seconds":	1.007737,
				"bytes":	16670280,
				"bits_per_second":	132338348.610449,
>>>>>>> 067a8e7... add compression data
				"retransmits":	0,
				"omitted":	false
			}
		}, {
			"streams":	[{
<<<<<<< HEAD
					"socket":	219,
					"start":	2.021724,
					"end":	3.003667,
					"seconds":	0.981943,
					"bytes":	4923120,
					"bits_per_second":	40109206.711614,
					"retransmits":	0,
					"snd_cwnd":	17520,
					"rtt":	2100,
					"omitted":	false
				}],
			"sum":	{
				"start":	2.021724,
				"end":	3.003667,
				"seconds":	0.981943,
				"bytes":	4923120,
				"bits_per_second":	40109206.711614,
=======
					"socket":	334,
					"start":	2.017899,
					"end":	3.001013,
					"seconds":	0.983114,
					"bytes":	17103900,
					"bits_per_second":	139181416.829042,
					"retransmits":	0,
					"snd_cwnd":	17520,
					"rtt":	212,
					"omitted":	false
				}],
			"sum":	{
				"start":	2.017899,
				"end":	3.001013,
				"seconds":	0.983114,
				"bytes":	17103900,
				"bits_per_second":	139181416.829042,
>>>>>>> 067a8e7... add compression data
				"retransmits":	0,
				"omitted":	false
			}
		}, {
			"streams":	[{
<<<<<<< HEAD
					"socket":	219,
					"start":	3.003667,
					"end":	4.018938,
					"seconds":	1.015271,
					"bytes":	6545984,
					"bits_per_second":	51580193.525690,
					"retransmits":	0,
					"snd_cwnd":	17520,
					"rtt":	2925,
					"omitted":	false
				}],
			"sum":	{
				"start":	3.003667,
				"end":	4.018938,
				"seconds":	1.015271,
				"bytes":	6545984,
				"bits_per_second":	51580193.525690,
=======
					"socket":	334,
					"start":	3.001013,
					"end":	4.000259,
					"seconds":	0.999246,
					"bytes":	19359600,
					"bits_per_second":	154993646.540060,
					"retransmits":	0,
					"snd_cwnd":	17520,
					"rtt":	1165,
					"omitted":	false
				}],
			"sum":	{
				"start":	3.001013,
				"end":	4.000259,
				"seconds":	0.999246,
				"bytes":	19359600,
				"bits_per_second":	154993646.540060,
>>>>>>> 067a8e7... add compression data
				"retransmits":	0,
				"omitted":	false
			}
		}, {
			"streams":	[{
<<<<<<< HEAD
					"socket":	219,
					"start":	4.018938,
					"end":	5.001831,
					"seconds":	0.982893,
					"bytes":	6586060,
					"bits_per_second":	53605509.989424,
					"retransmits":	0,
					"snd_cwnd":	17520,
					"rtt":	7674,
					"omitted":	false
				}],
			"sum":	{
				"start":	4.018938,
				"end":	5.001831,
				"seconds":	0.982893,
				"bytes":	6586060,
				"bits_per_second":	53605509.989424,
=======
					"socket":	334,
					"start":	4.000259,
					"end":	5.014386,
					"seconds":	1.014127,
					"bytes":	17826600,
					"bits_per_second":	140626171.811310,
					"retransmits":	0,
					"snd_cwnd":	17520,
					"rtt":	10480,
					"omitted":	false
				}],
			"sum":	{
				"start":	4.000259,
				"end":	5.014386,
				"seconds":	1.014127,
				"bytes":	17826600,
				"bits_per_second":	140626171.811310,
>>>>>>> 067a8e7... add compression data
				"retransmits":	0,
				"omitted":	false
			}
		}, {
			"streams":	[{
<<<<<<< HEAD
					"socket":	219,
					"start":	5.001831,
					"end":	6.016487,
					"seconds":	1.014656,
					"bytes":	6861016,
					"bits_per_second":	54095303.611589,
					"retransmits":	0,
					"snd_cwnd":	17520,
					"rtt":	5738,
					"omitted":	false
				}],
			"sum":	{
				"start":	5.001831,
				"end":	6.016487,
				"seconds":	1.014656,
				"bytes":	6861016,
				"bits_per_second":	54095303.611589,
=======
					"socket":	334,
					"start":	5.014386,
					"end":	6.000739,
					"seconds":	0.986353,
					"bytes":	18896780,
					"bits_per_second":	153265871.528446,
					"retransmits":	0,
					"snd_cwnd":	17520,
					"rtt":	578,
					"omitted":	false
				}],
			"sum":	{
				"start":	5.014386,
				"end":	6.000739,
				"seconds":	0.986353,
				"bytes":	18896780,
				"bits_per_second":	153265871.528446,
>>>>>>> 067a8e7... add compression data
				"retransmits":	0,
				"omitted":	false
			}
		}, {
			"streams":	[{
<<<<<<< HEAD
					"socket":	219,
					"start":	6.016487,
					"end":	7.048404,
					"seconds":	1.031917,
					"bytes":	7115944,
					"bits_per_second":	55166801.110725,
					"retransmits":	0,
					"snd_cwnd":	17520,
					"rtt":	931,
					"omitted":	false
				}],
			"sum":	{
				"start":	6.016487,
				"end":	7.048404,
				"seconds":	1.031917,
				"bytes":	7115944,
				"bits_per_second":	55166801.110725,
=======
					"socket":	334,
					"start":	6.000739,
					"end":	7.000340,
					"seconds":	0.999601,
					"bytes":	16841100,
					"bits_per_second":	134782593.444974,
					"retransmits":	0,
					"snd_cwnd":	17520,
					"rtt":	384,
					"omitted":	false
				}],
			"sum":	{
				"start":	6.000739,
				"end":	7.000340,
				"seconds":	0.999601,
				"bytes":	16841100,
				"bits_per_second":	134782593.444974,
>>>>>>> 067a8e7... add compression data
				"retransmits":	0,
				"omitted":	false
			}
		}, {
			"streams":	[{
<<<<<<< HEAD
					"socket":	219,
					"start":	7.048404,
					"end":	8.068174,
					"seconds":	1.019770,
					"bytes":	6182888,
					"bits_per_second":	48504169.515386,
					"retransmits":	0,
					"snd_cwnd":	17520,
					"rtt":	587,
					"omitted":	false
				}],
			"sum":	{
				"start":	7.048404,
				"end":	8.068174,
				"seconds":	1.019770,
				"bytes":	6182888,
				"bits_per_second":	48504169.515386,
=======
					"socket":	334,