{
	"start":	{
		"connected":	[{
				"socket":	219,
				"local_host":	"10.0.2.15",
				"local_port":	40552,
				"remote_host":	"128.61.8.181",
				"remote_port":	5201
			}],
		"version":	"iperf 3.1.3",
		"system_info":	"Linux localhost 3.18.48+ #1 SMP PREEMPT Wed Apr 19 00:58:20 UTC 2017 i686",
		"timestamp":	{
			"time":	"Sat, 09 Dec 2017 00:17:36 GMT",
			"timesecs":	1512778656
		},
		"connecting_to":	{
			"host":	"128.61.8.181",
			"port":	5201
		},
		"cookie":	"localhost.1512778656.015147.51307529",
		"tcp_mss_default":	1460,
		"test_start":	{
			"protocol":	"TCP",
			"num_streams":	1,
			"blksize":	131072,
			"omit":	0,
			"duration":	10,
			"bytes":	0,
			"blocks":	0,
			"reverse":	0
		}
	},
	"intervals":	[{
			"streams":	[{
					"socket":	219,
					"start":	0,
					"end":	1.002723,
					"seconds":	1.002723,
					"bytes":	6759472,
					"bits_per_second":	53928928.681715,
					"retransmits":	0,
					"snd_cwnd":	17520,
					"rtt":	909,
					"omitted":	false
				}],
			"sum":	{
				"start":	0,
				"end":	1.002723,
				"seconds":	1.002723,
				"bytes":	6759472,
				"bits_per_second":	53928928.681715,
				"retransmits":	0,
				"omitted":	false
			}
		}, {
			"streams":	[{
					"socket":	219,
					"start":	1.002723,
					"end":	2.021724,
					"seconds":	1.019001,
					"bytes":	6158280,
					"bits_per_second":	48347587.154179,
					"retransmits":	0,
					"snd_cwnd":	17520,
					"rtt":	1737,
					"omitted":	false
				}],
			"sum":	{
				"start":	1.002723,
				"end":	2.021724,
				"seconds":	1.019001,
				"bytes":	6158280,
				"bits_per_second":	48347587.154179,
				"retransmits":	0,
				"omitted":	false
			}
		}, {
			"streams":	[{
					"socket":	219,
					"start":	2.021724,
					"end":	3.003667,
					"seconds":	0.981943,
					"bytes":	4923120,
					"bits_per_second":	40109206.711614,
					"retransmits":	0,
					"snd_cwnd":	17520,
					"rtt":	2100,
					"omitted":	false
				}],
			"sum":	{
				"start":	2.021724,
				"end":	3.003667,
				"seconds":	0.981943,
				"bytes":	4923120,
				"bits_per_second":	40109206.711614,
				"retransmits":	0,
				"omitted":	false
			}
		}, {
			"streams":	[{
					"socket":	219,
					"start":	3.003667,
					"end":	4.018938,
					"seconds":	1.015271,
					"bytes":	6545984,
					"bits_per_second":	51580193.525690,
					"retransmits":	0,
					"snd_cwnd":	17520,
					"rtt":	2925,
					"omitted":	false
				}],
			"sum":	{
				"start":	3.003667,
				"end":	4.018938,
				"seconds":	1.015271,
				"bytes":	6545984,
				"bits_per_second":	51580193.525690,
				"retransmits":	0,
				"omitted":	false
			}
		}, {
			"streams":	[{
					"socket":	219,
					"start":	4.018938,
					"end":	5.001831,
					"seconds":	0.982893,
					"bytes":	6586060,
					"bits_per_second":	53605509.989424,
					"retransmits":	0,
					"snd_cwnd":	17520,
					"rtt":	7674,
					"omitted":	false
				}],
			"sum":	{
				"start":	4.018938,
				"end":	5.001831,
				"seconds":	0.982893,
				"bytes":	6586060,
				"bits_per_second":	53605509.989424,
				"retransmits":	0,
				"omitted":	false
			}
		}, {
			"streams":	[{
					"socket":	219,
					"start":	5.001831,
					"end":	6.016487,
					"seconds":	1.014656,
					"bytes":	6861016,
					"bits_per_second":	54095303.611589,
					"retransmits":	0,
					"snd_cwnd":	17520,
					"rtt":	5738,
					"omitted":	false
				}],
			"sum":	{
				"start":	5.001831,
				"end":	6.016487,
				"seconds":	1.014656,
				"bytes":	6861016,
				"bits_per_second":	54095303.611589,
				"retransmits":	0,
				"omitted":	false
			}
		}, {
			"streams":	[{
					"socket":	219,
					"start":	6.016487,
					"end":	7.048404,
					"seconds":	1.031917,
					"bytes":	7115944,
					"bits_per_second":	55166801.110725,
					"retransmits":	0,
					"snd_cwnd":	17520,
					"rtt":	931,
					"omitted":	false
				}],
			"sum":	{
				"start":	6.016487,
				"end":	7.048404,
				"seconds":	1.031917,
				"bytes":	7115944,
				"bits_per_second":	55166801.110725,
				"retransmits":	0,
				"omitted":	false
			}
		}, {
			"streams":	[{
					"socket":	219,
					"start":	7.048404,
					"end":	8.068174,
					"seconds":	1.019770,
					"bytes":	6182888,
					"bits_per_second":	48504169.515386,
					"retransmits":	0,
					"snd_cwnd":	17520,
					"rtt":	587,
					"omitted":	false
				}],
			"sum":	{
				"start":	7.048404,
				"end":	8.068174,
				"seconds":	1.019770,
				"bytes":	6182888,
				"bits_per_second":	48504169.515386,
				"retransmits":	0,
				"omitted":	false
			}
		}, {
			"streams":	[{
					"socket":	219,
					"start":	8.068174,
					"end":	9.029947,
					"seconds":	0.961773,
					"bytes":	6808212,
					"bits_per_second":	56630515.312859,
					"retransmits":	0,
					"snd_cwnd":	17520,
					"rtt":	2933,
					"omitted":	false
				}],
			"sum":	{
				"start":	8.068174,
				"end":	9.029947,
				"seconds":	0.961773,
				"bytes":	6808212,
				"bits_per_second":	56630515.312859,
				"retransmits":	0,
				"omitted":	false
			}
		}, {
			"streams":	[{
					"socket":	219,
					"start":	9.029947,
					"end":	10.003144,
					"seconds":	0.973197,
					"bytes":	6623744,
					"bits_per_second":	54449359.078653,
					"retransmits":	0,
					"snd_cwnd":	17520,
					"rtt":	1311,
					"omitted":	false
				}],
			"sum":	{
				"start":	9.029947,
				"end":	10.003144,
				"seconds":	0.973197,
				"bytes":	6623744,
				"bits_per_second":	54449359.078653,
				"retransmits":	0,
				"omitted":	false
			}
		}],
	"end":	{
		"streams":	[{
				"sender":	{
					"socket":	219,
					"start":	0,
					"end":	10.003144,
					"seconds":	10.003144,
					"bytes":	64564720,
					"bits_per_second":	51635541.652471,
					"retransmits":	0,
					"max_snd_cwnd":	17520,
					"max_rtt":	7674,
					"min_rtt":	587,
					"mean_rtt":	2684
				},
				"receiver":	{
					"socket":	219,
					"start":	0,
					"end":	10.003144,
					"seconds":	10.003144,
					"bytes":	64233300,
					"bits_per_second":	51370488.985714
				}
			}],
		"sum_sent":	{
			"start":	0,
			"end":	10.003144,
			"seconds":	10.003144,
			"bytes":	64564720,
			"bits_per_second":	51635541.652471,
			"retransmits":	0
		},
		"sum_received":	{
			"start":	0,
			"end":	10.003144,
			"seconds":	10.003144,
			"bytes":	64233300,
			"bits_per_second":	51370488.985714
		},
		"cpu_utilization_percent":	{
			"host_total":	166.417843,
			"host_user":	103.965916,
			"host_system":	62.499165,
			"remote_total":	0.685583,
			"remote_user":	0.074252,
			"remote_system":	0.611329
		}
	}
}
