{
	"start":	{
		"connected":	[{
				"socket":	377,
				"local_host":	"10.0.2.15",
				"local_port":	54180,
				"remote_host":	"10.0.0.252",
				"remote_port":	5201
			}],
		"version":	"iperf 3.1.3",
		"system_info":	"Linux localhost 3.18.56+ #1 SMP PREEMPT Fri Oct 13 14:54:31 PDT 2017 i686",
		"timestamp":	{
			"time":	"Thu, 07 Dec 2017 08:05:17 GMT",
			"timesecs":	1512633917
		},
		"connecting_to":	{
			"host":	"10.0.0.252",
			"port":	5201
		},
		"cookie":	"localhost.1512633917.095811.7ed51b64",
		"tcp_mss_default":	1460,
		"test_start":	{
			"protocol":	"TCP",
			"num_streams":	1,
			"blksize":	131072,
			"omit":	0,
			"duration":	10,
			"bytes":	0,
			"blocks":	0,
			"reverse":	0
		}
	},
	"intervals":	[{
			"streams":	[{
					"socket":	377,
					"start":	0,
					"end":	1.008363,
					"seconds":	1.008363,
					"bytes":	1568040,
					"bits_per_second":	12440281.817429,
					"retransmits":	0,
					"snd_cwnd":	17520,
					"rtt":	1086,
					"omitted":	false
				}],
			"sum":	{
				"start":	0,
				"end":	1.008363,
				"seconds":	1.008363,
				"bytes":	1568040,
				"bits_per_second":	12440281.817429,
				"retransmits":	0,
				"omitted":	false
			}
		}, {
			"streams":	[{
					"socket":	377,
					"start":	1.008363,
					"end":	2.001923,
					"seconds":	0.993560,
					"bytes":	1251220,
					"bits_per_second":	10074639.917817,
					"retransmits":	0,
					"snd_cwnd":	17520,
					"rtt":	1253,
					"omitted":	false
				}],
			"sum":	{
				"start":	1.008363,
				"end":	2.001923,
				"seconds":	0.993560,
				"bytes":	1251220,
				"bits_per_second":	10074639.917817,
				"retransmits":	0,
				"omitted":	false
			}
		}, {
			"streams":	[{
					"socket":	377,
					"start":	2.001923,
					"end":	3.000525,
					"seconds":	0.998602,
					"bytes":	1300860,
					"bits_per_second":	10421450.089179,
					"retransmits":	0,
					"snd_cwnd":	17520,
					"rtt":	473,
					"omitted":	false
				}],
			"sum":	{
				"start":	2.001923,
				"end":	3.000525,
				"seconds":	0.998602,
				"bytes":	1300860,
				"bits_per_second":	10421450.089179,
				"retransmits":	0,
				"omitted":	false
			}
		}, {
			"streams":	[{
					"socket":	377,
					"start":	3.000525,
					"end":	4.000956,
					"seconds":	1.000431,
					"bytes":	1096460,
					"bits_per_second":	8767900.501874,
					"retransmits":	0,
					"snd_cwnd":	17520,
					"rtt":	456,
					"omitted":	false
				}],
			"sum":	{
				"start":	3.000525,
				"end":	4.000956,
				"seconds":	1.000431,
				"bytes":	1096460,
				"bits_per_second":	8767900.501874,
				"retransmits":	0,
				"omitted":	false
			}
		}, {
			"streams":	[{
					"socket":	377,
					"start":	4.000956,
					"end":	5.000532,
					"seconds":	0.999576,
					"bytes":	1220560,
					"bits_per_second":	9768623.328882,
					"retransmits":	0,
					"snd_cwnd":	17520,
					"rtt":	519,
					"omitted":	false
				}],
			"sum":	{
				"start":	4.000956,
				"end":	5.000532,
				"seconds":	0.999576,
				"bytes":	1220560,
				"bits_per_second":	9768623.328882,
				"retransmits":	0,
				"omitted":	false
			}
		}, {
			"streams":	[{
					"socket":	377,
					"start":	5.000532,
					"end":	6.000409,
					"seconds":	0.999877,
					"bytes":	1096460,
					"bits_per_second":	8772757.167974,
					"retransmits":	0,
					"snd_cwnd":	17520,
					"rtt":	469,
					"omitted":	false
				}],
			"sum":	{
				"start":	5.000532,
				"end":	6.000409,
				"seconds":	0.999877,
				"bytes":	1096460,
				"bits_per_second":	8772757.167974,
				"retransmits":	0,
				"omitted":	false
			}
		}, {
			"streams":	[{
					"socket":	377,
					"start":	6.000409,
					"end":	7.000363,
					"seconds":	0.999954,
					"bytes":	1259980,
					"bits_per_second":	10080303.843022,
					"retransmits":	0,
					"snd_cwnd":	17520,
					"rtt":	486,
					"omitted":	false
				}],
			"sum":	{
				"start":	6.000409,
				"end":	7.000363,
				"seconds":	0.999954,
				"bytes":	1259980,
				"bits_per_second":	10080303.843022,
				"retransmits":	0,
				"omitted":	false
			}
		}, {
			"streams":	[{
					"socket":	377,
					"start":	7.000363,
					"end":	8.001535,
					"seconds":	1.001172,
					"bytes":	1166540,
					"bits_per_second":	9321396.932449,
					"retransmits":	0,
					"snd_cwnd":	17520,
					"rtt":	464,
					"omitted":	false
				}],
			"sum":	{
				"start":	7.000363,
				"end":	8.001535,
				"seconds":	1.001172,
				"bytes":	1166540,
				"bits_per_second":	9321396.932449,
				"retransmits":	0,
				"omitted":	false
			}
		}, {
			"streams":	[{
					"socket":	377,
					"start":	8.001535,
					"end":	9.032387,
					"seconds":	1.030852,
					"bytes":	1328600,
					"bits_per_second":	10310693.660602,
					"retransmits":	0,
					"snd_cwnd":	17520,
					"rtt":	455,
					"omitted":	false
				}],
			"sum":	{
				"start":	8.001535,
				"end":	9.032387,
				"seconds":	1.030852,
				"bytes":	1328600,
				"bits_per_second":	10310693.660602,
				"retransmits":	0,
				"omitted":	false
			}
		}, {
			"streams":	[{
					"socket":	377,
					"start":	9.032387,
					"end":	10.001614,
					"seconds":	0.969227,
					"bytes":	1061420,
					"bits_per_second":	8760960.371383,
					"retransmits":	0,
					"snd_cwnd":	17520,
					"rtt":	483,
					"omitted":	false
				}],
			"sum":	{
				"start":	9.032387,
				"end":	10.001614,
				"seconds":	0.969227,
				"bytes":	1061420,
				"bits_per_second":	8760960.371383,
				"retransmits":	0,
				"omitted":	false
			}
		}],
	"end":	{
		"streams":	[{
				"sender":	{
					"socket":	377,
					"start":	0,
					"end":	10.001614,
					"seconds":	10.001614,
					"bytes":	12350140,
					"bits_per_second":	9878517.514632,
					"retransmits":	0,
					"max_snd_cwnd":	17520,
					"max_rtt":	1253,
					"min_rtt":	455,
					"mean_rtt":	614
				},
				"receiver":	{
					"socket":	377,
					"start":	0,
					"end":	10.001614,
					"seconds":	10.001614,
					"bytes":	11942800,
					"bits_per_second":	9552698.104940
				}
			}],
		"sum_sent":	{
			"start":	0,
			"end":	10.001614,
			"seconds":	10.001614,
			"bytes":	12350140,
			"bits_per_second":	9878517.514632,
			"retransmits":	0
		},
		"sum_received":	{
			"start":	0,
			"end":	10.001614,
			"seconds":	10.001614,
			"bytes":	11942800,
			"bits_per_second":	9552698.104940
		},
		"cpu_utilization_percent":	{
			"host_total":	113.189390,
			"host_user":	89.092007,
			"host_system":	24.100277,
			"remote_total":	0.287001,
			"remote_user":	0.119075,
			"remote_system":	0.167926
		}
	}
}
