{
	"end": {
		"sum_sent": {
			"start": 0,
			"end": 10.054707666666667,
			"seconds": 10.054707666666667,
			"bytes": 118625693.33333333,
			"bits_per_second": 94396109.29788934,
			"retransmits": 0
		},
		"sum_received": {
			"start": 0,
			"end": 10.054707666666667,
			"seconds": 10.054707666666667,
			"bytes": 118515220,
			"bits_per_second": 94307755.884059
		},
		"cpu_utilization_percent": {
			"host_total": 148.96337733333334,
			"host_user": 56.76989699999999,
			"host_system": 92.20760733333333,
			"host_user_normalized": 38.09284567442483,
			"host_system_normalized": 61.91677373133413,
			"remote_total": 3.1598813333333333,
			"remote_user": 1.2315859999999998,
			"remote_system": 1.928295,
			"remote_user_normalized": 39.91122360286192,
			"remote_system_normalized": 60.088768642601416
		}
	}
}
