{
	"end": {
		"sum_sent": {
			"start": 0,
			"end": 10.032808,
			"seconds": 10.032808,
			"bytes": 99612878.66666667,
			"bits_per_second": 79438727.20289467,
			"retransmits": 0
		},
		"sum_received": {
			"start": 0,
			"end": 10.032808,
			"seconds": 10.032808,
			"bytes": 99502405.33333333,
			"bits_per_second": 79350645.61678267
		},
		"cpu_utilization_percent": {
			"host_total": 120.22751666666666,
			"host_user": 53.069006,
			"host_system": 67.19334266666665,
			"host_user_normalized": 44.130504633483554,
			"host_system_normalized": 55.89803081427087,
			"remote_total": 0.9691293333333334,
			"remote_user": 0.3370116666666667,
			"remote_system": 0.6321176666666667,
			"remote_user_normalized": 34.14313412470784,
			"remote_system_normalized": 65.85685133583651
		}
	}
}
