{
	"end": {
		"sum_sent": {
			"start": 0,
			"end": 10.047892222222222,
			"seconds": 10.047892222222222,
			"bytes": 169984299.11111113,
			"bits_per_second": 135701482.10484168,
			"retransmits": 0
		},
		"sum_received": {
			"start": 0,
			"end": 10.047892222222222,
			"seconds": 10.047892222222222,
			"bytes": 169738714.66666666,
			"bits_per_second": 135505393.43313733
		},
		"cpu_utilization_percent": {
			"host_total": 167.13611744444447,
			"host_user": 98.46211222222222,
			"host_system": 68.709661,
			"host_user_normalized": 59.18510034069643,
			"host_system_normalized": 40.835543787595874,
			"remote_total": 1.3153654444444445,
			"remote_user": 0.13805266666666666,
			"remote_system": 1.177313111111111,
			"remote_user_normalized": 10.510751427566959,
			"remote_system_normalized": 89.48928523357104
		}
	}
}
