{
	"start":	{
		"connected":	[{
				"socket":	216,
				"local_host":	"10.0.2.15",
				"local_port":	49948,
				"remote_host":	"128.61.92.187",
				"remote_port":	5201
			}],
		"version":	"iperf 3.1.3",
		"system_info":	"Linux localhost 3.18.56+ #1 SMP PREEMPT Fri Oct 13 14:54:31 PDT 2017 i686",
		"timestamp":	{
			"time":	"Thu, 07 Dec 2017 06:34:16 GMT",
			"timesecs":	1512628456
		},
		"connecting_to":	{
			"host":	"128.61.92.187",
			"port":	5201
		},
		"cookie":	"localhost.1512628456.270784.1df845c0",
		"tcp_mss_default":	1460,
		"test_start":	{
			"protocol":	"TCP",
			"num_streams":	1,
			"blksize":	131072,
			"omit":	0,
			"duration":	10,
			"bytes":	0,
			"blocks":	0,
			"reverse":	0
		}
	},
	"intervals":	[{
			"streams":	[{
					"socket":	216,
					"start":	0,
					"end":	1.101869,
					"seconds":	1.101869,
					"bytes":	10468124,
					"bits_per_second":	76002668.122499,
					"retransmits":	0,
					"snd_cwnd":	17520,
					"rtt":	452,
					"omitted":	false
				}],
			"sum":	{
				"start":	0,
				"end":	1.101869,
				"seconds":	1.101869,
				"bytes":	10468124,
				"bits_per_second":	76002668.122499,
				"retransmits":	0,
				"omitted":	false
			}
		}, {
			"streams":	[{
					"socket":	216,
					"start":	1.101869,
					"end":	2.016399,
					"seconds":	0.914530,
					"bytes":	10264020,
					"bits_per_second":	89786181.441044,
					"retransmits":	0,
					"snd_cwnd":	17520,
					"rtt":	432,
					"omitted":	false
				}],
			"sum":	{
				"start":	1.101869,
				"end":	2.016399,
				"seconds":	0.914530,
				"bytes":	10264020,
				"bits_per_second":	89786181.441044,
				"retransmits":	0,
				"omitted":	false
			}
		}, {
			"streams":	[{
					"socket":	216,
					"start":	2.016399,
					"end":	3.033674,
					"seconds":	1.017275,
					"bytes":	11796872,
					"bits_per_second":	92772347.011949,
					"retransmits":	0,
					"snd_cwnd":	17520,
					"rtt":	449,
					"omitted":	false
				}],
			"sum":	{
				"start":	2.016399,
				"end":	3.033674,
				"seconds":	1.017275,
				"bytes":	11796872,
				"bits_per_second":	92772347.011949,
				"retransmits":	0,
				"omitted":	false
			}
		}, {
			"streams":	[{
					"socket":	216,
					"start":	3.033674,
					"end":	4.070628,
					"seconds":	1.036954,
					"bytes":	12663868,
					"bits_per_second":	97700503.520675,
					"retransmits":	0,
					"snd_cwnd":	17520,
					"rtt":	422,
					"omitted":	false
				}],
			"sum":	{
				"start":	3.033674,
				"end":	4.070628,
				"seconds":	1.036954,
				"bytes":	12663868,
				"bits_per_second":	97700503.520675,
				"retransmits":	0,
				"omitted":	false
			}
		}, {
			"streams":	[{
					"socket":	216,
					"start":	4.070628,
					"end":	5.001918,
					"seconds":	0.931290,
					"bytes":	11796480,
					"bits_per_second":	101334545.621020,
					"retransmits":	0,
					"snd_cwnd":	17520,
					"rtt":	408,
					"omitted":	false
				}],
			"sum":	{
				"start":	4.070628,
				"end":	5.001918,
				"seconds":	0.931290,
				"bytes":	11796480,
				"bits_per_second":	101334545.621020,
				"retransmits":	0,
				"omitted":	false
			}
		}, {
			"streams":	[{
					"socket":	216,
					"start":	5.001918,
					"end":	6.027281,
					"seconds":	1.025363,
					"bytes":	13333828,
					"bits_per_second":	104032062.091913,
					"retransmits":	0,
					"snd_cwnd":	17520,
					"rtt":	509,
					"omitted":	false
				}],
			"sum":	{
				"start":	5.001918,
				"end":	6.027281,
				"seconds":	1.025363,
				"bytes":	13333828,
				"bits_per_second":	104032062.091913,
				"retransmits":	0,
				"omitted":	false
			}
		}, {
			"streams":	[{
					"socket":	216,
					"start":	6.027281,
					"end":	7.006323,
					"seconds":	0.979042,
					"bytes":	12531220,
					"bits_per_second":	102395764.992948,
					"retransmits":	0,
					"snd_cwnd":	17520,
					"rtt":	641,
					"omitted":	false
				}],
			"sum":	{
				"start":	6.027281,
				"end":	7.006323,
				"seconds":	0.979042,
				"bytes":	12531220,
				"bits_per_second":	102395764.992948,
				"retransmits":	0,
				"omitted":	false
			}
		}, {
			"streams":	[{
					"socket":	216,
					"start":	7.006323,
					"end":	8.063545,
					"seconds":	1.057222,
					"bytes":	12937576,
					"bits_per_second":	97898661.603910,
					"retransmits":	0,
					"snd_cwnd":	20440,
					"rtt":	492,
					"omitted":	false
				}],
			"sum":	{
				"start":	7.006323,
				"end":	8.063545,
				"seconds":	1.057222,
				"bytes":	12937576,
				"bits_per_second":	97898661.603910,
				"retransmits":	0,
				"omitted":	false
			}
		}, {
			"streams":	[{
					"socket":	216,
					"start":	8.063545,
					"end":	9.057218,
					"seconds":	0.993673,
					"bytes":	14855572,
					"bits_per_second":	119601283.012007,
					"retransmits":	0,
					"snd_cwnd":	20440,
					"rtt":	444,
					"omitted":	false
				}],
			"sum":	{
				"start":	8.063545,
				"end":	9.057218,
				"seconds":	0.993673,
				"bytes":	14855572,
				"bits_per_second":	119601283.012007,
				"retransmits":	0,
				"omitted":	false
			}
		}, {
			"streams":	[{
					"socket":	216,
					"start":	9.057218,
					"end":	10.021284,
					"seconds":	0.964066,
					"bytes":	14345980,
					"bits_per_second":	119045621.975979,
					"retransmits":	0,
					"snd_cwnd":	20440,
					"rtt":	457,
					"omitted":	false
				}],
			"sum":	{
				"start":	9.057218,
				"end":	10.021284,
				"seconds":	0.964066,
				"bytes":	14345980,
				"bits_per_second":	119045621.975979,
				"retransmits":	0,
				"omitted":	false
			}
		}],
	"end":	{
		"streams":	[{
				"sender":	{
					"socket":	216,
					"start":	0,
					"end":	10.021284,
					"seconds":	10.021284,
					"bytes":	124993540,
					"bits_per_second":	99782453.993235,
					"retransmits":	0,
					"max_snd_cwnd":	20440,
					"max_rtt":	641,
					"min_rtt":	408,
					"mean_rtt":	470
				},
				"receiver":	{
					"socket":	216,
					"start":	0,
					"end":	10.021284,
					"seconds":	10.021284,
					"bytes":	124993540,
					"bits_per_second":	99782453.993235
				}
			}],
		"sum_sent":	{
			"start":	0,
			"end":	10.021284,
			"seconds":	10.021284,
			"bytes":	124993540,
			"bits_per_second":	99782453.993235,
			"retransmits":	0
		},
		"sum_received":	{
			"start":	0,
			"end":	10.021284,
			"seconds":	10.021284,
			"bytes":	124993540,
			"bits_per_second":	99782453.993235
		},
		"cpu_utilization_percent":	{
			"host_total":	133.978293,
			"host_user":	54.268561,
			"host_system":	79.660273,
			"remote_total":	4.398400,
			"remote_user":	2.046722,
			"remote_system":	2.351678
		}
	}
}
