{
	"start":	{
		"connected":	[{
				"socket":	228,
				"local_host":	"10.0.2.15",
				"local_port":	53665,
				"remote_host":	"192.168.1.4",
				"remote_port":	5201
			}],
		"version":	"iperf 3.1.3",
		"system_info":	"Linux localhost 3.18.48+ #1 SMP PREEMPT Wed Apr 19 00:58:20 UTC 2017 i686",
		"timestamp":	{
			"time":	"Thu, 07 Dec 2017 05:17:47 GMT",
			"timesecs":	1512623867
		},
		"connecting_to":	{
			"host":	"192.168.1.4",
			"port":	5201
		},
		"cookie":	"localhost.1512623867.387785.5b27d37c",
		"tcp_mss_default":	1460,
		"test_start":	{
			"protocol":	"TCP",
			"num_streams":	1,
			"blksize":	131072,
			"omit":	0,
			"duration":	10,
			"bytes":	0,
			"blocks":	0,
			"reverse":	0
		}
	},
	"intervals":	[{
			"streams":	[{
					"socket":	228,
					"start":	0,
					"end":	1.000366,
					"seconds":	1.000366,
					"bytes":	15473080,
					"bits_per_second":	123739354.796635,
					"retransmits":	0,
					"snd_cwnd":	17520,
					"rtt":	265,
					"omitted":	false
				}],
			"sum":	{
				"start":	0,
				"end":	1.000366,
				"seconds":	1.000366,
				"bytes":	15473080,
				"bits_per_second":	123739354.796635,
				"retransmits":	0,
				"omitted":	false
			}
		}, {
			"streams":	[{
					"socket":	228,
					"start":	1.000366,
					"end":	2.008924,
					"seconds":	1.008558,
					"bytes":	17418932,
					"bits_per_second":	138169000.868901,
					"retransmits":	0,
					"snd_cwnd":	17520,
					"rtt":	400,
					"omitted":	false
				}],
			"sum":	{
				"start":	1.000366,
				"end":	2.008924,
				"seconds":	1.008558,
				"bytes":	17418932,
				"bits_per_second":	138169000.868901,
				"retransmits":	0,
				"omitted":	false
			}
		}, {
			"streams":	[{
					"socket":	228,
					"start":	2.008924,
					"end":	3.014138,
					"seconds":	1.005214,
					"bytes":	17150620,
					"bits_per_second":	136493287.288695,
					"retransmits":	0,
					"snd_cwnd":	17520,
					"rtt":	245,
					"omitted":	false
				}],
			"sum":	{
				"start":	2.008924,
				"end":	3.014138,
				"seconds":	1.005214,
				"bytes":	17150620,
				"bits_per_second":	136493287.288695,
				"retransmits":	0,
				"omitted":	false
			}
		}, {
			"streams":	[{
					"socket":	228,
					"start":	3.014138,
					"end":	4.000008,
					"seconds":	0.985870,
					"bytes":	15102240,
					"bits_per_second":	122549529.793475,
					"retransmits":	0,
					"snd_cwnd":	17520,
					"rtt":	580,
					"omitted":	false
				}],
			"sum":	{
				"start":	3.014138,
				"end":	4.000008,
				"seconds":	0.985870,
				"bytes":	15102240,
				"bits_per_second":	122549529.793475,
				"retransmits":	0,
				"omitted":	false
			}
		}, {
			"streams":	[{
					"socket":	228,
					"start":	4.000008,
					"end":	5.001061,
					"seconds":	1.001053,
					"bytes":	16015544,
					"bits_per_second":	127989597.327521,
					"retransmits":	0,
					"snd_cwnd":	17520,
					"rtt":	337,
					"omitted":	false
				}],
			"sum":	{
				"start":	4.000008,
				"end":	5.001061,
				"seconds":	1.001053,
				"bytes":	16015544,
				"bits_per_second":	127989597.327521,
				"retransmits":	0,
				"omitted":	false
			}
		}, {
			"streams":	[{
					"socket":	228,
					"start":	5.001061,
					"end":	6.008976,
					"seconds":	1.007915,
					"bytes":	15112460,
					"bits_per_second":	119950271.205719,
					"retransmits":	0,
					"snd_cwnd":	17520,
					"rtt":	4786,
					"omitted":	false
				}],
			"sum":	{
				"start":	5.001061,
				"end":	6.008976,
				"seconds":	1.007915,
				"bytes":	15112460,
				"bits_per_second":	119950271.205719,
				"retransmits":	0,
				"omitted":	false
			}
		}, {
			"streams":	[{
					"socket":	228,
					"start":	6.008976,
					"end":	7.001255,
					"seconds":	0.992279,
					"bytes":	18347820,
					"bits_per_second":	147924678.643088,
					"retransmits":	0,
					"snd_cwnd":	17520,
					"rtt":	591,
					"omitted":	false
				}],
			"sum":	{
				"start":	6.008976,
				"end":	7.001255,
				"seconds":	0.992279,
				"bytes":	18347820,
				"bits_per_second":	147924678.643088,
				"retransmits":	0,
				"omitted":	false
			}
		}, {
			"streams":	[{
					"socket":	228,
					"start":	7.001255,
					"end":	8.002994,
					"seconds":	1.001739,
					"bytes":	17767544,
					"bits_per_second":	141893595.473676,
					"retransmits":	0,
					"snd_cwnd":	17520,
					"rtt":	5253,
					"omitted":	false
				}],
			"sum":	{
				"start":	7.001255,
				"end":	8.002994,
				"seconds":	1.001739,
				"bytes":	17767544,
				"bits_per_second":	141893595.473676,
				"retransmits":	0,
				"omitted":	false
			}
		}, {
			"streams":	[{
					"socket":	228,
					"start":	8.002994,
					"end":	9.000126,
					"seconds":	0.997132,
					"bytes":	17642312,
					"bits_per_second":	141544470.383046,
					"retransmits":	0,
					"snd_cwnd":	17520,
					"rtt":	256,
					"omitted":	false
				}],
			"sum":	{
				"start":	8.002994,
				"end":	9.000126,
				"seconds":	0.997132,
				"bytes":	17642312,
				"bits_per_second":	141544470.383046,
				"retransmits":	0,
				"omitted":	false
			}
		}, {
			"streams":	[{
					"socket":	228,
					"start":	9.000126,
					"end":	10.010403,
					"seconds":	1.010277,
					"bytes":	18898240,
					"bits_per_second":	149647982.764864,
					"retransmits":	0,
					"snd_cwnd":	17520,
					"rtt":	225,
					"omitted":	false
				}],
			"sum":	{
				"start":	9.000126,
				"end":	10.010403,
				"seconds":	1.010277,
				"bytes":	18898240,
				"bits_per_second":	149647982.764864,
				"retransmits":	0,
				"omitted":	false
			}
		}],
	"end":	{
		"streams":	[{
				"sender":	{
					"socket":	228,
					"start":	0,
					"end":	10.010403,
					"seconds":	10.010403,
					"bytes":	168928792,
					"bits_per_second":	135002591.512934,
					"retransmits":	0,
					"max_snd_cwnd":	17520,
					"max_rtt":	5253,
					"min_rtt":	225,
					"mean_rtt":	1293
				},
				"receiver":	{
					"socket":	228,
					"start":	0,
					"end":	10.010403,
					"seconds":	10.010403,
					"bytes":	168594452,
					"bits_per_second":	134735397.472700
				}
			}],
		"sum_sent":	{
			"start":	0,
			"end":	10.010403,
			"seconds":	10.010403,
			"bytes":	168928792,
			"bits_per_second":	135002591.512934,
			"retransmits":	0
		},
		"sum_received":	{
			"start":	0,
			"end":	10.010403,
			"seconds":	10.010403,
			"bytes":	168594452,
			"bits_per_second":	134735397.472700
		},
		"cpu_utilization_percent":	{
			"host_total":	162.778506,
			"host_user":	111.000233,
			"host_system":	51.866476,
			"remote_total":	0.965247,
			"remote_user":	0.102020,
			"remote_system":	0.863228
		}
	}
}
