{
	"end": {
		"sum_sent": {
			"start": 0,
			"end": 10.007030333333333,
			"seconds": 10.007030333333333,
			"bytes": 247805172,
			"bits_per_second": 198109596.88514933,
			"retransmits": 0
		},
		"sum_received": {
			"start": 0,
			"end": 10.007030333333333,
			"seconds": 10.007030333333333,
			"bytes": 247471318.66666666,
			"bits_per_second": 197842701.23443103
		},
		"cpu_utilization_percent": {
			"host_total": 169.008188,
			"host_user": 99.18928566666666,
			"host_system": 69.77933900000001,
			"host_user_normalized": 58.57389246997072,
			"host_system_normalized": 41.40327601640865,
			"remote_total": 2.2227226666666664,
			"remote_user": 0.22440433333333334,
			"remote_system": 1.9983189999999997,
			"remote_user_normalized": 10.16871974842808,
			"remote_system_normalized": 89.83136264038234
		}
	}
}
