{
	"end": {
		"sum_sent": {
			"start": 0,
			"end": 10.002299666666667,
			"seconds": 10.002299666666667,
			"bytes": 11320353.333333334,
			"bits_per_second": 9054136.148496,
			"retransmits": 0
		},
		"sum_received": {
			"start": 0,
			"end": 10.002299666666667,
			"seconds": 10.002299666666667,
			"bytes": 10979686.666666666,
			"bits_per_second": 8781665.085532
		},
		"cpu_utilization_percent": {
			"host_total": 111.19695999999999,
			"host_user": 77.198427,
			"host_system": 34.021741999999996,
			"host_user_normalized": 68.74824203061259,
			"host_system_normalized": 31.277402816834908,
			"remote_total": 0.10519966666666668,
			"remote_user": 0.04126,
			"remote_system": 0.06393933333333333,
			"remote_user_normalized": 42.43445328198973,
			"remote_system_normalized": 57.56489810862879
		}
	}
}
