{
	"start":	{
		"connected":	[{
				"socket":	334,
				"local_host":	"10.0.2.15",
				"local_port":	40457,
				"remote_host":	"128.61.8.181",
				"remote_port":	5201
			}],
		"version":	"iperf 3.1.3",
		"system_info":	"Linux localhost 3.18.48+ #1 SMP PREEMPT Wed Apr 19 00:58:20 UTC 2017 i686",
		"timestamp":	{
			"time":	"Fri, 08 Dec 2017 22:02:25 GMT",
			"timesecs":	1512770545
		},
		"connecting_to":	{
			"host":	"128.61.8.181",
			"port":	5201
		},
		"cookie":	"localhost.1512770545.758671.5960ea2d",
		"tcp_mss_default":	1460,
		"test_start":	{
			"protocol":	"TCP",
			"num_streams":	1,
			"blksize":	131072,
			"omit":	0,
			"duration":	10,
			"bytes":	0,
			"blocks":	0,
			"reverse":	0
		}
	},
	"intervals":	[{
			"streams":	[{
					"socket":	334,
					"start":	0,
					"end":	1.010162,
					"seconds":	1.010162,
					"bytes":	14657416,
					"bits_per_second":	116079712.600126,
					"retransmits":	0,
					"snd_cwnd":	17520,
					"rtt":	643,
					"omitted":	false
				}],
			"sum":	{
				"start":	0,
				"end":	1.010162,
				"seconds":	1.010162,
				"bytes":	14657416,
				"bits_per_second":	116079712.600126,
				"retransmits":	0,
				"omitted":	false
			}
		}, {
			"streams":	[{
					"socket":	334,
					"start":	1.010162,
					"end":	2.017899,
					"seconds":	1.007737,
					"bytes":	16670280,
					"bits_per_second":	132338348.610449,
					"retransmits":	0,
					"snd_cwnd":	17520,
					"rtt":	380,
					"omitted":	false
				}],
			"sum":	{
				"start":	1.010162,
				"end":	2.017899,
				"seconds":	1.007737,
				"bytes":	16670280,
				"bits_per_second":	132338348.610449,
				"retransmits":	0,
				"omitted":	false
			}
		}, {
			"streams":	[{
					"socket":	334,
					"start":	2.017899,
					"end":	3.001013,
					"seconds":	0.983114,
					"bytes":	17103900,
					"bits_per_second":	139181416.829042,
					"retransmits":	0,
					"snd_cwnd":	17520,
					"rtt":	212,
					"omitted":	false
				}],
			"sum":	{
				"start":	2.017899,
				"end":	3.001013,
				"seconds":	0.983114,
				"bytes":	17103900,
				"bits_per_second":	139181416.829042,
				"retransmits":	0,
				"omitted":	false
			}
		}, {
			"streams":	[{
					"socket":	334,
					"start":	3.001013,
					"end":	4.000259,
					"seconds":	0.999246,
					"bytes":	19359600,
					"bits_per_second":	154993646.540060,
					"retransmits":	0,
					"snd_cwnd":	17520,
					"rtt":	1165,
					"omitted":	false
				}],
			"sum":	{
				"start":	3.001013,
				"end":	4.000259,
				"seconds":	0.999246,
				"bytes":	19359600,
				"bits_per_second":	154993646.540060,
				"retransmits":	0,
				"omitted":	false
			}
		}, {
			"streams":	[{
					"socket":	334,
					"start":	4.000259,
					"end":	5.014386,
					"seconds":	1.014127,
					"bytes":	17826600,
					"bits_per_second":	140626171.811310,
					"retransmits":	0,
					"snd_cwnd":	17520,
					"rtt":	10480,
					"omitted":	false
				}],
			"sum":	{
				"start":	4.000259,
				"end":	5.014386,
				"seconds":	1.014127,
				"bytes":	17826600,
				"bits_per_second":	140626171.811310,
				"retransmits":	0,
				"omitted":	false
			}
		}, {
			"streams":	[{
					"socket":	334,
					"start":	5.014386,
					"end":	6.000739,
					"seconds":	0.986353,
					"bytes":	18896780,
					"bits_per_second":	153265871.528446,
					"retransmits":	0,
					"snd_cwnd":	17520,
					"rtt":	578,
					"omitted":	false
				}],
			"sum":	{
				"start":	5.014386,
				"end":	6.000739,
				"seconds":	0.986353,
				"bytes":	18896780,
				"bits_per_second":	153265871.528446,
				"retransmits":	0,
				"omitted":	false
			}
		}, {
			"streams":	[{
					"socket":	334,
					"start":	6.000739,
					"end":	7.000340,
					"seconds":	0.999601,
					"bytes":	16841100,
					"bits_per_second":	134782593.444974,
					"retransmits":	0,
					"snd_cwnd":	17520,
					"rtt":	384,
					"omitted":	false
				}],
			"sum":	{
				"start":	6.000739,
				"end":	7.000340,
				"seconds":	0.999601,
				"bytes":	16841100,
				"bits_per_second":	134782593.444974,
				"retransmits":	0,
				"omitted":	false
			}
		}, {
			"streams":	[{
					"socket":	334,
					"start":	7.000340,
					"end":	8.000570,
					"seconds":	1.000230,
					"bytes":	18817940,
					"bits_per_second":	150508891.827933,
					"retransmits":	0,
					"snd_cwnd":	17520,
					"rtt":	414,
					"omitted":	false
				}],
			"sum":	{
				"start":	7.000340,
				"end":	8.000570,
				"seconds":	1.000230,
				"bytes":	18817940,
				"bits_per_second":	150508891.827933,
				"retransmits":	0,
				"omitted":	false
			}
		}, {
			"streams":	[{
					"socket":	334,
					"start":	8.000570,
					"end":	9.004502,
					"seconds":	1.003932,
					"bytes":	16270240,
					"bits_per_second":	129652127.935830,
					"retransmits":	0,
					"snd_cwnd":	17520,
					"rtt":	5835,
					"omitted":	false
				}],
			"sum":	{
				"start":	8.000570,
				"end":	9.004502,
				"seconds":	1.003932,
				"bytes":	16270240,
				"bits_per_second":	129652127.935830,
				"retransmits":	0,
				"omitted":	false
			}
		}, {
			"streams":	[{
					"socket":	334,
					"start":	9.004502,
					"end":	10.022040,
					"seconds":	1.017538,
					"bytes":	21640120,
					"bits_per_second":	170137083.799259,
					"retransmits":	0,
					"snd_cwnd":	17520,
					"rtt":	471,
					"omitted":	false
				}],
			"sum":	{
				"start":	9.004502,
				"end":	10.022040,
				"seconds":	1.017538,
				"bytes":	21640120,
				"bits_per_second":	170137083.799259,
				"retransmits":	0,
				"omitted":	false
			}
		}],
	"end":	{
		"streams":	[{
				"sender":	{
					"socket":	334,
					"start":	0,
					"end":	10.022040,
					"seconds":	10.022040,
					"bytes":	178083976,
					"bits_per_second":	142153871.836839,
					"retransmits":	0,
					"max_snd_cwnd":	17520,
					"max_rtt":	10480,
					"min_rtt":	212,
					"mean_rtt":	2056
				},
				"receiver":	{
					"socket":	334,
					"start":	0,
					"end":	10.022040,
					"seconds":	10.022040,
					"bytes":	177818256,
					"bits_per_second":	141941763.326725
				}
			}],
		"sum_sent":	{
			"start":	0,
			"end":	10.022040,
			"seconds":	10.022040,
			"bytes":	178083976,
			"bits_per_second":	142153871.836839,
			"retransmits":	0
		},
		"sum_received":	{
			"start":	0,
			"end":	10.022040,
			"seconds":	10.022040,
			"bytes":	177818256,
			"bits_per_second":	141941763.326725
		},
		"cpu_utilization_percent":	{
			"host_total":	173.831057,
			"host_user":	106.892975,
			"host_system":	66.982283,
			"remote_total":	1.412241,
			"remote_user":	0.144578,
			"remote_system":	1.267663
		}
	}
}
