{
	"end": {
		"sum_sent": {
			"start": 0,
			"end": 10.106883999999999,
			"seconds": 10.106883999999999,
			"bytes": 63341817.333333336,
			"bits_per_second": 50141760.81592333,
			"retransmits": 0
		},
		"sum_received": {
			"start": 0,
			"end": 10.106883999999999,
			"seconds": 10.106883999999999,
			"bytes": 63341817.333333336,
			"bits_per_second": 50141760.81592333
		},
		"cpu_utilization_percent": {
			"host_total": 173.51353766666668,
			"host_user": 107.05525133333333,
			"host_system": 66.47523633333333,
			"host_user_normalized": 61.86945072430862,
			"host_system_normalized": 38.139804742920155,
			"remote_total": 0.353682,
			"remote_user": 0.03888966666666666,
			"remote_system": 0.314793,
			"remote_user_normalized": 11.052251320391248,
			"remote_system_normalized": 88.95113182876729
		}
	}
}
