{
	"start":	{
		"connected":	[{
				"socket":	149,
				"local_host":	"10.0.2.15",
				"local_port":	54018,
				"remote_host":	"10.0.0.252",
				"remote_port":	5201
			}],
		"version":	"iperf 3.1.3",
		"system_info":	"Linux localhost 3.18.56+ #1 SMP PREEMPT Fri Oct 13 14:54:31 PDT 2017 i686",
		"timestamp":	{
			"time":	"Thu, 07 Dec 2017 06:58:52 GMT",
			"timesecs":	1512629932
		},
		"connecting_to":	{
			"host":	"10.0.0.252",
			"port":	5201
		},
		"cookie":	"localhost.1512629932.729153.518e9224",
		"tcp_mss_default":	1460,
		"test_start":	{
			"protocol":	"TCP",
			"num_streams":	1,
			"blksize":	131072,
			"omit":	0,
			"duration":	10,
			"bytes":	0,
			"blocks":	0,
			"reverse":	0
		}
	},
	"intervals":	[{
			"streams":	[{
					"socket":	149,
					"start":	0,
					"end":	1.001767,
					"seconds":	1.001767,
					"bytes":	1515480,
					"bits_per_second":	12102453.047126,
					"retransmits":	0,
					"snd_cwnd":	17520,
					"rtt":	803,
					"omitted":	false
				}],
			"sum":	{
				"start":	0,
				"end":	1.001767,
				"seconds":	1.001767,
				"bytes":	1515480,
				"bits_per_second":	12102453.047126,
				"retransmits":	0,
				"omitted":	false
			}
		}, {
			"streams":	[{
					"socket":	149,
					"start":	1.001767,
					"end":	2.002070,
					"seconds":	1.000303,
					"bytes":	1169460,
					"bits_per_second":	9352845.807004,
					"retransmits":	0,
					"snd_cwnd":	17520,
					"rtt":	484,
					"omitted":	false
				}],
			"sum":	{
				"start":	1.001767,
				"end":	2.002070,
				"seconds":	1.000303,
				"bytes":	1169460,
				"bits_per_second":	9352845.807004,
				"retransmits":	0,
				"omitted":	false
			}
		}, {
			"streams":	[{
					"socket":	149,
					"start":	2.002070,
					"end":	3.001118,
					"seconds":	0.999048,
					"bytes":	1168000,
					"bits_per_second":	9352904.015000,
					"retransmits":	0,
					"snd_cwnd":	17520,
					"rtt":	505,
					"omitted":	false
				}],
			"sum":	{
				"start":	2.002070,
				"end":	3.001118,
				"seconds":	0.999048,
				"bytes":	1168000,
				"bits_per_second":	9352904.015000,
				"retransmits":	0,
				"omitted":	false
			}
		}, {
			"streams":	[{
					"socket":	149,
					"start":	3.001118,
					"end":	4.001245,
					"seconds":	1.000127,
					"bytes":	1208880,
					"bits_per_second":	9669813.493581,
					"retransmits":	0,
					"snd_cwnd":	17520,
					"rtt":	382,
					"omitted":	false
				}],
			"sum":	{
				"start":	3.001118,
				"end":	4.001245,
				"seconds":	1.000127,
				"bytes":	1208880,
				"bits_per_second":	9669813.493581,
				"retransmits":	0,
				"omitted":	false
			}
		}, {
			"streams":	[{
					"socket":	149,
					"start":	4.001245,
					"end":	5.002103,
					"seconds":	1.000858,
					"bytes":	1168000,
					"bits_per_second":	9335989.082168,
					"retransmits":	0,
					"snd_cwnd":	17520,
					"rtt":	452,
					"omitted":	false
				}],
			"sum":	{
				"start":	4.001245,
				"end":	5.002103,
				"seconds":	1.000858,
				"bytes":	1168000,
				"bits_per_second":	9335989.082168,
				"retransmits":	0,
				"omitted":	false
			}
		}, {
			"streams":	[{
					"socket":	149,
					"start":	5.002103,
					"end":	6.001841,
					"seconds":	0.999738,
					"bytes":	1112520,
					"bits_per_second":	8902492.649093,
					"retransmits":	0,
					"snd_cwnd":	17520,
					"rtt":	453,
					"omitted":	false
				}],
			"sum":	{
				"start":	5.002103,
				"end":	6.001841,
				"seconds":	0.999738,
				"bytes":	1112520,
				"bits_per_second":	8902492.649093,
				"retransmits":	0,
				"omitted":	false
			}
		}, {
			"streams":	[{
					"socket":	149,
					"start":	6.001841,
					"end":	7.000482,
					"seconds":	0.998641,
					"bytes":	1100840,
					"bits_per_second":	8818704.495073,
					"retransmits":	0,
					"snd_cwnd":	17520,
					"rtt":	407,
					"omitted":	false
				}],
			"sum":	{
				"start":	6.001841,
				"end":	7.000482,
				"seconds":	0.998641,
				"bytes":	1100840,
				"bits_per_second":	8818704.495073,
				"retransmits":	0,
				"omitted":	false
			}
		}, {
			"streams":	[{
					"socket":	149,
					"start":	7.000482,
					"end":	8.001908,
					"seconds":	1.001426,
					"bytes":	1182600,
					"bits_per_second":	9447328.284438,
					"retransmits":	0,
					"snd_cwnd":	17520,
					"rtt":	508,
					"omitted":	false
				}],
			"sum":	{
				"start":	7.000482,
				"end":	8.001908,
				"seconds":	1.001426,
				"bytes":	1182600,
				"bits_per_second":	9447328.284438,
				"retransmits":	0,
				"omitted":	false
			}
		}, {
			"streams":	[{
					"socket":	149,
					"start":	8.001908,
					"end":	9.002386,
					"seconds":	1.000478,
					"bytes":	1211800,
					"bits_per_second":	9689768.007456,
					"retransmits":	0,
					"snd_cwnd":	17520,
					"rtt":	370,
					"omitted":	false
				}],
			"sum":	{
				"start":	8.001908,
				"end":	9.002386,
				"seconds":	1.000478,
				"bytes":	1211800,
				"bits_per_second":	9689768.007456,
				"retransmits":	0,
				"omitted":	false
			}
		}, {
			"streams":	[{
					"socket":	149,
					"start":	9.002386,
					"end":	10.004276,
					"seconds":	1.001890,
					"bytes":	1181140,
					"bits_per_second":	9431295.379164,
					"retransmits":	0,
					"snd_cwnd":	17520,
					"rtt":	1187,
					"omitted":	false
				}],
			"sum":	{
				"start":	9.002386,
				"end":	10.004276,
				"seconds":	1.001890,
				"bytes":	1181140,
				"bits_per_second":	9431295.379164,
				"retransmits":	0,
				"omitted":	false
			}
		}],
	"end":	{
		"streams":	[{
				"sender":	{
					"socket":	149,
					"start":	0,
					"end":	10.004276,
					"seconds":	10.004276,
					"bytes":	12018720,
					"bits_per_second":	9610866.357777,
					"retransmits":	0,
					"max_snd_cwnd":	17520,
					"max_rtt":	1187,
					"min_rtt":	370,
					"mean_rtt":	555
				},
				"receiver":	{
					"socket":	149,
					"start":	0,
					"end":	10.004276,
					"seconds":	10.004276,
					"bytes":	11682920,
					"bits_per_second":	9342341.180143
				}
			}],
		"sum_sent":	{
			"start":	0,
			"end":	10.004276,
			"seconds":	10.004276,
			"bytes":	12018720,
			"bits_per_second":	9610866.357777,
			"retransmits":	0
		},
		"sum_received":	{
			"start":	0,
			"end":	10.004276,
			"seconds":	10.004276,
			"bytes":	11682920,
			"bits_per_second":	9342341.180143
		},
		"cpu_utilization_percent":	{
			"host_total":	84.531542,
			"host_user":	53.381434,
			"host_system":	31.204588,
			"remote_total":	0.051943,
			"remote_user":	0.034629,
			"remote_system":	0.017314
		}
	}
}
