{
	"end": {
		"sum_sent": {
			"start": 0,
			"end": 10.006804666666667,
			"seconds": 10.006804666666667,
			"bytes": 166361286.66666666,
			"bits_per_second": 132999594.17228699,
			"retransmits": 0
		},
		"sum_received": {
			"start": 0,
			"end": 10.006804666666667,
			"seconds": 10.006804666666667,
			"bytes": 166060040,
			"bits_per_second": 132758757.60422833
		},
		"cpu_utilization_percent": {
			"host_total": 160.83876033333334,
			"host_user": 110.291558,
			"host_system": 50.50994866666667,
			"host_user_normalized": 68.61508935287632,
			"host_system_normalized": 31.361993816591536,
			"remote_total": 0.41020799999999996,
			"remote_user": 0.04266366666666666,
			"remote_system": 0.3675443333333333,
			"remote_user_normalized": 10.388566179407782,
			"remote_system_normalized": 89.6375845365135
		}
	}
}
