{
	"start":	{
		"connected":	[{
				"socket":	218,
				"local_host":	"10.0.2.15",
				"local_port":	40642,
				"remote_host":	"128.61.8.181",
				"remote_port":	5201
			}],
		"version":	"iperf 3.1.3",
		"system_info":	"Linux localhost 3.18.48+ #1 SMP PREEMPT Wed Apr 19 00:58:20 UTC 2017 i686",
		"timestamp":	{
			"time":	"Sat, 09 Dec 2017 00:50:55 GMT",
			"timesecs":	1512780655
		},
		"connecting_to":	{
			"host":	"128.61.8.181",
			"port":	5201
		},
		"cookie":	"localhost.1512780655.085299.3125e2a0",
		"tcp_mss_default":	1460,
		"test_start":	{
			"protocol":	"TCP",
			"num_streams":	1,
			"blksize":	131072,
			"omit":	0,
			"duration":	10,
			"bytes":	0,
			"blocks":	0,
			"reverse":	0
		}
	},
	"intervals":	[{
			"streams":	[{
					"socket":	218,
					"start":	0,
					"end":	1.007584,
					"seconds":	1.007584,
					"bytes":	5397620,
					"bits_per_second":	42855946.646916,
					"retransmits":	0,
					"snd_cwnd":	17520,
					"rtt":	10242,
					"omitted":	false
				}],
			"sum":	{
				"start":	0,
				"end":	1.007584,
				"seconds":	1.007584,
				"bytes":	5397620,
				"bits_per_second":	42855946.646916,
				"retransmits":	0,
				"omitted":	false
			}
		}, {
			"streams":	[{
					"socket":	218,
					"start":	1.007584,
					"end":	2.022089,
					"seconds":	1.014505,
					"bytes":	5482300,
					"bits_per_second":	43231323.260722,
					"retransmits":	0,
					"snd_cwnd":	17520,
					"rtt":	1130,
					"omitted":	false
				}],
			"sum":	{
				"start":	1.007584,
				"end":	2.022089,
				"seconds":	1.014505,
				"bytes":	5482300,
				"bits_per_second":	43231323.260722,
				"retransmits":	0,
				"omitted":	false
			}
		}, {
			"streams":	[{
					"socket":	218,
					"start":	2.022089,
					"end":	3.002149,
					"seconds":	0.980060,
					"bytes":	6167040,
					"bits_per_second":	50340108.707678,
					"retransmits":	0,
					"snd_cwnd":	17520,
					"rtt":	7427,
					"omitted":	false
				}],
			"sum":	{
				"start":	2.022089,
				"end":	3.002149,
				"seconds":	0.980060,
				"bytes":	6167040,
				"bits_per_second":	50340108.707678,
				"retransmits":	0,
				"omitted":	false
			}
		}, {
			"streams":	[{
					"socket":	218,
					"start":	3.002149,
					"end":	4.001289,
					"seconds":	0.999140,
					"bytes":	6511600,
					"bits_per_second":	52137637.106954,
					"retransmits":	0,
					"snd_cwnd":	17520,
					"rtt":	794,
					"omitted":	false
				}],
			"sum":	{
				"start":	3.002149,
				"end":	4.001289,
				"seconds":	0.999140,
				"bytes":	6511600,
				"bits_per_second":	52137637.106954,
				"retransmits":	0,
				"omitted":	false
			}
		}, {
			"streams":	[{
					"socket":	218,
					"start":	4.001289,
					"end":	5.005680,
					"seconds":	1.004391,
					"bytes":	6962412,
					"bits_per_second":	55455778.950043,
					"retransmits":	0,
					"snd_cwnd":	17520,
					"rtt":	2043,
					"omitted":	false
				}],
			"sum":	{
				"start":	4.001289,
				"end":	5.005680,
				"seconds":	1.004391,
				"bytes":	6962412,
				"bits_per_second":	55455778.950043,
				"retransmits":	0,
				"omitted":	false
			}
		}, {
			"streams":	[{
					"socket":	218,
					"start":	5.005680,
					"end":	6.001712,
					"seconds":	0.996032,
					"bytes":	6972960,
					"bits_per_second":	56005911.479826,
					"retransmits":	0,
					"snd_cwnd":	17520,
					"rtt":	761,
					"omitted":	false
				}],
			"sum":	{
				"start":	5.005680,
				"end":	6.001712,
				"seconds":	0.996032,
				"bytes":	6972960,
				"bits_per_second":	56005911.479826,
				"retransmits":	0,
				"omitted":	false
			}
		}, {
			"streams":	[{
					"socket":	218,
					"start":	6.001712,
					"end":	7.017446,
					"seconds":	1.015734,
					"bytes":	6624760,
					"bits_per_second":	52177127.307397,
					"retransmits":	0,
					"snd_cwnd":	17520,
					"rtt":	2203,
					"omitted":	false
				}],
			"sum":	{
				"start":	6.001712,
				"end":	7.017446,
				"seconds":	1.015734,
				"bytes":	6624760,
				"bits_per_second":	52177127.307397,
				"retransmits":	0,
				"omitted":	false
			}
		}, {
			"streams":	[{
					"socket":	218,
					"start":	7.017446,
					"end":	8.002258,
					"seconds":	0.984812,
					"bytes":	6314500,
					"bits_per_second":	51295068.408689,
					"retransmits":	0,
					"snd_cwnd":	17520,
					"rtt":	659,
					"omitted":	false
				}],
			"sum":	{
				"start":	7.017446,
				"end":	8.002258,
				"seconds":	0.984812,
				"bytes":	6314500,
				"bits_per_second":	51295068.408689,
				"retransmits":	0,
				"omitted":	false
			}
		}, {
			"streams":	[{
					"socket":	218,
					"start":	8.002258,
					"end":	9.115043,
					"seconds":	1.112785,
					"bytes":	7528500,
					"bits_per_second":	54123669.388978,
					"retransmits":	0,
					"snd_cwnd":	17520,
					"rtt":	503,
					"omitted":	false
				}],
			"sum":	{
				"start":	8.002258,
				"end":	9.115043,
				"seconds":	1.112785,
				"bytes":	7528500,
				"bits_per_second":	54123669.388978,
				"retransmits":	0,
				"omitted":	false
			}
		}, {
			"streams":	[{
					"socket":	218,
					"start":	9.115043,
					"end":	10.175357,
					"seconds":	1.060314,
					"bytes":	7431664,
					"bits_per_second":	56071423.523203,
					"retransmits":	0,
					"snd_cwnd":	17520,
					"rtt":	627,
					"omitted":	false
				}],
			"sum":	{
				"start":	9.115043,
				"end":	10.175357,
				"seconds":	1.060314,
				"bytes":	7431664,
				"bits_per_second":	56071423.523203,
				"retransmits":	0,
				"omitted":	false
			}
		}],
	"end":	{
		"streams":	[{
				"sender":	{
					"socket":	218,
					"start":	0,
					"end":	10.175357,
					"seconds":	10.175357,
					"bytes":	65393356,
					"bits_per_second":	51413120.438370,
					"retransmits":	0,
					"max_snd_cwnd":	17520,
					"max_rtt":	10242,
					"min_rtt":	503,
					"mean_rtt":	2638
				},
				"receiver":	{
					"socket":	218,
					"start":	0,
					"end":	10.175357,
					"seconds":	10.175357,
					"bytes":	65393356,
					"bits_per_second":	51413120.438370
				}
			}],
		"sum_sent":	{
			"start":	0,
			"end":	10.175357,
			"seconds":	10.175357,
			"bytes":	65393356,
			"bits_per_second":	51413120.438370,
			"retransmits":	0
		},
		"sum_received":	{
			"start":	0,
			"end":	10.175357,
			"seconds":	10.175357,
			"bytes":	65393356,
			"bits_per_second":	51413120.438370
		},
		"cpu_utilization_percent":	{
			"host_total":	154.858152,
			"host_user":	105.852795,
			"host_system":	48.998650,
			"remote_total":	0.421997,
			"remote_user":	0.045450,
			"remote_system":	0.376547
		}
	}
}
