{
	"start":	{
		"connected":	[{
<<<<<<< HEAD
				"socket":	438,
				"local_host":	"10.0.2.15",
				"local_port":	40572,
=======
				"socket":	684,
				"local_host":	"10.0.2.15",
				"local_port":	40504,
>>>>>>> 067a8e7... add compression data
				"remote_host":	"128.61.8.181",
				"remote_port":	5201
			}],
		"version":	"iperf 3.1.3",
		"system_info":	"Linux localhost 3.18.48+ #1 SMP PREEMPT Wed Apr 19 00:58:20 UTC 2017 i686",
		"timestamp":	{
<<<<<<< HEAD
			"time":	"Sat, 09 Dec 2017 00:24:44 GMT",
			"timesecs":	1512779084
=======
			"time":	"Fri, 08 Dec 2017 22:26:43 GMT",
			"timesecs":	1512772003
>>>>>>> 067a8e7... add compression data
		},
		"connecting_to":	{
			"host":	"128.61.8.181",
			"port":	5201
		},
<<<<<<< HEAD
		"cookie":	"localhost.1512779084.377967.42fb47dd",
=======
		"cookie":	"localhost.1512772003.681655.7333f9be",
>>>>>>> 067a8e7... add compression data
		"tcp_mss_default":	1460,
		"test_start":	{
			"protocol":	"TCP",
			"num_streams":	1,
			"blksize":	131072,
			"omit":	0,
			"duration":	10,
			"bytes":	0,
			"blocks":	0,
			"reverse":	0
		}
	},
	"intervals":	[{
			"streams":	[{
<<<<<<< HEAD
					"socket":	438,
					"start":	0,
					"end":	1.018788,
					"seconds":	1.018788,
					"bytes":	7119668,
					"bits_per_second":	55906971.595972,
					"retransmits":	0,
					"snd_cwnd":	17520,
					"rtt":	5577,
=======
					"socket":	684,
					"start":	0,
					"end":	1.000565,
					"seconds":	1.000565,
					"bytes":	13029040,
					"bits_per_second":	104173456.576632,
					"retransmits":	0,
					"snd_cwnd":	17520,
					"rtt":	427,
>>>>>>> 067a8e7... add compression data
					"omitted":	false
				}],
			"sum":	{
				"start":	0,
<<<<<<< HEAD
				"end":	1.018788,
				"seconds":	1.018788,
				"bytes":	7119668,
				"bits_per_second":	55906971.595972,
=======
				"end":	1.000565,
				"seconds":	1.000565,
				"bytes":	13029040,
				"bits_per_second":	104173456.576632,
>>>>>>> 067a8e7... add compression data
				"retransmits":	0,
				"omitted":	false
			}
		}, {
			"streams":	[{
<<<<<<< HEAD
					"socket":	438,
					"start":	1.018788,
					"end":	2.000469,
					"seconds":	0.981681,
					"bytes":	6323260,
					"bits_per_second":	51530053.459618,
					"retransmits":	0,
					"snd_cwnd":	17520,
					"rtt":	743,
					"omitted":	false
				}],
			"sum":	{
				"start":	1.018788,
				"end":	2.000469,
				"seconds":	0.981681,
				"bytes":	6323260,
				"bits_per_second":	51530053.459618,
=======
					"socket":	684,
					"start":	1.000565,
					"end":	2.009002,
					"seconds":	1.008437,
					"bytes":	10641940,
					"bits_per_second":	84423227.998180,
					"retransmits":	0,
					"snd_cwnd":	17520,
					"rtt":	10001,
					"omitted":	false
				}],
			"sum":	{
				"start":	1.000565,
				"end":	2.009002,
				"seconds":	1.008437,
				"bytes":	10641940,
				"bits_per_second":	84423227.998180,
>>>>>>> 067a8e7... add compression data
				"retransmits":	0,
				"omitted":	false
			}
		}, {
			"streams":	[{
<<<<<<< HEAD
					"socket":	438,
					"start":	2.000469,
					"end":	3.056495,
					"seconds":	1.056026,
					"bytes":	5436056,
					"bits_per_second":	41181229.198195,
					"retransmits":	0,
					"snd_cwnd":	17520,
					"rtt":	1205,
					"omitted":	false
				}],
			"sum":	{
				"start":	2.000469,
				"end":	3.056495,
				"seconds":	1.056026,
				"bytes":	5436056,
				"bits_per_second":	41181229.198195,
=======
					"socket":	684,
					"start":	2.009002,
					"end":	3.000557,
					"seconds":	0.991555,
					"bytes":	12363280,
					"bits_per_second":	99748619.534851,
					"retransmits":	0,
					"snd_cwnd":	17520,
					"rtt":	358,
					"omitted":	false
				}],
			"sum":	{
				"start":	2.009002,
				"end":	3.000557,
				"seconds":	0.991555,
				"bytes":	12363280,
				"bits_per_second":	99748619.534851,
>>>>>>> 067a8e7... add compression data
				"retransmits":	0,
				"omitted":	false
			}
		}, {
			"streams":	[{
<<<<<<< HEAD
					"socket":	438,
					"start":	3.056495,
					"end":	4.074901,
					"seconds":	1.018406,
					"bytes":	5866756,
					"bits_per_second":	46085796.773828,
					"retransmits":	0,
					"snd_cwnd":	17520,
					"rtt":	722,
					"omitted":	false
				}],
			"sum":	{
				"start":	3.056495,
				"end":	4.074901,
				"seconds":	1.018406,
				"bytes":	5866756,
				"bits_per_second":	46085796.773828,
=======
					"socket":	684,
					"start":	3.000557,
					"end":	4.000403,
					"seconds":	0.999846,
					"bytes":	13649540,
					"bits_per_second":	109213140.833439,
					"retransmits":	0,
					"snd_cwnd":	17520,
					"rtt":	315,
					"omitted":	false
				}],
			"sum":	{
				"start":	3.000557,
				"end":	4.000403,
				"seconds":	0.999846,
				"bytes":	13649540,
				"bits_per_second":	109213140.833439,
>>>>>>> 067a8e7... add compression data
				"retransmits":	0,
				"omitted":	false
			}
		}, {
			"streams":	[{
<<<<<<< HEAD
					"socket":	438,
					"start":	4.074901,
					"end":	5.002944,
					"seconds":	0.928043,
					"bytes":	5112920,
					"bits_per_second":	44074848.255795,
					"retransmits":	0,
					"snd_cwnd":	17520,
					"rtt":	898,
					"omitted":	false
				}],
			"sum":	{
				"start":	4.074901,
				"end":	5.002944,
				"seconds":	0.928043,
				"bytes":	5112920,
				"bits_per_second":	44074848.255795,
=======
					"socket":	684,
					"start":	4.000403,
					"end":	5.002882,
					"seconds":	1.002479,
					"bytes":	14033520,
					"bits_per_second":	111990553.563890,
					"retransmits":	0,
					"snd_cwnd":	17520,
					"rtt":	10780,
					"omitted":	false
				}],
			"sum":	{
				"start":	4.000403,
				"end":	5.002882,
				"seconds":	1.002479,
				"bytes":	14033520,
				"bits_per_second":	111990553.563890,
>>>>>>> 067a8e7... add compression data
				"retransmits":	0,
				"omitted":	false
			}
		}, {
			"streams":	[{
<<<<<<< HEAD
					"socket":	438,
					"start":	5.002944,
					"end":	6.002620,
					"seconds":	0.999676,
					"bytes":	6638620,
					"bits_per_second":	53126173.456566,
					"retransmits":	0,
					"snd_cwnd":	17520,
					"rtt":	6030,
					"omitted":	false
				}],
			"sum":	{
				"start":	5.002944,
				"end":	6.002620,
				"seconds":	0.999676,
				"bytes":	6638620,
				"bits_per_second":	53126173.456566,
=======
					"socket":	684,
					"start":	5.002882,
					"end":	6.015832,
					"seconds":	1.012950,
					"bytes":	12769160,
					"bits_per_second":	100847289.253883,
					"retransmits":	0,
					"snd_cwnd":	17520,
					"rtt":	9692,
					"omitted":	false
				}],
			"sum":	{
				"start":	5.002882,
				"end":	6.015832,
				"seconds":	1.012950,
				"bytes":	12769160,
				"bits_per_second":	100847289.253883,
>>>>>>> 067a8e7... add compression data
				"retransmits":	0,
				"omitted":	false
			}
		}, {
			"streams":	[{
<<<<<<< HEAD
					"socket":	438,
					"start":	6.002620,
					"end":	7.017034,
					"seconds":	1.014414,
					"bytes":	7036544,
					"bits_per_second":	55492492.446814,
					"retransmits":	0,
					"snd_cwnd":	17520,
					"rtt":	6069,
					"omitted":	false
				}],
			"sum":	{
				"start":	6.002620,
				"end":	7.017034,
				"seconds":	1.014414,
				"bytes":	7036544,
				"bits_per_second":	55492492.446814,
=======
					"socket":	684,
					"start":	6.015832,
					"end":	7.001171,
					"seconds":	0.985339,
					"bytes":	13881680,
					"bits_per_second":	112705828.455683,
					"retransmits":	0,
					"snd_cwnd":	17520,
					"rtt":	570,
					"omitted":	false
				}],
			"sum":	{
				"start":	6.015832,
				"end":	7.001171,
				"seconds":	0.985339,
				"bytes":	13881680,
				"bits_per_second":	112705828.455683,
>>>>>>> 067a8e7... add compression data
				"retransmits":	0,
				"omitted":	false
			}
		}, {
			"streams":	[{
<<<<<<< HEAD
					"socket":	438,
					"start":	7.017034,
					"end":	8.142195,
					"seconds":	1.125161,
					"bytes":	7472808,
					"bits_per_second":	53132356.095279,
					"retransmits":	0,
					"snd_cwnd":	17520,
					"rtt":	354,
					"omitted":	false
				}],
			"sum":	{
				"start":	7.017034,
				"end":	8.142195,
				"seconds":	1.125161,
				"bytes":	7472808,
				"bits_per_second":	53132356.095279,
=======
					"socket":	684,