{
	"start":	{
		"connected":	[{
				"socket":	256,
				"local_host":	"10.0.2.15",
				"local_port":	46432,
				"remote_host":	"192.168.1.4",
				"remote_port":	5201
			}],
		"version":	"iperf 3.1.3",
		"system_info":	"Linux localhost 3.18.48+ #1 SMP PREEMPT Wed Apr 19 00:58:20 UTC 2017 i686",
		"timestamp":	{
			"time":	"Fri, 08 Dec 2017 02:11:45 GMT",
			"timesecs":	1512699105
		},
		"connecting_to":	{
			"host":	"192.168.1.4",
			"port":	5201
		},
		"cookie":	"localhost.1512699105.246683.138367ea",
		"tcp_mss_default":	1460,
		"test_start":	{
			"protocol":	"TCP",
			"num_streams":	1,
			"blksize":	131072,
			"omit":	0,
			"duration":	10,
			"bytes":	0,
			"blocks":	0,
			"reverse":	0
		}
	},
	"intervals":	[{
			"streams":	[{
					"socket":	256,
					"start":	0,
					"end":	1.001424,
					"seconds":	1.001424,
					"bytes":	5676924,
					"bits_per_second":	45350819.881162,
					"retransmits":	0,
					"snd_cwnd":	17520,
					"rtt":	807,
					"omitted":	false
				}],
			"sum":	{
				"start":	0,
				"end":	1.001424,
				"seconds":	1.001424,
				"bytes":	5676924,
				"bits_per_second":	45350819.881162,
				"retransmits":	0,
				"omitted":	false
			}
		}, {
			"streams":	[{
					"socket":	256,
					"start":	1.001424,
					"end":	2.023595,
					"seconds":	1.022171,
					"bytes":	5831240,
					"bits_per_second":	45638077.253280,
					"retransmits":	0,
					"snd_cwnd":	17520,
					"rtt":	5600,
					"omitted":	false
				}],
			"sum":	{
				"start":	1.001424,
				"end":	2.023595,
				"seconds":	1.022171,
				"bytes":	5831240,
				"bits_per_second":	45638077.253280,
				"retransmits":	0,
				"omitted":	false
			}
		}, {
			"streams":	[{
					"socket":	256,
					"start":	2.023595,
					"end":	3.006638,
					"seconds":	0.983043,
					"bytes":	5840296,
					"bits_per_second":	47528296.105259,
					"retransmits":	0,
					"snd_cwnd":	17520,
					"rtt":	9549,
					"omitted":	false
				}],
			"sum":	{
				"start":	2.023595,
				"end":	3.006638,
				"seconds":	0.983043,
				"bytes":	5840296,
				"bits_per_second":	47528296.105259,
				"retransmits":	0,
				"omitted":	false
			}
		}, {
			"streams":	[{
					"socket":	256,
					"start":	3.006638,
					"end":	4.001562,
					"seconds":	0.994924,
					"bytes":	5930520,
					"bits_per_second":	47686223.374967,
					"retransmits":	0,
					"snd_cwnd":	17520,
					"rtt":	2228,
					"omitted":	false
				}],
			"sum":	{
				"start":	3.006638,
				"end":	4.001562,
				"seconds":	0.994924,
				"bytes":	5930520,
				"bits_per_second":	47686223.374967,
				"retransmits":	0,
				"omitted":	false
			}
		}, {
			"streams":	[{
					"socket":	256,
					"start":	4.001562,
					"end":	5.001154,
					"seconds":	0.999592,
					"bytes":	7197472,
					"bits_per_second":	57603274.344995,
					"retransmits":	0,
					"snd_cwnd":	17520,
					"rtt":	561,
					"omitted":	false
				}],
			"sum":	{
				"start":	4.001562,
				"end":	5.001154,
				"seconds":	0.999592,
				"bytes":	7197472,
				"bits_per_second":	57603274.344995,
				"retransmits":	0,
				"omitted":	false
			}
		}, {
			"streams":	[{
					"socket":	256,
					"start":	5.001154,
					"end":	6.099057,
					"seconds":	1.097903,
					"bytes":	6690840,
					"bits_per_second":	48753596.041746,
					"retransmits":	0,
					"snd_cwnd":	17520,
					"rtt":	599,
					"omitted":	false
				}],
			"sum":	{
				"start":	5.001154,
				"end":	6.099057,
				"seconds":	1.097903,
				"bytes":	6690840,
				"bits_per_second":	48753596.041746,
				"retransmits":	0,
				"omitted":	false
			}
		}, {
			"streams":	[{
					"socket":	256,
					"start":	6.099057,
					"end":	7.074912,
					"seconds":	0.975855,
					"bytes":	6428876,
					"bits_per_second":	52703541.672392,
					"retransmits":	0,
					"snd_cwnd":	17520,
					"rtt":	628,
					"omitted":	false
				}],
			"sum":	{
				"start":	6.099057,
				"end":	7.074912,
				"seconds":	0.975855,
				"bytes":	6428876,
				"bits_per_second":	52703541.672392,
				"retransmits":	0,
				"omitted":	false
			}
		}, {
			"streams":	[{
					"socket":	256,
					"start":	7.074912,
					"end":	8.055230,
					"seconds":	0.980318,
					"bytes":	6553600,
					"bits_per_second":	53481417.545416,
					"retransmits":	0,
					"snd_cwnd":	17520,
					"rtt":	731,
					"omitted":	false
				}],
			"sum":	{
				"start":	7.074912,
				"end":	8.055230,
				"seconds":	0.980318,
				"bytes":	6553600,
				"bits_per_second":	53481417.545416,
				"retransmits":	0,
				"omitted":	false
			}
		}, {
			"streams":	[{
					"socket":	256,
					"start":	8.055230,
					"end":	9.001439,
					"seconds":	0.946209,
					"bytes":	6293668,
					"bits_per_second":	53211654.566087,
					"retransmits":	0,
					"snd_cwnd":	17520,
					"rtt":	738,
					"omitted":	false
				}],
			"sum":	{
				"start":	8.055230,
				"end":	9.001439,
				"seconds":	0.946209,
				"bytes":	6293668,
				"bits_per_second":	53211654.566087,
				"retransmits":	0,
				"omitted":	false
			}
		}, {
			"streams":	[{
					"socket":	256,
					"start":	9.001439,
					"end":	10.145796,
					"seconds":	1.144357,
					"bytes":	6970600,
					"bits_per_second":	48730238.935685,
					"retransmits":	0,
					"snd_cwnd":	17520,
					"rtt":	562,
					"omitted":	false
				}],
			"sum":	{
				"start":	9.001439,
				"end":	10.145796,
				"seconds":	1.144357,
				"bytes":	6970600,
				"bits_per_second":	48730238.935685,
				"retransmits":	0,
				"omitted":	false
			}
		}],
	"end":	{
		"streams":	[{
				"sender":	{
					"socket":	256,
					"start":	0,
					"end":	10.145796,
					"seconds":	10.145796,
					"bytes":	63414036,
					"bits_per_second":	50002216.186069,
					"retransmits":	0,
					"max_snd_cwnd":	17520,
					"max_rtt":	9549,
					"min_rtt":	561,
					"mean_rtt":	2200
				},
				"receiver":	{
					"socket":	256,
					"start":	0,
					"end":	10.145796,
					"seconds":	10.145796,
					"bytes":	63414036,
					"bits_per_second":	50002216.186069
				}
			}],
		"sum_sent":	{
			"start":	0,
			"end":	10.145796,
			"seconds":	10.145796,
			"bytes":	63414036,
			"bits_per_second":	50002216.186069,
			"retransmits":	0
		},
		"sum_received":	{
			"start":	0,
			"end":	10.145796,
			"seconds":	10.145796,
			"bytes":	63414036,
			"bits_per_second":	50002216.186069
		},
		"cpu_utilization_percent":	{
			"host_total":	169.917479,
			"host_user":	95.859659,
			"host_system":	74.033152,
			"remote_total":	0.368955,
			"remote_user":	0.039202,
			"remote_system":	0.329754
		}
	}
}
