{
	"end": {
		"sum_sent": {
			"start": 0,
			"end": 10.001717,
			"seconds": 10.001717,
			"bytes": 13952990.666666666,
			"bits_per_second": 11160474.021318667,
			"retransmits": 0
		},
		"sum_received": {
			"start": 0,
			"end": 10.001717,
			"seconds": 10.001717,
			"bytes": 13588477.333333334,
			"bits_per_second": 10868913.241844334
		},
		"cpu_utilization_percent": {
			"host_total": 114.21847966666667,
			"host_user": 86.28507166666667,
			"host_system": 27.915526333333332,
			"host_user_normalized": 75.55729451362184,
			"host_system_normalized": 24.427139457368924,
			"remote_total": 0.24019100000000002,
			"remote_user": 0.08709299999999999,
			"remote_system": 0.15309799999999998,
			"remote_user_normalized": 33.40739089146066,
			"remote_system_normalized": 66.59260910853932
		}
	}
}
