{
	"start":	{
		"connected":	[{
<<<<<<< HEAD
				"socket":	144,
				"local_host":	"10.0.2.15",
				"local_port":	40543,
=======
				"socket":	298,
				"local_host":	"10.0.2.15",
				"local_port":	40449,
>>>>>>> 067a8e7... add compression data
				"remote_host":	"128.61.8.181",
				"remote_port":	5201
			}],
		"version":	"iperf 3.1.3",
		"system_info":	"Linux localhost 3.18.48+ #1 SMP PREEMPT Wed Apr 19 00:58:20 UTC 2017 i686",
		"timestamp":	{
<<<<<<< HEAD
			"time":	"Sat, 09 Dec 2017 00:14:25 GMT",
			"timesecs":	1512778465
=======
			"time":	"Fri, 08 Dec 2017 21:59:42 GMT",
			"timesecs":	1512770382
>>>>>>> 067a8e7... add compression data
		},
		"connecting_to":	{
			"host":	"128.61.8.181",
			"port":	5201
		},
<<<<<<< HEAD
		"cookie":	"localhost.1512778465.110698.4bf97bc9",
=======
		"cookie":	"localhost.1512770382.184297.2c42bd4c",
>>>>>>> 067a8e7... add compression data
		"tcp_mss_default":	1460,
		"test_start":	{
			"protocol":	"TCP",
			"num_streams":	1,
			"blksize":	131072,
			"omit":	0,
			"duration":	10,
			"bytes":	0,
			"blocks":	0,
			"reverse":	0
		}
	},
	"intervals":	[{
			"streams":	[{
<<<<<<< HEAD
					"socket":	144,
					"start":	0,
					"end":	1.017886,
					"seconds":	1.017886,
					"bytes":	5374260,
					"bits_per_second":	42238603.572585,
					"retransmits":	0,
					"snd_cwnd":	17520,
					"rtt":	1400,
=======
					"socket":	298,
					"start":	0,
					"end":	1.007692,
					"seconds":	1.007692,
					"bytes":	14999712,
					"bits_per_second":	119081735.934937,
					"retransmits":	0,
					"snd_cwnd":	17520,
					"rtt":	608,
>>>>>>> 067a8e7... add compression data
					"omitted":	false
				}],
			"sum":	{
				"start":	0,
<<<<<<< HEAD
				"end":	1.017886,
				"seconds":	1.017886,
				"bytes":	5374260,
				"bits_per_second":	42238603.572585,
=======
				"end":	1.007692,
				"seconds":	1.007692,
				"bytes":	14999712,
				"bits_per_second":	119081735.934937,
>>>>>>> 067a8e7... add compression data
				"retransmits":	0,
				"omitted":	false
			}
		}, {
			"streams":	[{
<<<<<<< HEAD
					"socket":	144,
					"start":	1.017886,
					"end":	2.001615,
					"seconds":	0.983729,
					"bytes":	5848760,
					"bits_per_second":	47563987.743345,
					"retransmits":	0,
					"snd_cwnd":	17520,
					"rtt":	671,
					"omitted":	false
				}],
			"sum":	{
				"start":	1.017886,
				"end":	2.001615,
				"seconds":	0.983729,
				"bytes":	5848760,
				"bits_per_second":	47563987.743345,
=======
					"socket":	298,
					"start":	1.007692,
					"end":	2.008585,
					"seconds":	1.000893,
					"bytes":	17698120,
					"bits_per_second":	141458621.042589,
					"retransmits":	0,
					"snd_cwnd":	17520,
					"rtt":	513,
					"omitted":	false
				}],
			"sum":	{
				"start":	1.007692,
				"end":	2.008585,
				"seconds":	1.000893,
				"bytes":	17698120,
				"bits_per_second":	141458621.042589,
>>>>>>> 067a8e7... add compression data
				"retransmits":	0,
				"omitted":	false
			}
		}, {
			"streams":	[{
<<<<<<< HEAD
					"socket":	144,
					"start":	2.001615,
					"end":	3.001835,
					"seconds":	1.000220,
					"bytes":	6205000,
					"bits_per_second":	49629078.607665,
					"retransmits":	0,
					"snd_cwnd":	17520,
					"rtt":	2018,
					"omitted":	false
				}],
			"sum":	{
				"start":	2.001615,
				"end":	3.001835,
				"seconds":	1.000220,
				"bytes":	6205000,
				"bits_per_second":	49629078.607665,
=======
					"socket":	298,
					"start":	2.008585,
					"end":	3.013249,
					"seconds":	1.004664,
					"bytes":	18056952,
					"bits_per_second":	143785010.726792,
					"retransmits":	0,
					"snd_cwnd":	17520,
					"rtt":	506,
					"omitted":	false
				}],
			"sum":	{
				"start":	2.008585,
				"end":	3.013249,
				"seconds":	1.004664,
				"bytes":	18056952,
				"bits_per_second":	143785010.726792,
>>>>>>> 067a8e7... add compression data
				"retransmits":	0,
				"omitted":	false
			}
		}, {
			"streams":	[{
<<<<<<< HEAD
					"socket":	144,
					"start":	3.001835,
					"end":	4.018885,
					"seconds":	1.017050,
					"bytes":	6997780,
					"bits_per_second":	55043755.558364,
					"retransmits":	0,
					"snd_cwnd":	17520,
					"rtt":	7449,
					"omitted":	false
				}],
			"sum":	{
				"start":	3.001835,
				"end":	4.018885,
				"seconds":	1.017050,
				"bytes":	6997780,
				"bits_per_second":	55043755.558364,
=======
					"socket":	298,
					"start":	3.013249,
					"end":	4.000745,
					"seconds":	0.987496,
					"bytes":	17055720,
					"bits_per_second":	138173461.952964,
					"retransmits":	0,
					"snd_cwnd":	17520,
					"rtt":	376,
					"omitted":	false
				}],
			"sum":	{
				"start":	3.013249,
				"end":	4.000745,
				"seconds":	0.987496,
				"bytes":	17055720,
				"bits_per_second":	138173461.952964,
>>>>>>> 067a8e7... add compression data
				"retransmits":	0,
				"omitted":	false
			}
		}, {
			"streams":	[{
<<<<<<< HEAD
					"socket":	144,
					"start":	4.018885,
					"end":	5.000819,
					"seconds":	0.981934,
					"bytes":	7438700,
					"bits_per_second":	60604476.188931,
					"retransmits":	0,
					"snd_cwnd":	17520,
					"rtt":	575,
					"omitted":	false
				}],
			"sum":	{
				"start":	4.018885,
				"end":	5.000819,
				"seconds":	0.981934,
				"bytes":	7438700,
				"bits_per_second":	60604476.188931,
=======
					"socket":	298,
					"start":	4.000745,
					"end":	5.000601,
					"seconds":	0.999856,
					"bytes":	18266060,
					"bits_per_second":	146149526.236479,
					"retransmits":	0,
					"snd_cwnd":	17520,
					"rtt":	401,
					"omitted":	false
				}],
			"sum":	{
				"start":	4.000745,
				"end":	5.000601,
				"seconds":	0.999856,
				"bytes":	18266060,
				"bits_per_second":	146149526.236479,
>>>>>>> 067a8e7... add compression data
				"retransmits":	0,
				"omitted":	false
			}
		}, {
			"streams":	[{
<<<<<<< HEAD
					"socket":	144,
					"start":	5.000819,
					"end":	6.018463,
					"seconds":	1.017644,
					"bytes":	6234348,
					"bits_per_second":	49010054.108170,
					"retransmits":	0,
					"snd_cwnd":	17520,
					"rtt":	3690,
					"omitted":	false
				}],
			"sum":	{
				"start":	5.000819,
				"end":	6.018463,
				"seconds":	1.017644,
				"bytes":	6234348,
				"bits_per_second":	49010054.108170,
=======
					"socket":	298,
					"start":	5.000601,
					"end":	6.017684,
					"seconds":	1.017083,
					"bytes":	22110240,
					"bits_per_second":	173911010.449871,
					"retransmits":	0,
					"snd_cwnd":	17520,
					"rtt":	10636,
					"omitted":	false
				}],
			"sum":	{
				"start":	5.000601,
				"end":	6.017684,
				"seconds":	1.017083,
				"bytes":	22110240,
				"bits_per_second":	173911010.449871,
>>>>>>> 067a8e7... add compression data
				"retransmits":	0,
				"omitted":	false
			}
		}, {
			"streams":	[{
<<<<<<< HEAD
					"socket":	144,
					"start":	6.018463,
					"end":	7.001357,
					"seconds":	0.982894,
					"bytes":	7148160,
					"bits_per_second":	58180505.119789,
					"retransmits":	0,
					"snd_cwnd":	17520,
					"rtt":	736,
					"omitted":	false
				}],
			"sum":	{
				"start":	6.018463,
				"end":	7.001357,
				"seconds":	0.982894,
				"bytes":	7148160,
				"bits_per_second":	58180505.119789,
=======
					"socket":	298,
					"start":	6.017684,
					"end":	7.001424,
					"seconds":	0.983740,
					"bytes":	15963640,
					"bits_per_second":	129819981.035984,
					"retransmits":	0,
					"snd_cwnd":	17520,
					"rtt":	287,
					"omitted":	false
				}],
			"sum":	{
				"start":	6.017684,
				"end":	7.001424,
				"seconds":	0.983740,
				"bytes":	15963640,
				"bits_per_second":	129819981.035984,
>>>>>>> 067a8e7... add compression data
				"retransmits":	0,
				"omitted":	false
			}
		}, {
			"streams":	[{
<<<<<<< HEAD
					"socket":	144,
					"start":	7.001357,
					"end":	8.018054,
					"seconds":	1.016697,
					"bytes":	7257860,
					"bits_per_second":	57109329.526454,
					"retransmits":	0,
					"snd_cwnd":	17520,
					"rtt":	844,
					"omitted":	false
				}],
			"sum":	{
				"start":	7.001357,
				"end":	8.018054,
				"seconds":	1.016697,
				"bytes":	7257860,
				"bits_per_second":	57109329.526454,
=======
					"socket":	298,