{
	"start":	{
		"connected":	[{
				"socket":	189,
				"local_host":	"10.0.2.15",
				"local_port":	54024,
				"remote_host":	"10.0.0.252",
				"remote_port":	5201
			}],
		"version":	"iperf 3.1.3",
		"system_info":	"Linux localhost 3.18.56+ #1 SMP PREEMPT Fri Oct 13 14:54:31 PDT 2017 i686",
		"timestamp":	{
			"time":	"Thu, 07 Dec 2017 07:00:15 GMT",
			"timesecs":	1512630015
		},
		"connecting_to":	{
			"host":	"10.0.0.252",
			"port":	5201
		},
		"cookie":	"localhost.1512630015.370321.2ea502c2",
		"tcp_mss_default":	1460,
		"test_start":	{
			"protocol":	"TCP",
			"num_streams":	1,
			"blksize":	131072,
			"omit":	0,
			"duration":	10,
			"bytes":	0,
			"blocks":	0,
			"reverse":	0
		}
	},
	"intervals":	[{
			"streams":	[{
					"socket":	189,
					"start":	0,
					"end":	1.001018,
					"seconds":	1.001018,
					"bytes":	1443940,
					"bits_per_second":	11539771.965929,
					"retransmits":	0,
					"snd_cwnd":	17520,
					"rtt":	453,
					"omitted":	false
				}],
			"sum":	{
				"start":	0,
				"end":	1.001018,
				"seconds":	1.001018,
				"bytes":	1443940,
				"bits_per_second":	11539771.965929,
				"retransmits":	0,
				"omitted":	false
			}
		}, {
			"streams":	[{
					"socket":	189,
					"start":	1.001018,
					"end":	2.001977,
					"seconds":	1.000959,
					"bytes":	1128580,
					"bits_per_second":	9019990.554940,
					"retransmits":	0,
					"snd_cwnd":	17520,
					"rtt":	451,
					"omitted":	false
				}],
			"sum":	{
				"start":	1.001018,
				"end":	2.001977,
				"seconds":	1.000959,
				"bytes":	1128580,
				"bits_per_second":	9019990.554940,
				"retransmits":	0,
				"omitted":	false
			}
		}, {
			"streams":	[{
					"socket":	189,
					"start":	2.001977,
					"end":	3.002131,
					"seconds":	1.000154,
					"bytes":	1086240,
					"bits_per_second":	8688581.798515,
					"retransmits":	0,
					"snd_cwnd":	17520,
					"rtt":	630,
					"omitted":	false
				}],
			"sum":	{
				"start":	2.001977,
				"end":	3.002131,
				"seconds":	1.000154,
				"bytes":	1086240,
				"bits_per_second":	8688581.798515,
				"retransmits":	0,
				"omitted":	false
			}
		}, {
			"streams":	[{
					"socket":	189,
					"start":	3.002131,
					"end":	4.000574,
					"seconds":	0.998443,
					"bytes":	1179680,
					"bits_per_second":	9452158.066294,
					"retransmits":	0,
					"snd_cwnd":	17520,
					"rtt":	496,
					"omitted":	false
				}],
			"sum":	{
				"start":	3.002131,
				"end":	4.000574,
				"seconds":	0.998443,
				"bytes":	1179680,
				"bits_per_second":	9452158.066294,
				"retransmits":	0,
				"omitted":	false
			}
		}, {
			"streams":	[{
					"socket":	189,
					"start":	4.000574,
					"end":	5.000474,
					"seconds":	0.999900,
					"bytes":	1102300,
					"bits_per_second":	8819281.023109,
					"retransmits":	0,
					"snd_cwnd":	17520,
					"rtt":	509,
					"omitted":	false
				}],
			"sum":	{
				"start":	4.000574,
				"end":	5.000474,
				"seconds":	0.999900,
				"bytes":	1102300,
				"bits_per_second":	8819281.023109,
				"retransmits":	0,
				"omitted":	false
			}
		}, {
			"streams":	[{
					"socket":	189,
					"start":	5.000474,
					"end":	6.000427,
					"seconds":	0.999953,
					"bytes":	1131500,
					"bits_per_second":	9052425.178471,
					"retransmits":	0,
					"snd_cwnd":	17520,
					"rtt":	447,
					"omitted":	false
				}],
			"sum":	{
				"start":	5.000474,
				"end":	6.000427,
				"seconds":	0.999953,
				"bytes":	1131500,
				"bits_per_second":	9052425.178471,
				"retransmits":	0,
				"omitted":	false
			}
		}, {
			"streams":	[{
					"socket":	189,
					"start":	6.000427,
					"end":	7.001416,
					"seconds":	1.000989,
					"bytes":	1096460,
					"bits_per_second":	8763013.727612,
					"retransmits":	0,
					"snd_cwnd":	17520,
					"rtt":	355,
					"omitted":	false
				}],
			"sum":	{
				"start":	6.000427,
				"end":	7.001416,
				"seconds":	1.000989,
				"bytes":	1096460,
				"bits_per_second":	8763013.727612,
				"retransmits":	0,
				"omitted":	false
			}
		}, {
			"streams":	[{
					"socket":	189,
					"start":	7.001416,
					"end":	8.000963,
					"seconds":	0.999547,
					"bytes":	1359260,
					"bits_per_second":	10879008.139559,
					"retransmits":	0,
					"snd_cwnd":	17520,
					"rtt":	435,
					"omitted":	false
				}],
			"sum":	{
				"start":	7.001416,
				"end":	8.000963,
				"seconds":	0.999547,
				"bytes":	1359260,
				"bits_per_second":	10879008.139559,
				"retransmits":	0,
				"omitted":	false
			}
		}, {
			"streams":	[{
					"socket":	189,
					"start":	8.000963,
					"end":	9.000904,
					"seconds":	0.999941,
					"bytes":	1369480,
					"bits_per_second":	10956485.220721,
					"retransmits":	0,
					"snd_cwnd":	17520,
					"rtt":	620,
					"omitted":	false
				}],
			"sum":	{
				"start":	8.000963,
				"end":	9.000904,
				"seconds":	0.999941,
				"bytes":	1369480,
				"bits_per_second":	10956485.220721,
				"retransmits":	0,
				"omitted":	false
			}
		}, {
			"streams":	[{
					"socket":	189,
					"start":	9.000904,
					"end":	10.001095,
					"seconds":	1.000191,
					"bytes":	1105220,
					"bits_per_second":	8840071.782480,
					"retransmits":	0,
					"snd_cwnd":	17520,
					"rtt":	571,
					"omitted":	false
				}],
			"sum":	{
				"start":	9.000904,
				"end":	10.001095,
				"seconds":	1.000191,
				"bytes":	1105220,
				"bits_per_second":	8840071.782480,
				"retransmits":	0,
				"omitted":	false
			}
		}],
	"end":	{
		"streams":	[{
				"sender":	{
					"socket":	189,
					"start":	0,
					"end":	10.001095,
					"seconds":	10.001095,
					"bytes":	12002660,
					"bits_per_second":	9601076.627831,
					"retransmits":	0,
					"max_snd_cwnd":	17520,
					"max_rtt":	630,
					"min_rtt":	355,
					"mean_rtt":	496
				},
				"receiver":	{
					"socket":	189,
					"start":	0,
					"end":	10.001095,
					"seconds":	10.001095,
					"bytes":	11659560,
					"bits_per_second":	9326626.681651
				}
			}],
		"sum_sent":	{
			"start":	0,
			"end":	10.001095,
			"seconds":	10.001095,
			"bytes":	12002660,
			"bits_per_second":	9601076.627831,
			"retransmits":	0
		},
		"sum_received":	{
			"start":	0,
			"end":	10.001095,
			"seconds":	10.001095,
			"bytes":	11659560,
			"bits_per_second":	9326626.681651
		},
		"cpu_utilization_percent":	{
			"host_total":	119.851573,
			"host_user":	92.864094,
			"host_system":	27.011424,
			"remote_total":	0.151963,
			"remote_user":	0.037687,
			"remote_system":	0.114276
		}
	}
}
