{
	"start":	{
		"connected":	[{
				"socket":	556,
				"local_host":	"10.0.2.15",
				"local_port":	54211,
				"remote_host":	"128.61.92.187",
				"remote_port":	5201
			}],
		"version":	"iperf 3.1.3",
		"system_info":	"Linux localhost 3.18.56+ #1 SMP PREEMPT Fri Aug 25 10:56:18 PDT 2017 i686",
		"timestamp":	{
			"time":	"Thu, 07 Dec 2017 03:37:52 GMT",
			"timesecs":	1512617872
		},
		"connecting_to":	{
			"host":	"128.61.92.187",
			"port":	5201
		},
		"cookie":	"localhost.1512617872.564353.1e0cf31d",
		"tcp_mss_default":	1460,
		"test_start":	{
			"protocol":	"TCP",
			"num_streams":	1,
			"blksize":	131072,
			"omit":	0,
			"duration":	10,
			"bytes":	0,
			"blocks":	0,
			"reverse":	0
		}
	},
	"intervals":	[{
			"streams":	[{
					"socket":	556,
					"start":	0,
					"end":	1.090396,
					"seconds":	1.090396,
					"bytes":	11408628,
					"bits_per_second":	83702627.410689,
					"retransmits":	0,
					"snd_cwnd":	17520,
					"rtt":	388,
					"omitted":	false
				}],
			"sum":	{
				"start":	0,
				"end":	1.090396,
				"seconds":	1.090396,
				"bytes":	11408628,
				"bits_per_second":	83702627.410689,
				"retransmits":	0,
				"omitted":	false
			}
		}, {
			"streams":	[{
					"socket":	556,
					"start":	1.090396,
					"end":	2.067328,
					"seconds":	0.976932,
					"bytes":	9203976,
					"bits_per_second":	75370468.253493,
					"retransmits":	0,
					"snd_cwnd":	17520,
					"rtt":	474,
					"omitted":	false
				}],
			"sum":	{
				"start":	1.090396,
				"end":	2.067328,
				"seconds":	0.976932,
				"bytes":	9203976,
				"bits_per_second":	75370468.253493,
				"retransmits":	0,
				"omitted":	false
			}
		}, {
			"streams":	[{
					"socket":	556,
					"start":	2.067328,
					"end":	3.035445,
					"seconds":	0.968117,
					"bytes":	8839452,
					"bits_per_second":	73044493.689262,
					"retransmits":	0,
					"snd_cwnd":	17520,
					"rtt":	678,
					"omitted":	false
				}],
			"sum":	{
				"start":	2.067328,
				"end":	3.035445,
				"seconds":	0.968117,
				"bytes":	8839452,
				"bits_per_second":	73044493.689262,
				"retransmits":	0,
				"omitted":	false
			}
		}, {
			"streams":	[{
					"socket":	556,
					"start":	3.035445,
					"end":	4.031259,
					"seconds":	0.995814,
					"bytes":	12341716,
					"bits_per_second":	99148756.265417,
					"retransmits":	0,
					"snd_cwnd":	20440,
					"rtt":	510,
					"omitted":	false
				}],
			"sum":	{
				"start":	3.035445,
				"end":	4.031259,
				"seconds":	0.995814,
				"bytes":	12341716,
				"bits_per_second":	99148756.265417,
				"retransmits":	0,
				"omitted":	false
			}
		}, {
			"streams":	[{
					"socket":	556,
					"start":	4.031259,
					"end":	5.009575,
					"seconds":	0.978316,
					"bytes":	12323752,
					"bits_per_second":	100775218.929111,
					"retransmits":	0,
					"snd_cwnd":	20440,
					"rtt":	461,
					"omitted":	false
				}],
			"sum":	{
				"start":	4.031259,
				"end":	5.009575,
				"seconds":	0.978316,
				"bytes":	12323752,
				"bits_per_second":	100775218.929111,
				"retransmits":	0,
				"omitted":	false
			}
		}, {
			"streams":	[{
					"socket":	556,
					"start":	5.009575,
					"end":	6.112865,
					"seconds":	1.103290,
					"bytes":	13320688,
					"bits_per_second":	96588856.241374,
					"retransmits":	0,
					"snd_cwnd":	20440,
					"rtt":	463,
					"omitted":	false
				}],
			"sum":	{
				"start":	5.009575,
				"end":	6.112865,
				"seconds":	1.103290,
				"bytes":	13320688,
				"bits_per_second":	96588856.241374,
				"retransmits":	0,
				"omitted":	false
			}
		}, {
			"streams":	[{
					"socket":	556,
					"start":	6.112865,
					"end":	7.034023,
					"seconds":	0.921158,
					"bytes":	11206852,
					"bits_per_second":	97328372.188047,
					"retransmits":	0,
					"snd_cwnd":	20440,
					"rtt":	597,
					"omitted":	false
				}],
			"sum":	{
				"start":	6.112865,
				"end":	7.034023,
				"seconds":	0.921158,
				"bytes":	11206852,
				"bits_per_second":	97328372.188047,
				"retransmits":	0,
				"omitted":	false
			}
		}, {
			"streams":	[{
					"socket":	556,
					"start":	7.034023,
					"end":	8.029416,
					"seconds":	0.995393,
					"bytes":	10089328,
					"bits_per_second":	81088194.246081,
					"retransmits":	0,
					"snd_cwnd":	20440,
					"rtt":	522,
					"omitted":	false
				}],
			"sum":	{
				"start":	7.034023,
				"end":	8.029416,
				"seconds":	0.995393,
				"bytes":	10089328,
				"bits_per_second":	81088194.246081,
				"retransmits":	0,
				"omitted":	false
			}
		}, {
			"streams":	[{
					"socket":	556,
					"start":	8.029416,
					"end":	9.077147,
					"seconds":	1.047731,
					"bytes":	11796480,
					"bits_per_second":	90072592.070583,
					"retransmits":	0,
					"snd_cwnd":	20440,
					"rtt":	443,
					"omitted":	false
				}],
			"sum":	{
				"start":	8.029416,
				"end":	9.077147,
				"seconds":	1.047731,
				"bytes":	11796480,
				"bits_per_second":	90072592.070583,
				"retransmits":	0,
				"omitted":	false
			}
		}, {
			"streams":	[{
					"socket":	556,
					"start":	9.077147,
					"end":	10.007009,
					"seconds":	0.929862,
					"bytes":	11796480,
					"bits_per_second":	101490154.159037,
					"retransmits":	0,
					"snd_cwnd":	20440,
					"rtt":	475,
					"omitted":	false
				}],
			"sum":	{
				"start":	9.077147,
				"end":	10.007009,
				"seconds":	0.929862,
				"bytes":	11796480,
				"bits_per_second":	101490154.159037,
				"retransmits":	0,
				"omitted":	false
			}
		}],
	"end":	{
		"streams":	[{
				"sender":	{
					"socket":	556,
					"start":	0,
					"end":	10.007009,
					"seconds":	10.007009,
					"bytes":	112327352,
					"bits_per_second":	89798941.258167,
					"retransmits":	0,
					"max_snd_cwnd":	20440,
					"max_rtt":	678,
					"min_rtt":	388,
					"mean_rtt":	501
				},
				"receiver":	{
					"socket":	556,
					"start":	0,
					"end":	10.007009,
					"seconds":	10.007009,
					"bytes":	112327352,
					"bits_per_second":	89798941.258167
				}
			}],
		"sum_sent":	{
			"start":	0,
			"end":	10.007009,
			"seconds":	10.007009,
			"bytes":	112327352,
			"bits_per_second":	89798941.258167,
			"retransmits":	0
		},
		"sum_received":	{
			"start":	0,
			"end":	10.007009,
			"seconds":	10.007009,
			"bytes":	112327352,
			"bits_per_second":	89798941.258167
		},
		"cpu_utilization_percent":	{
			"host_total":	145.671265,
			"host_user":	19.762671,
			"host_system":	125.924960,
			"remote_total":	4.036549,
			"remote_user":	1.393836,
			"remote_system":	2.642713
		}
	}
}
