{
	"start":	{
		"connected":	[{
				"socket":	227,
				"local_host":	"10.0.2.15",
				"local_port":	58915,
				"remote_host":	"192.168.1.4",
				"remote_port":	5201
			}],
		"version":	"iperf 3.1.3",
		"system_info":	"Linux localhost 3.18.48+ #1 SMP PREEMPT Wed Apr 19 00:58:20 UTC 2017 i686",
		"timestamp":	{
			"time":	"Thu, 07 Dec 2017 03:18:07 GMT",
			"timesecs":	1512616687
		},
		"connecting_to":	{
			"host":	"192.168.1.4",
			"port":	5201
		},
		"cookie":	"localhost.1512616687.483233.012276fa",
		"tcp_mss_default":	1460,
		"test_start":	{
			"protocol":	"TCP",
			"num_streams":	1,
			"blksize":	131072,
			"omit":	0,
			"duration":	10,
			"bytes":	0,
			"blocks":	0,
			"reverse":	0
		}
	},
	"intervals":	[{
			"streams":	[{
					"socket":	227,
					"start":	0,
					"end":	1.009870,
					"seconds":	1.009870,
					"bytes":	23751428,
					"bits_per_second":	188154330.906399,
					"retransmits":	0,
					"snd_cwnd":	17520,
					"rtt":	196,
					"omitted":	false
				}],
			"sum":	{
				"start":	0,
				"end":	1.009870,
				"seconds":	1.009870,
				"bytes":	23751428,
				"bits_per_second":	188154330.906399,
				"retransmits":	0,
				"omitted":	false
			}
		}, {
			"streams":	[{
					"socket":	227,
					"start":	1.009870,
					"end":	2.000832,
					"seconds":	0.990962,
					"bytes":	20354992,
					"bits_per_second":	164325101.584292,
					"retransmits":	0,
					"snd_cwnd":	17520,
					"rtt":	467,
					"omitted":	false
				}],
			"sum":	{
				"start":	1.009870,
				"end":	2.000832,
				"seconds":	0.990962,
				"bytes":	20354992,
				"bits_per_second":	164325101.584292,
				"retransmits":	0,
				"omitted":	false
			}
		}, {
			"streams":	[{
					"socket":	227,
					"start":	2.000832,
					"end":	3.002491,
					"seconds":	1.001659,
					"bytes":	20882856,
					"bits_per_second":	166786163.685529,
					"retransmits":	0,
					"snd_cwnd":	17520,
					"rtt":	226,
					"omitted":	false
				}],
			"sum":	{
				"start":	2.000832,
				"end":	3.002491,
				"seconds":	1.001659,
				"bytes":	20882856,
				"bits_per_second":	166786163.685529,
				"retransmits":	0,
				"omitted":	false
			}
		}, {
			"streams":	[{
					"socket":	227,
					"start":	3.002491,
					"end":	4.008604,
					"seconds":	1.006113,
					"bytes":	25205440,
					"bits_per_second":	200418352.117962,
					"retransmits":	0,
					"snd_cwnd":	17520,
					"rtt":	2815,
					"omitted":	false
				}],
			"sum":	{
				"start":	3.002491,
				"end":	4.008604,
				"seconds":	1.006113,
				"bytes":	25205440,
				"bits_per_second":	200418352.117962,
				"retransmits":	0,
				"omitted":	false
			}
		}, {
			"streams":	[{
					"socket":	227,
					"start":	4.008604,
					"end":	5.021439,
					"seconds":	1.012835,
					"bytes":	27090300,
					"bits_per_second":	213976012.363440,
					"retransmits":	0,
					"snd_cwnd":	17520,
					"rtt":	6061,
					"omitted":	false
				}],
			"sum":	{
				"start":	4.008604,
				"end":	5.021439,
				"seconds":	1.012835,
				"bytes":	27090300,
				"bits_per_second":	213976012.363440,
				"retransmits":	0,
				"omitted":	false
			}
		}, {
			"streams":	[{
					"socket":	227,
					"start":	5.021439,
					"end":	6.001125,
					"seconds":	0.979686,
					"bytes":	21744584,
					"bits_per_second":	177563697.070549,
					"retransmits":	0,
					"snd_cwnd":	17520,
					"rtt":	581,
					"omitted":	false
				}],
			"sum":	{
				"start":	5.021439,
				"end":	6.001125,
				"seconds":	0.979686,
				"bytes":	21744584,
				"bits_per_second":	177563697.070549,
				"retransmits":	0,
				"omitted":	false
			}
		}, {
			"streams":	[{
					"socket":	227,
					"start":	6.001125,
					"end":	7.016550,
					"seconds":	1.015425,
					"bytes":	20500992,
					"bits_per_second":	161516548.598261,
					"retransmits":	0,
					"snd_cwnd":	17520,
					"rtt":	296,
					"omitted":	false
				}],
			"sum":	{
				"start":	6.001125,
				"end":	7.016550,
				"seconds":	1.015425,
				"bytes":	20500992,
				"bits_per_second":	161516548.598261,
				"retransmits":	0,
				"omitted":	false
			}
		}, {
			"streams":	[{
					"socket":	227,
					"start":	7.016550,
					"end":	8.002141,
					"seconds":	0.985591,
					"bytes":	20664840,
					"bits_per_second":	167735633.690016,
					"retransmits":	0,
					"snd_cwnd":	17520,
					"rtt":	459,
					"omitted":	false
				}],
			"sum":	{
				"start":	7.016550,
				"end":	8.002141,
				"seconds":	0.985591,
				"bytes":	20664840,
				"bits_per_second":	167735633.690016,
				"retransmits":	0,
				"omitted":	false
			}
		}, {
			"streams":	[{
					"socket":	227,
					"start":	8.002141,
					"end":	9.000215,
					"seconds":	0.998074,
					"bytes":	22304092,
					"bits_per_second":	178777050.817549,
					"retransmits":	0,
					"snd_cwnd":	17520,
					"rtt":	3432,
					"omitted":	false
				}],
			"sum":	{
				"start":	8.002141,
				"end":	9.000215,
				"seconds":	0.998074,
				"bytes":	22304092,
				"bits_per_second":	178777050.817549,
				"retransmits":	0,
				"omitted":	false
			}
		}, {
			"streams":	[{
					"socket":	227,
					"start":	9.000215,
					"end":	10.010398,
					"seconds":	1.010183,
					"bytes":	23343284,
					"bits_per_second":	184863786.329453,
					"retransmits":	0,
					"snd_cwnd":	17520,
					"rtt":	214,
					"omitted":	false
				}],
			"sum":	{
				"start":	9.000215,
				"end":	10.010398,
				"seconds":	1.010183,
				"bytes":	23343284,
				"bits_per_second":	184863786.329453,
				"retransmits":	0,
				"omitted":	false
			}
		}],
	"end":	{
		"streams":	[{
				"sender":	{
					"socket":	227,
					"start":	0,
					"end":	10.010398,
					"seconds":	10.010398,
					"bytes":	225842808,
					"bits_per_second":	180486573.762502,
					"retransmits":	0,
					"max_snd_cwnd":	17520,
					"max_rtt":	6061,
					"min_rtt":	196,
					"mean_rtt":	1474
				},
				"receiver":	{
					"socket":	227,
					"start":	0,
					"end":	10.010398,
					"seconds":	10.010398,
					"bytes":	225508468,
					"bits_per_second":	180219379.594991
				}
			}],
		"sum_sent":	{
			"start":	0,
			"end":	10.010398,
			"seconds":	10.010398,
			"bytes":	225842808,
			"bits_per_second":	180486573.762502,
			"retransmits":	0
		},
		"sum_received":	{
			"start":	0,
			"end":	10.010398,
			"seconds":	10.010398,
			"bytes":	225508468,
			"bits_per_second":	180219379.594991
		},
		"cpu_utilization_percent":	{
			"host_total":	169.790407,
			"host_user":	99.238457,
			"host_system":	70.514160,
			"remote_total":	0.570995,
			"remote_user":	0.058272,
			"remote_system":	0.512723
		}
	}
}
