{
	"end": {
		"sum_sent": {
			"start": 0,
			"end": 10.00491311111111,
			"seconds": 10.00491311111111,
			"bytes": 216968081.7777778,
			"bits_per_second": 173487645.42513353,
			"retransmits": 1.4444444444444444
		},
		"sum_received": {
			"start": 0,
			"end": 10.00491311111111,
			"seconds": 10.00491311111111,
			"bytes": 216706579.55555558,
			"bits_per_second": 173278541.42380333
		},
		"cpu_utilization_percent": {
			"host_total": 162.973768,
			"host_user": 102.41046066666667,
			"host_system": 60.5429928888889,
			"host_user_normalized": 63.12723309264336,
			"host_system_normalized": 36.860559126003714,
			"remote_total": 0.8173232222222223,
			"remote_user": 0.0834738888888889,
			"remote_system": 0.7338495555555555,
			"remote_user_normalized": 10.22626397063376,
			"remote_system_normalized": 89.77378178826086
		}
	}
}
