{
	"start":	{
		"connected":	[{
				"socket":	310,
				"local_host":	"10.0.2.15",
				"local_port":	54164,
				"remote_host":	"10.0.0.252",
				"remote_port":	5201
			}],
		"version":	"iperf 3.1.3",
		"system_info":	"Linux localhost 3.18.56+ #1 SMP PREEMPT Fri Oct 13 14:54:31 PDT 2017 i686",
		"timestamp":	{
			"time":	"Thu, 07 Dec 2017 08:01:08 GMT",
			"timesecs":	1512633668
		},
		"connecting_to":	{
			"host":	"10.0.0.252",
			"port":	5201
		},
		"cookie":	"localhost.1512633668.365049.28e26459",
		"tcp_mss_default":	1460,
		"test_start":	{
			"protocol":	"TCP",
			"num_streams":	1,
			"blksize":	131072,
			"omit":	0,
			"duration":	10,
			"bytes":	0,
			"blocks":	0,
			"reverse":	0
		}
	},
	"intervals":	[{
			"streams":	[{
					"socket":	310,
					"start":	0,
					"end":	1.001405,
					"seconds":	1.001405,
					"bytes":	1477520,
					"bits_per_second":	11803575.967661,
					"retransmits":	0,
					"snd_cwnd":	17520,
					"rtt":	630,
					"omitted":	false
				}],
			"sum":	{
				"start":	0,
				"end":	1.001405,
				"seconds":	1.001405,
				"bytes":	1477520,
				"bits_per_second":	11803575.967661,
				"retransmits":	0,
				"omitted":	false
			}
		}, {
			"streams":	[{
					"socket":	310,
					"start":	1.001405,
					"end":	2.026237,
					"seconds":	1.024832,
					"bytes":	1803100,
					"bits_per_second":	14075282.441862,
					"retransmits":	0,
					"snd_cwnd":	17520,
					"rtt":	493,
					"omitted":	false
				}],
			"sum":	{
				"start":	1.001405,
				"end":	2.026237,
				"seconds":	1.024832,
				"bytes":	1803100,
				"bits_per_second":	14075282.441862,
				"retransmits":	0,
				"omitted":	false
			}
		}, {
			"streams":	[{
					"socket":	310,
					"start":	2.026237,
					"end":	3.006813,
					"seconds":	0.980576,
					"bytes":	1335900,
					"bits_per_second":	10898899.811857,
					"retransmits":	0,
					"snd_cwnd":	17520,
					"rtt":	521,
					"omitted":	false
				}],
			"sum":	{
				"start":	2.026237,
				"end":	3.006813,
				"seconds":	0.980576,
				"bytes":	1335900,
				"bits_per_second":	10898899.811857,
				"retransmits":	0,
				"omitted":	false
			}
		}, {
			"streams":	[{
					"socket":	310,
					"start":	3.006813,
					"end":	4.000618,
					"seconds":	0.993805,
					"bytes":	1207420,
					"bits_per_second":	9719573.421772,
					"retransmits":	0,
					"snd_cwnd":	17520,
					"rtt":	436,
					"omitted":	false
				}],
			"sum":	{
				"start":	3.006813,
				"end":	4.000618,
				"seconds":	0.993805,
				"bytes":	1207420,
				"bits_per_second":	9719573.421772,
				"retransmits":	0,
				"omitted":	false
			}
		}, {
			"streams":	[{
					"socket":	310,
					"start":	4.000618,
					"end":	5.001411,
					"seconds":	1.000793,
					"bytes":	1280420,
					"bits_per_second":	10235243.654500,
					"retransmits":	0,
					"snd_cwnd":	17520,
					"rtt":	509,
					"omitted":	false
				}],
			"sum":	{
				"start":	4.000618,
				"end":	5.001411,
				"seconds":	1.000793,
				"bytes":	1280420,
				"bits_per_second":	10235243.654500,
				"retransmits":	0,
				"omitted":	false
			}
		}, {
			"streams":	[{
					"socket":	310,
					"start":	5.001411,
					"end":	6.001162,
					"seconds":	0.999751,
					"bytes":	1223480,
					"bits_per_second":	9790276.887996,
					"retransmits":	0,
					"snd_cwnd":	17520,
					"rtt":	377,
					"omitted":	false
				}],
			"sum":	{
				"start":	5.001411,
				"end":	6.001162,
				"seconds":	0.999751,
				"bytes":	1223480,
				"bits_per_second":	9790276.887996,
				"retransmits":	0,
				"omitted":	false
			}
		}, {
			"streams":	[{
					"socket":	310,
					"start":	6.001162,
					"end":	7.000687,
					"seconds":	0.999525,
					"bytes":	1230780,
					"bits_per_second":	9850920.844603,
					"retransmits":	0,
					"snd_cwnd":	17520,
					"rtt":	454,
					"omitted":	false
				}],
			"sum":	{
				"start":	6.001162,
				"end":	7.000687,
				"seconds":	0.999525,
				"bytes":	1230780,
				"bits_per_second":	9850920.844603,
				"retransmits":	0,
				"omitted":	false
			}
		}, {
			"streams":	[{
					"socket":	310,
					"start":	7.000687,
					"end":	8.000891,
					"seconds":	1.000204,
					"bytes":	1489200,
					"bits_per_second":	11911169.093527,
					"retransmits":	0,
					"snd_cwnd":	17520,
					"rtt":	419,
					"omitted":	false
				}],
			"sum":	{
				"start":	7.000687,
				"end":	8.000891,
				"seconds":	1.000204,
				"bytes":	1489200,
				"bits_per_second":	11911169.093527,
				"retransmits":	0,
				"omitted":	false
			}
		}, {
			"streams":	[{
					"socket":	310,
					"start":	8.000891,
					"end":	9.000920,
					"seconds":	1.000029,
					"bytes":	1325680,
					"bits_per_second":	10605131.527832,
					"retransmits":	0,
					"snd_cwnd":	17520,
					"rtt":	482,
					"omitted":	false
				}],
			"sum":	{
				"start":	8.000891,
				"end":	9.000920,
				"seconds":	1.000029,
				"bytes":	1325680,
				"bits_per_second":	10605131.527832,
				"retransmits":	0,
				"omitted":	false
			}
		}, {
			"streams":	[{
					"socket":	310,
					"start":	9.000920,
					"end":	10.001937,
					"seconds":	1.001017,
					"bytes":	1224940,
					"bits_per_second":	9789565.429097,
					"retransmits":	0,
					"snd_cwnd":	17520,
					"rtt":	493,
					"omitted":	false
				}],
			"sum":	{
				"start":	9.000920,
				"end":	10.001937,
				"seconds":	1.001017,
				"bytes":	1224940,
				"bits_per_second":	9789565.429097,
				"retransmits":	0,
				"omitted":	false
			}
		}],
	"end":	{
		"streams":	[{
				"sender":	{
					"socket":	310,
					"start":	0,
					"end":	10.001937,
					"seconds":	10.001937,
					"bytes":	13598440,
					"bits_per_second":	10876645.288938,
					"retransmits":	0,
					"max_snd_cwnd":	17520,
					"max_rtt":	630,
					"min_rtt":	377,
					"mean_rtt":	481
				},
				"receiver":	{
					"socket":	310,
					"start":	0,
					"end":	10.001937,
					"seconds":	10.001937,
					"bytes":	13255340,
					"bits_per_second":	10602218.443018
				}
			}],
		"sum_sent":	{
			"start":	0,
			"end":	10.001937,
			"seconds":	10.001937,
			"bytes":	13598440,
			"bits_per_second":	10876645.288938,
			"retransmits":	0
		},
		"sum_received":	{
			"start":	0,
			"end":	10.001937,
			"seconds":	10.001937,
			"bytes":	13255340,
			"bits_per_second":	10602218.443018
		},
		"cpu_utilization_percent":	{
			"host_total":	111.586738,
			"host_user":	86.053569,
			"host_system":	25.559489,
			"remote_total":	0.228473,
			"remote_user":	0.102083,
			"remote_system":	0.126389
		}
	}
}
