{
	"start":	{
		"connected":	[{
				"socket":	119,
				"local_host":	"10.0.2.15",
				"local_port":	53676,
				"remote_host":	"192.168.1.4",
				"remote_port":	5201
			}],
		"version":	"iperf 3.1.3",
		"system_info":	"Linux localhost 3.18.48+ #1 SMP PREEMPT Wed Apr 19 00:58:20 UTC 2017 i686",
		"timestamp":	{
			"time":	"Thu, 07 Dec 2017 05:22:22 GMT",
			"timesecs":	1512624142
		},
		"connecting_to":	{
			"host":	"192.168.1.4",
			"port":	5201
		},
		"cookie":	"localhost.1512624142.586030.48b12c1e",
		"tcp_mss_default":	1460,
		"test_start":	{
			"protocol":	"TCP",
			"num_streams":	1,
			"blksize":	131072,
			"omit":	0,
			"duration":	10,
			"bytes":	0,
			"blocks":	0,
			"reverse":	0
		}
	},
	"intervals":	[{
			"streams":	[{
					"socket":	119,
					"start":	0,
					"end":	1.000951,
					"seconds":	1.000951,
					"bytes":	17267568,
					"bits_per_second":	138009322.901165,
					"retransmits":	0,
					"snd_cwnd":	17520,
					"rtt":	420,
					"omitted":	false
				}],
			"sum":	{
				"start":	0,
				"end":	1.000951,
				"seconds":	1.000951,
				"bytes":	17267568,
				"bits_per_second":	138009322.901165,
				"retransmits":	0,
				"omitted":	false
			}
		}, {
			"streams":	[{
					"socket":	119,
					"start":	1.000951,
					"end":	2.006294,
					"seconds":	1.005343,
					"bytes":	17984280,
					"bits_per_second":	143109577.082862,
					"retransmits":	0,
					"snd_cwnd":	17520,
					"rtt":	4801,
					"omitted":	false
				}],
			"sum":	{
				"start":	1.000951,
				"end":	2.006294,
				"seconds":	1.005343,
				"bytes":	17984280,
				"bits_per_second":	143109577.082862,
				"retransmits":	0,
				"omitted":	false
			}
		}, {
			"streams":	[{
					"socket":	119,
					"start":	2.006294,
					"end":	3.000417,
					"seconds":	0.994123,
					"bytes":	18105460,
					"bits_per_second":	145699961.291445,
					"retransmits":	0,
					"snd_cwnd":	17520,
					"rtt":	250,
					"omitted":	false
				}],
			"sum":	{
				"start":	2.006294,
				"end":	3.000417,
				"seconds":	0.994123,
				"bytes":	18105460,
				"bits_per_second":	145699961.291445,
				"retransmits":	0,
				"omitted":	false
			}
		}, {
			"streams":	[{
					"socket":	119,
					"start":	3.000417,
					"end":	4.013597,
					"seconds":	1.013180,
					"bytes":	18006328,
					"bits_per_second":	142176732.185777,
					"retransmits":	0,
					"snd_cwnd":	17520,
					"rtt":	9878,
					"omitted":	false
				}],
			"sum":	{
				"start":	3.000417,
				"end":	4.013597,
				"seconds":	1.013180,
				"bytes":	18006328,
				"bits_per_second":	142176732.185777,
				"retransmits":	0,
				"omitted":	false
			}
		}, {
			"streams":	[{
					"socket":	119,
					"start":	4.013597,
					"end":	5.000148,
					"seconds":	0.986551,
					"bytes":	18889480,
					"bits_per_second":	153175932.533642,
					"retransmits":	0,
					"snd_cwnd":	17520,
					"rtt":	194,
					"omitted":	false
				}],
			"sum":	{
				"start":	4.013597,
				"end":	5.000148,
				"seconds":	0.986551,
				"bytes":	18889480,
				"bits_per_second":	153175932.533642,
				"retransmits":	0,
				"omitted":	false
			}
		}, {
			"streams":	[{
					"socket":	119,
					"start":	5.000148,
					"end":	6.000568,
					"seconds":	1.000420,
					"bytes":	18271900,
					"bits_per_second":	146113818.529261,
					"retransmits":	0,
					"snd_cwnd":	17520,
					"rtt":	252,
					"omitted":	false
				}],
			"sum":	{
				"start":	5.000148,
				"end":	6.000568,
				"seconds":	1.000420,
				"bytes":	18271900,
				"bits_per_second":	146113818.529261,
				"retransmits":	0,
				"omitted":	false
			}
		}, {
			"streams":	[{
					"socket":	119,
					"start":	6.000568,
					"end":	7.000342,
					"seconds":	0.999774,
					"bytes":	18450020,
					"bits_per_second":	147633528.250079,
					"retransmits":	0,
					"snd_cwnd":	17520,
					"rtt":	420,
					"omitted":	false
				}],
			"sum":	{
				"start":	6.000568,
				"end":	7.000342,
				"seconds":	0.999774,
				"bytes":	18450020,
				"bits_per_second":	147633528.250079,
				"retransmits":	0,
				"omitted":	false
			}
		}, {
			"streams":	[{
					"socket":	119,
					"start":	7.000342,
					"end":	8.000678,
					"seconds":	1.000336,
					"bytes":	18540540,
					"bits_per_second":	148274509.880271,
					"retransmits":	0,
					"snd_cwnd":	17520,
					"rtt":	337,
					"omitted":	false
				}],
			"sum":	{
				"start":	7.000342,
				"end":	8.000678,
				"seconds":	1.000336,
				"bytes":	18540540,
				"bits_per_second":	148274509.880271,
				"retransmits":	0,
				"omitted":	false
			}
		}, {
			"streams":	[{
					"socket":	119,
					"start":	8.000678,
					"end":	9.012617,
					"seconds":	1.011939,
					"bytes":	17133100,
					"bits_per_second":	135447683.501289,
					"retransmits":	0,
					"snd_cwnd":	17520,
					"rtt":	4806,
					"omitted":	false
				}],
			"sum":	{
				"start":	8.000678,
				"end":	9.012617,
				"seconds":	1.011939,
				"bytes":	17133100,
				"bits_per_second":	135447683.501289,
				"retransmits":	0,
				"omitted":	false
			}
		}, {
			"streams":	[{
					"socket":	119,
					"start":	9.012617,
					"end":	10.000698,
					"seconds":	0.988081,
					"bytes":	21415280,
					"bits_per_second":	173388865.635831,
					"retransmits":	0,
					"snd_cwnd":	17520,
					"rtt":	615,
					"omitted":	false
				}],
			"sum":	{
				"start":	9.012617,
				"end":	10.000698,
				"seconds":	0.988081,
				"bytes":	21415280,
				"bits_per_second":	173388865.635831,
				"retransmits":	0,
				"omitted":	false
			}
		}],
	"end":	{
		"streams":	[{
				"sender":	{
					"socket":	119,
					"start":	0,
					"end":	10.000698,
					"seconds":	10.000698,
					"bytes":	184063956,
					"bits_per_second":	147240889.577131,
					"retransmits":	0,
					"max_snd_cwnd":	17520,
					"max_rtt":	9878,
					"min_rtt":	194,
					"mean_rtt":	2197
				},
				"receiver":	{
					"socket":	119,
					"start":	0,
					"end":	10.000698,
					"seconds":	10.000698,
					"bytes":	183729616,
					"bits_per_second":	146973436.241394
				}
			}],
		"sum_sent":	{
			"start":	0,
			"end":	10.000698,
			"seconds":	10.000698,
			"bytes":	184063956,
			"bits_per_second":	147240889.577131,
			"retransmits":	0
		},
		"sum_received":	{
			"start":	0,
			"end":	10.000698,
			"seconds":	10.000698,
			"bytes":	183729616,
			"bits_per_second":	146973436.241394
		},
		"cpu_utilization_percent":	{
			"host_total":	155.617998,
			"host_user":	99.602199,
			"host_system":	56.032469,
			"remote_total":	6.648952,
			"remote_user":	0.695086,
			"remote_system":	5.953874
		}
	}
}
