{
	"start":	{
		"connected":	[{
				"socket":	193,
				"local_host":	"10.0.2.15",
				"local_port":	54313,
				"remote_host":	"128.61.92.187",
				"remote_port":	5201
			}],
		"version":	"iperf 3.1.3",
		"system_info":	"Linux localhost 3.18.56+ #1 SMP PREEMPT Fri Aug 25 10:56:18 PDT 2017 i686",
		"timestamp":	{
			"time":	"Thu, 07 Dec 2017 04:07:23 GMT",
			"timesecs":	1512619643
		},
		"connecting_to":	{
			"host":	"128.61.92.187",
			"port":	5201
		},
		"cookie":	"localhost.1512619643.041638.3fed731f",
		"tcp_mss_default":	1460,
		"test_start":	{
			"protocol":	"TCP",
			"num_streams":	1,
			"blksize":	131072,
			"omit":	0,
			"duration":	10,
			"bytes":	0,
			"blocks":	0,
			"reverse":	0
		}
	},
	"intervals":	[{
			"streams":	[{
					"socket":	193,
					"start":	0,
					"end":	1.137004,
					"seconds":	1.137004,
					"bytes":	10482428,
					"bits_per_second":	73754737.430309,
					"retransmits":	0,
					"snd_cwnd":	17520,
					"rtt":	423,
					"omitted":	false
				}],
			"sum":	{
				"start":	0,
				"end":	1.137004,
				"seconds":	1.137004,
				"bytes":	10482428,
				"bits_per_second":	73754737.430309,
				"retransmits":	0,
				"omitted":	false
			}
		}, {
			"streams":	[{
					"socket":	193,
					"start":	1.137004,
					"end":	2.016262,
					"seconds":	0.879258,
					"bytes":	10610516,
					"bits_per_second":	96540620.565039,
					"retransmits":	0,
					"snd_cwnd":	17520,
					"rtt":	572,
					"omitted":	false
				}],
			"sum":	{
				"start":	1.137004,
				"end":	2.016262,
				"seconds":	0.879258,
				"bytes":	10610516,
				"bits_per_second":	96540620.565039,
				"retransmits":	0,
				"omitted":	false
			}
		}, {
			"streams":	[{
					"socket":	193,
					"start":	2.016262,
					"end":	3.029869,
					"seconds":	1.013607,
					"bytes":	12663868,
					"bits_per_second":	99950909.461543,
					"retransmits":	0,
					"snd_cwnd":	17520,
					"rtt":	874,
					"omitted":	false
				}],
			"sum":	{
				"start":	2.016262,
				"end":	3.029869,
				"seconds":	1.013607,
				"bytes":	12663868,
				"bits_per_second":	99950909.461543,
				"retransmits":	0,
				"omitted":	false
			}
		}, {
			"streams":	[{
					"socket":	193,
					"start":	3.029869,
					"end":	4.023601,
					"seconds":	0.993732,
					"bytes":	12158920,
					"bits_per_second":	97884904.977152,
					"retransmits":	0,
					"snd_cwnd":	17520,
					"rtt":	522,
					"omitted":	false
				}],
			"sum":	{
				"start":	3.029869,
				"end":	4.023601,
				"seconds":	0.993732,
				"bytes":	12158920,
				"bits_per_second":	97884904.977152,
				"retransmits":	0,
				"omitted":	false
			}
		}, {
			"streams":	[{
					"socket":	193,
					"start":	4.023601,
					"end":	5.060593,
					"seconds":	1.036992,
					"bytes":	13522708,
					"bits_per_second":	104322580.358122,
					"retransmits":	0,
					"snd_cwnd":	17520,
					"rtt":	581,
					"omitted":	false
				}],
			"sum":	{
				"start":	4.023601,
				"end":	5.060593,
				"seconds":	1.036992,
				"bytes":	13522708,
				"bits_per_second":	104322580.358122,
				"retransmits":	0,
				"omitted":	false
			}
		}, {
			"streams":	[{
					"socket":	193,
					"start":	5.060593,
					"end":	6.117555,
					"seconds":	1.056962,
					"bytes":	13227112,
					"bits_per_second":	100114190.173369,
					"retransmits":	0,
					"snd_cwnd":	20440,
					"rtt":	401,
					"omitted":	false
				}],
			"sum":	{
				"start":	5.060593,
				"end":	6.117555,
				"seconds":	1.056962,
				"bytes":	13227112,
				"bits_per_second":	100114190.173369,
				"retransmits":	0,
				"omitted":	false
			}
		}, {
			"streams":	[{
					"socket":	193,
					"start":	6.117555,
					"end":	7.065581,
					"seconds":	0.948026,
					"bytes":	13070268,
					"bits_per_second":	110294574.323374,
					"retransmits":	0,
					"snd_cwnd":	20440,
					"rtt":	436,
					"omitted":	false
				}],
			"sum":	{
				"start":	6.117555,
				"end":	7.065581,
				"seconds":	0.948026,
				"bytes":	13070268,
				"bits_per_second":	110294574.323374,
				"retransmits":	0,
				"omitted":	false
			}
		}, {
			"streams":	[{
					"socket":	193,
					"start":	7.065581,
					"end":	8.009200,
					"seconds":	0.943619,
					"bytes":	11796480,
					"bits_per_second":	100010532.552440,
					"retransmits":	0,
					"snd_cwnd":	20440,
					"rtt":	495,
					"omitted":	false
				}],
			"sum":	{
				"start":	7.065581,
				"end":	8.009200,
				"seconds":	0.943619,
				"bytes":	11796480,
				"bits_per_second":	100010532.552440,
				"retransmits":	0,
				"omitted":	false
			}
		}, {
			"streams":	[{
					"socket":	193,
					"start":	8.009200,
					"end":	9.093010,
					"seconds":	1.083810,
					"bytes":	14754388,
					"bits_per_second":	108907576.100023,
					"retransmits":	0,
					"snd_cwnd":	20440,
					"rtt":	542,
					"omitted":	false
				}],
			"sum":	{
				"start":	8.009200,
				"end":	9.093010,
				"seconds":	1.083810,
				"bytes":	14754388,
				"bits_per_second":	108907576.100023,
				"retransmits":	0,
				"omitted":	false
			}
		}, {
			"streams":	[{
					"socket":	193,
					"start":	9.093010,
					"end":	10.060924,
					"seconds":	0.967914,
					"bytes":	12505564,
					"bits_per_second":	103360940.334310,
					"retransmits":	0,
					"snd_cwnd":	20440,
					"rtt":	552,
					"omitted":	false
				}],
			"sum":	{
				"start":	9.093010,
				"end":	10.060924,
				"seconds":	0.967914,
				"bytes":	12505564,
				"bits_per_second":	103360940.334310,
				"retransmits":	0,
				"omitted":	false
			}
		}],
	"end":	{
		"streams":	[{
				"sender":	{
					"socket":	193,
					"start":	0,
					"end":	10.060924,
					"seconds":	10.060924,
					"bytes":	124792252,
					"bits_per_second":	99229256.748365,
					"retransmits":	0,
					"max_snd_cwnd":	20440,
					"max_rtt":	874,
					"min_rtt":	401,
					"mean_rtt":	539
				},
				"receiver":	{
					"socket":	193,
					"start":	0,
					"end":	10.060924,
					"seconds":	10.060924,
					"bytes":	124783820,
					"bits_per_second":	99222551.996431
				}
			}],
		"sum_sent":	{
			"start":	0,
			"end":	10.060924,
			"seconds":	10.060924,
			"bytes":	124792252,
			"bits_per_second":	99229256.748365,
			"retransmits":	0
		},
		"sum_received":	{
			"start":	0,
			"end":	10.060924,
			"seconds":	10.060924,
			"bytes":	124783820,
			"bits_per_second":	99222551.996431
		},
		"cpu_utilization_percent":	{
			"host_total":	126.476363,
			"host_user":	53.937866,
			"host_system":	72.578158,
			"remote_total":	2.546306,
			"remote_user":	0.982213,
			"remote_system":	1.564093
		}
	}
}
