{
	"end": {
		"sum_sent": {
			"start": 0,
			"end": 10.080533333333333,
			"seconds": 10.080533333333333,
			"bytes": 61983588,
			"bits_per_second": 49205460.40055167,
			"retransmits": 0
		},
		"sum_received": {
			"start": 0,
			"end": 10.080533333333333,
			"seconds": 10.080533333333333,
			"bytes": 61763128,
			"bits_per_second": 49029338.50474068
		},
		"cpu_utilization_percent": {
			"host_total": 168.394762,
			"host_user": 102.229084,
			"host_system": 66.16694966666667,
			"host_user_normalized": 60.73506280110502,
			"host_system_normalized": 39.265332787900746,
			"remote_total": 0.641107,
			"remote_user": 0.07004933333333334,
			"remote_system": 0.5710583333333333,
			"remote_user_normalized": 10.93088825455449,
			"remote_system_normalized": 89.06923624521727
		}
	}
}
