{
	"end": {
		"sum_sent": {
			"start": 0,
			"end": 10.002479333333333,
			"seconds": 10.002479333333333,
			"bytes": 12478888,
			"bits_per_second": 9980657.783187667,
			"retransmits": 0
		},
		"sum_received": {
			"start": 0,
			"end": 10.002479333333333,
			"seconds": 10.002479333333333,
			"bytes": 12135788,
			"bits_per_second": 9706245.815676333
		},
		"cpu_utilization_percent": {
			"host_total": 124.210646,
			"host_user": 96.149294,
			"host_system": 28.020852333333334,
			"host_user_normalized": 77.41788592369242,
			"host_system_normalized": 22.549509886378484,
			"remote_total": 0.5164836666666667,
			"remote_user": 0.17387233333333332,
			"remote_system": 0.3426116666666667,
			"remote_user_normalized": 34.3721176446573,
			"remote_system_normalized": 65.62791114025664
		}
	}
}
