{
	"start":	{
		"connected":	[{
				"socket":	265,
				"local_host":	"10.0.2.15",
				"local_port":	40650,
				"remote_host":	"128.61.8.181",
				"remote_port":	5201
			}],
		"version":	"iperf 3.1.3",
		"system_info":	"Linux localhost 3.18.48+ #1 SMP PREEMPT Wed Apr 19 00:58:20 UTC 2017 i686",
		"timestamp":	{
			"time":	"Sat, 09 Dec 2017 00:55:02 GMT",
			"timesecs":	1512780902
		},
		"connecting_to":	{
			"host":	"128.61.8.181",
			"port":	5201
		},
		"cookie":	"localhost.1512780902.217449.4ea3713b",
		"tcp_mss_default":	1460,
		"test_start":	{
			"protocol":	"TCP",
			"num_streams":	1,
			"blksize":	131072,
			"omit":	0,
			"duration":	10,
			"bytes":	0,
			"blocks":	0,
			"reverse":	0
		}
	},
	"intervals":	[{
			"streams":	[{
					"socket":	265,
					"start":	0,
					"end":	1.010560,
					"seconds":	1.010560,
					"bytes":	6063380,
					"bits_per_second":	48000156.632092,
					"retransmits":	0,
					"snd_cwnd":	17520,
					"rtt":	916,
					"omitted":	false
				}],
			"sum":	{
				"start":	0,
				"end":	1.010560,
				"seconds":	1.010560,
				"bytes":	6063380,
				"bits_per_second":	48000156.632092,
				"retransmits":	0,
				"omitted":	false
			}
		}, {
			"streams":	[{
					"socket":	265,
					"start":	1.010560,
					"end":	2.012179,
					"seconds":	1.001619,
					"bytes":	5708272,
					"bits_per_second":	45592368.240631,
					"retransmits":	0,
					"snd_cwnd":	17520,
					"rtt":	661,
					"omitted":	false
				}],
			"sum":	{
				"start":	1.010560,
				"end":	2.012179,
				"seconds":	1.001619,
				"bytes":	5708272,
				"bits_per_second":	45592368.240631,
				"retransmits":	0,
				"omitted":	false
			}
		}, {
			"streams":	[{
					"socket":	265,
					"start":	2.012179,
					"end":	3.001341,
					"seconds":	0.989162,
					"bytes":	5991840,
					"bits_per_second":	48459930.263712,
					"retransmits":	0,
					"snd_cwnd":	17520,
					"rtt":	1055,
					"omitted":	false
				}],
			"sum":	{
				"start":	2.012179,
				"end":	3.001341,
				"seconds":	0.989162,
				"bytes":	5991840,
				"bits_per_second":	48459930.263712,
				"retransmits":	0,
				"omitted":	false
			}
		}, {
			"streams":	[{
					"socket":	265,
					"start":	3.001341,
					"end":	4.000290,
					"seconds":	0.998949,
					"bytes":	6223652,
					"bits_per_second":	49841596.981325,
					"retransmits":	0,
					"snd_cwnd":	17520,
					"rtt":	704,
					"omitted":	false
				}],
			"sum":	{
				"start":	3.001341,
				"end":	4.000290,
				"seconds":	0.998949,
				"bytes":	6223652,
				"bits_per_second":	49841596.981325,
				"retransmits":	0,
				"omitted":	false
			}
		}, {
			"streams":	[{
					"socket":	265,
					"start":	4.000290,
					"end":	5.003044,
					"seconds":	1.002754,
					"bytes":	6260152,
					"bits_per_second":	49943672.474126,
					"retransmits":	0,
					"snd_cwnd":	17520,
					"rtt":	9452,
					"omitted":	false
				}],
			"sum":	{
				"start":	4.000290,
				"end":	5.003044,
				"seconds":	1.002754,
				"bytes":	6260152,
				"bits_per_second":	49943672.474126,
				"retransmits":	0,
				"omitted":	false
			}
		}, {
			"streams":	[{
					"socket":	265,
					"start":	5.003044,
					"end":	6.020894,
					"seconds":	1.017850,
					"bytes":	6587520,
					"bits_per_second":	51775950.960207,
					"retransmits":	0,
					"snd_cwnd":	17520,
					"rtt":	2693,
					"omitted":	false
				}],
			"sum":	{
				"start":	5.003044,
				"end":	6.020894,
				"seconds":	1.017850,
				"bytes":	6587520,
				"bits_per_second":	51775950.960207,
				"retransmits":	0,
				"omitted":	false
			}
		}, {
			"streams":	[{
					"socket":	265,
					"start":	6.020894,
					"end":	7.000822,
					"seconds":	0.979928,
					"bytes":	6491784,
					"bits_per_second":	52998047.935068,
					"retransmits":	0,
					"snd_cwnd":	17520,
					"rtt":	731,
					"omitted":	false
				}],
			"sum":	{
				"start":	6.020894,
				"end":	7.000822,
				"seconds":	0.979928,
				"bytes":	6491784,
				"bits_per_second":	52998047.935068,
				"retransmits":	0,
				"omitted":	false
			}
		}, {
			"streams":	[{
					"socket":	265,
					"start":	7.000822,
					"end":	8.103479,
					"seconds":	1.102657,
					"bytes":	6443604,
					"bits_per_second":	46749659.613276,
					"retransmits":	0,
					"snd_cwnd":	17520,
					"rtt":	817,
					"omitted":	false
				}],
			"sum":	{
				"start":	7.000822,
				"end":	8.103479,
				"seconds":	1.102657,
				"bytes":	6443604,
				"bits_per_second":	46749659.613276,
				"retransmits":	0,
				"omitted":	false
			}
		}, {
			"streams":	[{
					"socket":	265,
					"start":	8.103479,
					"end":	9.002900,
					"seconds":	0.899421,
					"bytes":	5518800,
					"bits_per_second":	49087580.951240,
					"retransmits":	0,
					"snd_cwnd":	17520,
					"rtt":	655,
					"omitted":	false
				}],
			"sum":	{
				"start":	8.103479,
				"end":	9.002900,
				"seconds":	0.899421,
				"bytes":	5518800,
				"bits_per_second":	49087580.951240,
				"retransmits":	0,
				"omitted":	false
			}
		}, {
			"streams":	[{
					"socket":	265,
					"start":	9.002900,
					"end":	10.056817,
					"seconds":	1.053917,
					"bytes":	6280528,
					"bits_per_second":	47673788.273566,
					"retransmits":	0,
					"snd_cwnd":	17520,
					"rtt":	908,
					"omitted":	false
				}],
			"sum":	{
				"start":	9.002900,
				"end":	10.056817,
				"seconds":	1.053917,
				"bytes":	6280528,
				"bits_per_second":	47673788.273566,
				"retransmits":	0,
				"omitted":	false
			}
		}],
	"end":	{
		"streams":	[{
				"sender":	{
					"socket":	265,
					"start":	0,
					"end":	10.056817,
					"seconds":	10.056817,
					"bytes":	61569532,
					"bits_per_second":	48977350.718280,
					"retransmits":	0,
					"max_snd_cwnd":	17520,
					"max_rtt":	9452,
					"min_rtt":	655,
					"mean_rtt":	1859
				},
				"receiver":	{
					"socket":	265,
					"start":	0,
					"end":	10.056817,
					"seconds":	10.056817,
					"bytes":	61569532,
					"bits_per_second":	48977350.718280
				}
			}],
		"sum_sent":	{
			"start":	0,
			"end":	10.056817,
			"seconds":	10.056817,
			"bytes":	61569532,
			"bits_per_second":	48977350.718280,
			"retransmits":	0
		},
		"sum_received":	{
			"start":	0,
			"end":	10.056817,
			"seconds":	10.056817,
			"bytes":	61569532,
			"bits_per_second":	48977350.718280
		},
		"cpu_utilization_percent":	{
			"host_total":	143.499800,
			"host_user":	101.417918,
			"host_system":	42.133544,
			"remote_total":	0.304635,
			"remote_user":	0.032987,
			"remote_system":	0.271647
		}
	}
}
