{
	"end": {
		"sum_sent": {
			"start": 0,
			"end": 10.006390999999999,
			"seconds": 10.006390999999999,
			"bytes": 61301666.666666664,
			"bits_per_second": 49009251.697834335,
			"retransmits": 0
		},
		"sum_received": {
			"start": 0,
			"end": 10.006390999999999,
			"seconds": 10.006390999999999,
			"bytes": 60971706.666666664,
			"bits_per_second": 48745450.90180466
		},
		"cpu_utilization_percent": {
			"host_total": 158.04900166666667,
			"host_user": 103.198781,
			"host_system": 54.840135333333336,
			"host_user_normalized": 65.29632950917825,
			"host_system_normalized": 34.69728812657987,
			"remote_total": 0.5371036666666668,
			"remote_user": 0.058210000000000005,
			"remote_system": 0.47889333333333334,
			"remote_user_normalized": 10.85627639488129,
			"remote_system_normalized": 89.14367496824019
		}
	}
}
