{
	"start":	{
		"connected":	[{
				"socket":	222,
				"local_host":	"10.0.2.15",
				"local_port":	54141,
				"remote_host":	"128.61.92.187",
				"remote_port":	5201
			}],
		"version":	"iperf 3.1.3",
		"system_info":	"Linux localhost 3.18.56+ #1 SMP PREEMPT Fri Aug 25 10:56:18 PDT 2017 i686",
		"timestamp":	{
			"time":	"Thu, 07 Dec 2017 02:35:57 GMT",
			"timesecs":	1512614157
		},
		"connecting_to":	{
			"host":	"128.61.92.187",
			"port":	5201
		},
		"cookie":	"localhost.1512614157.726971.4fe38fd1",
		"tcp_mss_default":	1460,
		"test_start":	{
			"protocol":	"TCP",
			"num_streams":	1,
			"blksize":	131072,
			"omit":	0,
			"duration":	10,
			"bytes":	0,
			"blocks":	0,
			"reverse":	0
		}
	},
	"intervals":	[{
			"streams":	[{
					"socket":	222,
					"start":	0,
					"end":	1.051903,
					"seconds":	1.051903,
					"bytes":	8591876,
					"bits_per_second":	65343484.508374,
					"retransmits":	0,
					"snd_cwnd":	17520,
					"rtt":	424,
					"omitted":	false
				}],
			"sum":	{
				"start":	0,
				"end":	1.051903,
				"seconds":	1.051903,
				"bytes":	8591876,
				"bits_per_second":	65343484.508374,
				"retransmits":	0,
				"omitted":	false
			}
		}, {
			"streams":	[{
					"socket":	222,
					"start":	1.051903,
					"end":	2.031079,
					"seconds":	0.979176,
					"bytes":	11028256,
					"bits_per_second":	90102335.018097,
					"retransmits":	0,
					"snd_cwnd":	17520,
					"rtt":	480,
					"omitted":	false
				}],
			"sum":	{
				"start":	1.051903,
				"end":	2.031079,
				"seconds":	0.979176,
				"bytes":	11028256,
				"bits_per_second":	90102335.018097,
				"retransmits":	0,
				"omitted":	false
			}
		}, {
			"streams":	[{
					"socket":	222,
					"start":	2.031079,
					"end":	3.010514,
					"seconds":	0.979435,
					"bytes":	9383672,
					"bits_per_second":	76645595.191269,
					"retransmits":	0,
					"snd_cwnd":	17520,
					"rtt":	432,
					"omitted":	false
				}],
			"sum":	{
				"start":	2.031079,
				"end":	3.010514,
				"seconds":	0.979435,
				"bytes":	9383672,
				"bits_per_second":	76645595.191269,
				"retransmits":	0,
				"omitted":	false
			}
		}, {
			"streams":	[{
					"socket":	222,
					"start":	3.010514,
					"end":	4.027921,
					"seconds":	1.017407,
					"bytes":	11628432,
					"bits_per_second":	91435837.815221,
					"retransmits":	0,
					"snd_cwnd":	17520,
					"rtt":	532,
					"omitted":	false
				}],
			"sum":	{
				"start":	3.010514,
				"end":	4.027921,
				"seconds":	1.017407,
				"bytes":	11628432,
				"bits_per_second":	91435837.815221,
				"retransmits":	0,
				"omitted":	false
			}
		}, {
			"streams":	[{
					"socket":	222,
					"start":	4.027921,
					"end":	5.097446,
					"seconds":	1.069525,
					"bytes":	13668020,
					"bits_per_second":	102236188.634207,
					"retransmits":	0,
					"snd_cwnd":	17520,
					"rtt":	541,
					"omitted":	false
				}],
			"sum":	{
				"start":	4.027921,
				"end":	5.097446,
				"seconds":	1.069525,
				"bytes":	13668020,
				"bits_per_second":	102236188.634207,
				"retransmits":	0,
				"omitted":	false
			}
		}, {
			"streams":	[{
					"socket":	222,
					"start":	5.097446,
					"end":	6.102821,
					"seconds":	1.005375,
					"bytes":	13107200,
					"bits_per_second":	104296988.369847,
					"retransmits":	0,
					"snd_cwnd":	17520,
					"rtt":	1601,
					"omitted":	false
				}],
			"sum":	{
				"start":	5.097446,
				"end":	6.102821,
				"seconds":	1.005375,
				"bytes":	13107200,
				"bits_per_second":	104296988.369847,
				"retransmits":	0,
				"omitted":	false
			}
		}, {
			"streams":	[{
					"socket":	222,
					"start":	6.102821,
					"end":	7.027166,
					"seconds":	0.924345,
					"bytes":	10655808,
					"bits_per_second":	92223665.912658,
					"retransmits":	0,
					"snd_cwnd":	20440,
					"rtt":	508,
					"omitted":	false
				}],
			"sum":	{
				"start":	6.102821,
				"end":	7.027166,
				"seconds":	0.924345,
				"bytes":	10655808,
				"bits_per_second":	92223665.912658,
				"retransmits":	0,
				"omitted":	false
			}
		}, {
			"streams":	[{
					"socket":	222,
					"start":	7.027166,
					"end":	8.041393,
					"seconds":	1.014227,
					"bytes":	11615292,
					"bits_per_second":	91618860.556638,
					"retransmits":	0,
					"snd_cwnd":	20440,
					"rtt":	428,
					"omitted":	false
				}],
			"sum":	{
				"start":	7.027166,
				"end":	8.041393,
				"seconds":	1.014227,
				"bytes":	11615292,
				"bits_per_second":	91618860.556638,
				"retransmits":	0,
				"omitted":	false
			}
		}, {
			"streams":	[{
					"socket":	222,
					"start":	8.041393,
					"end":	9.063450,
					"seconds":	1.022057,
					"bytes":	12850780,
					"bits_per_second":	100587574.200015,
					"retransmits":	0,
					"snd_cwnd":	20440,
					"rtt":	385,
					"omitted":	false
				}],
			"sum":	{
				"start":	8.041393,
				"end":	9.063450,
				"seconds":	1.022057,
				"bytes":	12850780,
				"bits_per_second":	100587574.200015,
				"retransmits":	0,
				"omitted":	false
			}
		}, {
			"streams":	[{
					"socket":	222,
					"start":	9.063450,
					"end":	10.066453,
					"seconds":	1.003003,
					"bytes":	12139580,
					"bits_per_second":	96825883.297545,
					"retransmits":	0,
					"snd_cwnd":	20440,
					"rtt":	606,
					"omitted":	false
				}],
			"sum":	{
				"start":	9.063450,
				"end":	10.066453,
				"seconds":	1.003003,
				"bytes":	12139580,
				"bits_per_second":	96825883.297545,
				"retransmits":	0,
				"omitted":	false
			}
		}],
	"end":	{
		"streams":	[{
				"sender":	{
					"socket":	222,
					"start":	0,
					"end":	10.066453,
					"seconds":	10.066453,
					"bytes":	114668916,
					"bits_per_second":	91129549.784697,
					"retransmits":	0,
					"max_snd_cwnd":	20440,
					"max_rtt":	1601,
					"min_rtt":	385,
					"mean_rtt":	593
				},
				"receiver":	{
					"socket":	222,
					"start":	0,
					"end":	10.066453,
					"seconds":	10.066453,
					"bytes":	114668916,
					"bits_per_second":	91129549.784697
				}
			}],
		"sum_sent":	{
			"start":	0,
			"end":	10.066453,
			"seconds":	10.066453,
			"bytes":	114668916,
			"bits_per_second":	91129549.784697,
			"retransmits":	0
		},
		"sum_received":	{
			"start":	0,
			"end":	10.066453,
			"seconds":	10.066453,
			"bytes":	114668916,
			"bits_per_second":	91129549.784697
		},
		"cpu_utilization_percent":	{
			"host_total":	143.261330,
			"host_user":	14.028399,
			"host_system":	129.219337,
			"remote_total":	2.676232,
			"remote_user":	1.216469,
			"remote_system":	1.459763
		}
	}
}
