{
	"end": {
		"sum_sent": {
			"start": 0,
			"end": 10.098646666666667,
			"seconds": 10.098646666666667,
			"bytes": 64068496,
			"bits_per_second": 50750585.01834,
			"retransmits": 0
		},
		"sum_received": {
			"start": 0,
			"end": 10.098646666666667,
			"seconds": 10.098646666666667,
			"bytes": 63875617.333333336,
			"bits_per_second": 50597156.073851
		},
		"cpu_utilization_percent": {
			"host_total": 160.19469899999999,
			"host_user": 102.086335,
			"host_system": 58.120395333333335,
			"host_user_normalized": 63.884579048544616,
			"host_system_normalized": 36.12218947503632,
			"remote_total": 0.5464263333333333,
			"remote_user": 0.05878866666666666,
			"remote_system": 0.48763766666666664,
			"remote_user_normalized": 10.768967899273115,
			"remote_system_normalized": 89.23103210072689
		}
	}
}
