{
	"start":	{
		"connected":	[{
				"socket":	157,
				"local_host":	"10.0.2.15",
				"local_port":	46406,
				"remote_host":	"192.168.1.4",
				"remote_port":	5201
			}],
		"version":	"iperf 3.1.3",
		"system_info":	"Linux localhost 3.18.48+ #1 SMP PREEMPT Wed Apr 19 00:58:20 UTC 2017 i686",
		"timestamp":	{
			"time":	"Fri, 08 Dec 2017 02:04:58 GMT",
			"timesecs":	1512698698
		},
		"connecting_to":	{
			"host":	"192.168.1.4",
			"port":	5201
		},
		"cookie":	"localhost.1512698698.495128.5c0b39a2",
		"tcp_mss_default":	1460,
		"test_start":	{
			"protocol":	"TCP",
			"num_streams":	1,
			"blksize":	131072,
			"omit":	0,
			"duration":	10,
			"bytes":	0,
			"blocks":	0,
			"reverse":	0
		}
	},
	"intervals":	[{
			"streams":	[{
					"socket":	157,
					"start":	0,
					"end":	1.001779,
					"seconds":	1.001779,
					"bytes":	5394700,
					"bits_per_second":	43080955.557830,
					"retransmits":	0,
					"snd_cwnd":	17520,
					"rtt":	1169,
					"omitted":	false
				}],
			"sum":	{
				"start":	0,
				"end":	1.001779,
				"seconds":	1.001779,
				"bytes":	5394700,
				"bits_per_second":	43080955.557830,
				"retransmits":	0,
				"omitted":	false
			}
		}, {
			"streams":	[{
					"socket":	157,
					"start":	1.001779,
					"end":	2.001818,
					"seconds":	1.000039,
					"bytes":	4987116,
					"bits_per_second":	39895377.576725,
					"retransmits":	0,
					"snd_cwnd":	20440,
					"rtt":	1122,
					"omitted":	false
				}],
			"sum":	{
				"start":	1.001779,
				"end":	2.001818,
				"seconds":	1.000039,
				"bytes":	4987116,
				"bits_per_second":	39895377.576725,
				"retransmits":	0,
				"omitted":	false
			}
		}, {
			"streams":	[{
					"socket":	157,
					"start":	2.001818,
					"end":	3.002026,
					"seconds":	1.000208,
					"bytes":	5489600,
					"bits_per_second":	43907661.084908,
					"retransmits":	0,
					"snd_cwnd":	20440,
					"rtt":	11234,
					"omitted":	false
				}],
			"sum":	{
				"start":	2.001818,
				"end":	3.002026,
				"seconds":	1.000208,
				"bytes":	5489600,
				"bits_per_second":	43907661.084908,
				"retransmits":	0,
				"omitted":	false
			}
		}, {
			"streams":	[{
					"socket":	157,
					"start":	3.002026,
					"end":	4.002401,
					"seconds":	1.000375,
					"bytes":	5983080,
					"bits_per_second":	47846695.937598,
					"retransmits":	0,
					"snd_cwnd":	20440,
					"rtt":	1861,
					"omitted":	false
				}],
			"sum":	{
				"start":	3.002026,
				"end":	4.002401,
				"seconds":	1.000375,
				"bytes":	5983080,
				"bits_per_second":	47846695.937598,
				"retransmits":	0,
				"omitted":	false
			}
		}, {
			"streams":	[{
					"socket":	157,
					"start":	4.002401,
					"end":	5.002608,
					"seconds":	1.000207,
					"bytes":	6231280,
					"bits_per_second":	49839925.760603,
					"retransmits":	0,
					"snd_cwnd":	20440,
					"rtt":	943,
					"omitted":	false
				}],
			"sum":	{
				"start":	4.002401,
				"end":	5.002608,
				"seconds":	1.000207,
				"bytes":	6231280,
				"bits_per_second":	49839925.760603,
				"retransmits":	0,
				"omitted":	false
			}
		}, {
			"streams":	[{
					"socket":	157,
					"start":	5.002608,
					"end":	6.015024,
					"seconds":	1.012416,
					"bytes":	5368568,
					"bits_per_second":	42421839.282725,
					"retransmits":	0,
					"snd_cwnd":	20440,
					"rtt":	1326,
					"omitted":	false
				}],
			"sum":	{
				"start":	5.002608,
				"end":	6.015024,
				"seconds":	1.012416,
				"bytes":	5368568,
				"bits_per_second":	42421839.282725,
				"retransmits":	0,
				"omitted":	false
			}
		}, {
			"streams":	[{
					"socket":	157,
					"start":	6.015024,
					"end":	7.062465,
					"seconds":	1.047441,
					"bytes":	6438980,
					"bits_per_second":	49178750.611583,
					"retransmits":	0,
					"snd_cwnd":	20440,
					"rtt":	7489,
					"omitted":	false
				}],
			"sum":	{
				"start":	6.015024,
				"end":	7.062465,
				"seconds":	1.047441,
				"bytes":	6438980,
				"bits_per_second":	49178750.611583,
				"retransmits":	0,
				"omitted":	false
			}
		}, {
			"streams":	[{
					"socket":	157,
					"start":	7.062465,
					"end":	8.005403,
					"seconds":	0.942938,
					"bytes":	5597576,
					"bits_per_second":	47490507.070177,
					"retransmits":	0,
					"snd_cwnd":	20440,
					"rtt":	724,
					"omitted":	false
				}],
			"sum":	{
				"start":	7.062465,
				"end":	8.005403,
				"seconds":	0.942938,
				"bytes":	5597576,
				"bits_per_second":	47490507.070177,
				"retransmits":	0,
				"omitted":	false
			}
		}, {
			"streams":	[{
					"socket":	157,
					"start":	8.005403,
					"end":	9.117927,
					"seconds":	1.112524,
					"bytes":	7459880,
					"bits_per_second":	53642922.086740,
					"retransmits":	0,
					"snd_cwnd":	20440,
					"rtt":	422,
					"omitted":	false
				}],
			"sum":	{
				"start":	8.005403,
				"end":	9.117927,
				"seconds":	1.112524,
				"bytes":	7459880,
				"bits_per_second":	53642922.086740,
				"retransmits":	0,
				"omitted":	false
			}
		}, {
			"streams":	[{
					"socket":	157,
					"start":	9.117927,
					"end":	10.213652,
					"seconds":	1.095725,
					"bytes":	7021076,
					"bits_per_second":	51261589.312519,
					"retransmits":	0,
					"snd_cwnd":	20440,
					"rtt":	616,
					"omitted":	false
				}],
			"sum":	{
				"start":	9.117927,
				"end":	10.213652,
				"seconds":	1.095725,
				"bytes":	7021076,
				"bits_per_second":	51261589.312519,
				"retransmits":	0,
				"omitted":	false
			}
		}],
	"end":	{
		"streams":	[{
				"sender":	{
					"socket":	157,
					"start":	0,
					"end":	10.213652,
					"seconds":	10.213652,
					"bytes":	59971856,
					"bits_per_second":	46973877.875244,
					"retransmits":	0,
					"max_snd_cwnd":	20440,
					"max_rtt":	11234,
					"min_rtt":	422,
					"mean_rtt":	2690
				},
				"receiver":	{
					"socket":	157,
					"start":	0,
					"end":	10.213652,
					"seconds":	10.213652,
					"bytes":	59971856,
					"bits_per_second":	46973877.875244
				}
			}],
		"sum_sent":	{
			"start":	0,
			"end":	10.213652,
			"seconds":	10.213652,
			"bytes":	59971856,
			"bits_per_second":	46973877.875244,
			"retransmits":	0
		},
		"sum_received":	{
			"start":	0,
			"end":	10.213652,
			"seconds":	10.213652,
			"bytes":	59971856,
			"bits_per_second":	46973877.875244
		},
		"cpu_utilization_percent":	{
			"host_total":	170.870896,
			"host_user":	104.963574,
			"host_system":	65.932385,
			"remote_total":	0.546733,
			"remote_user":	0.060169,
			"remote_system":	0.486566
		}
	}
}
