{
	"start":	{
		"connected":	[{
				"socket":	75,
				"local_host":	"10.0.2.15",
				"local_port":	40526,
				"remote_host":	"128.61.8.181",
				"remote_port":	5201
			}],
		"version":	"iperf 3.1.3",
		"system_info":	"Linux localhost 3.18.48+ #1 SMP PREEMPT Wed Apr 19 00:58:20 UTC 2017 i686",
		"timestamp":	{
			"time":	"Sat, 09 Dec 2017 00:03:07 GMT",
			"timesecs":	1512777787
		},
		"connecting_to":	{
			"host":	"128.61.8.181",
			"port":	5201
		},
		"cookie":	"localhost.1512777787.762754.07812dde",
		"tcp_mss_default":	1460,
		"test_start":	{
			"protocol":	"TCP",
			"num_streams":	1,
			"blksize":	131072,
			"omit":	0,
			"duration":	10,
			"bytes":	0,
			"blocks":	0,
			"reverse":	0
		}
	},
	"intervals":	[{
			"streams":	[{
					"socket":	75,
					"start":	0,
					"end":	1.103869,
					"seconds":	1.103869,
					"bytes":	6512128,
					"bits_per_second":	47194924.916527,
					"retransmits":	0,
					"snd_cwnd":	17520,
					"rtt":	537,
					"omitted":	false
				}],
			"sum":	{
				"start":	0,
				"end":	1.103869,
				"seconds":	1.103869,
				"bytes":	6512128,
				"bits_per_second":	47194924.916527,
				"retransmits":	0,
				"omitted":	false
			}
		}, {
			"streams":	[{
					"socket":	75,
					"start":	1.103869,
					"end":	2.075610,
					"seconds":	0.971741,
					"bytes":	5588996,
					"bits_per_second":	46012229.381115,
					"retransmits":	0,
					"snd_cwnd":	17520,
					"rtt":	616,
					"omitted":	false
				}],
			"sum":	{
				"start":	1.103869,
				"end":	2.075610,
				"seconds":	0.971741,
				"bytes":	5588996,
				"bits_per_second":	46012229.381115,
				"retransmits":	0,
				"omitted":	false
			}
		}, {
			"streams":	[{
					"socket":	75,
					"start":	2.075610,
					"end":	3.002444,
					"seconds":	0.926834,
					"bytes":	6714212,
					"bits_per_second":	57953963.329327,
					"retransmits":	0,
					"snd_cwnd":	17520,
					"rtt":	1802,
					"omitted":	false
				}],
			"sum":	{
				"start":	2.075610,
				"end":	3.002444,
				"seconds":	0.926834,
				"bytes":	6714212,
				"bits_per_second":	57953963.329327,
				"retransmits":	0,
				"omitted":	false
			}
		}, {
			"streams":	[{
					"socket":	75,
					"start":	3.002444,
					"end":	4.000915,
					"seconds":	0.998471,
					"bytes":	6326180,
					"bits_per_second":	50686939.232602,
					"retransmits":	0,
					"snd_cwnd":	17520,
					"rtt":	743,
					"omitted":	false
				}],
			"sum":	{
				"start":	3.002444,
				"end":	4.000915,
				"seconds":	0.998471,
				"bytes":	6326180,
				"bits_per_second":	50686939.232602,
				"retransmits":	0,
				"omitted":	false
			}
		}, {
			"streams":	[{
					"socket":	75,
					"start":	4.000915,
					"end":	5.017588,
					"seconds":	1.016673,
					"bytes":	5832636,
					"bits_per_second":	45895862.246544,
					"retransmits":	0,
					"snd_cwnd":	17520,
					"rtt":	9354,
					"omitted":	false
				}],
			"sum":	{
				"start":	4.000915,
				"end":	5.017588,
				"seconds":	1.016673,
				"bytes":	5832636,
				"bits_per_second":	45895862.246544,
				"retransmits":	0,
				"omitted":	false
			}
		}, {
			"streams":	[{
					"socket":	75,
					"start":	5.017588,
					"end":	6.124949,
					"seconds":	1.107361,
					"bytes":	7124820,
					"bits_per_second":	51472424.955952,
					"retransmits":	0,
					"snd_cwnd":	17520,
					"rtt":	8746,
					"omitted":	false
				}],
			"sum":	{
				"start":	5.017588,
				"end":	6.124949,
				"seconds":	1.107361,
				"bytes":	7124820,
				"bits_per_second":	51472424.955952,
				"retransmits":	0,
				"omitted":	false
			}
		}, {
			"streams":	[{
					"socket":	75,
					"start":	6.124949,
					"end":	7.016508,
					"seconds":	0.891559,
					"bytes":	5273456,
					"bits_per_second":	47318969.820847,
					"retransmits":	0,
					"snd_cwnd":	17520,
					"rtt":	5315,
					"omitted":	false
				}],
			"sum":	{
				"start":	6.124949,
				"end":	7.016508,
				"seconds":	0.891559,
				"bytes":	5273456,
				"bits_per_second":	47318969.820847,
				"retransmits":	0,
				"omitted":	false
			}
		}, {
			"streams":	[{
					"socket":	75,
					"start":	7.016508,
					"end":	8.002708,
					"seconds":	0.986200,
					"bytes":	5863772,
					"bits_per_second":	47566590.466571,
					"retransmits":	0,
					"snd_cwnd":	17520,
					"rtt":	643,
					"omitted":	false
				}],
			"sum":	{
				"start":	7.016508,
				"end":	8.002708,
				"seconds":	0.986200,
				"bytes":	5863772,
				"bits_per_second":	47566590.466571,
				"retransmits":	0,
				"omitted":	false
			}
		}, {
			"streams":	[{
					"socket":	75,
					"start":	8.002708,
					"end":	9.117197,
					"seconds":	1.114489,
					"bytes":	7573972,
					"bits_per_second":	54367324.121785,
					"retransmits":	0,
					"snd_cwnd":	17520,
					"rtt":	1566,
					"omitted":	false
				}],
			"sum":	{
				"start":	8.002708,
				"end":	9.117197,
				"seconds":	1.114489,
				"bytes":	7573972,
				"bits_per_second":	54367324.121785,
				"retransmits":	0,
				"omitted":	false
			}
		}, {
			"streams":	[{
					"socket":	75,
					"start":	9.117197,
					"end":	10.093784,
					"seconds":	0.976587,
					"bytes":	5811656,
					"bits_per_second":	47607888.780969,
					"retransmits":	0,
					"snd_cwnd":	17520,
					"rtt":	519,
					"omitted":	false
				}],
			"sum":	{
				"start":	9.117197,
				"end":	10.093784,
				"seconds":	0.976587,
				"bytes":	5811656,
				"bits_per_second":	47607888.780969,
				"retransmits":	0,
				"omitted":	false
			}
		}],
	"end":	{
		"streams":	[{
				"sender":	{
					"socket":	75,
					"start":	0,
					"end":	10.093784,
					"seconds":	10.093784,
					"bytes":	62621828,
					"bits_per_second":	49631993.248686,
					"retransmits":	0,
					"max_snd_cwnd":	17520,
					"max_rtt":	9354,
					"min_rtt":	519,
					"mean_rtt":	2984
				},
				"receiver":	{
					"socket":	75,
					"start":	0,
					"end":	10.093784,
					"seconds":	10.093784,
					"bytes":	62621828,
					"bits_per_second":	49631993.248686
				}
			}],
		"sum_sent":	{
			"start":	0,
			"end":	10.093784,
			"seconds":	10.093784,
			"bytes":	62621828,
			"bits_per_second":	49631993.248686,
			"retransmits":	0
		},
		"sum_received":	{
			"start":	0,
			"end":	10.093784,
			"seconds":	10.093784,
			"bytes":	62621828,
			"bits_per_second":	49631993.248686
		},
		"cpu_utilization_percent":	{
			"host_total":	183.189098,
			"host_user":	105.774864,
			"host_system":	77.456407,
			"remote_total":	0.010006,
			"remote_user":	0.001114,
			"remote_system":	0.008893
		}
	}
}
