{
	"end": {
		"sum_sent": {
			"start": 0,
			"end": 10.066468333333335,
			"seconds": 10.066468333333335,
			"bytes": 116363176,
			"bits_per_second": 92456315.82884967,
			"retransmits": 0
		},
		"sum_received": {
			"start": 0,
			"end": 10.066468333333335,
			"seconds": 10.066468333333335,
			"bytes": 116143202.66666667,
			"bits_per_second": 92280952.29377167
		},
		"cpu_utilization_percent": {
			"host_total": 137.359839,
			"host_user": 55.67075633333334,
			"host_system": 81.685988,
			"host_user_normalized": 40.54083744555643,
			"host_system_normalized": 59.457151750668146,
			"remote_total": 3.0350483333333336,
			"remote_user": 1.179182,
			"remote_system": 1.855866,
			"remote_user_normalized": 38.46980575149456,
			"remote_system_normalized": 61.53018615426779
		}
	}
}
