{
	"start":	{
		"connected":	[{
				"socket":	845,
				"local_host":	"10.0.2.15",
				"local_port":	54255,
				"remote_host":	"128.61.92.187",
				"remote_port":	5201
			}],
		"version":	"iperf 3.1.3",
		"system_info":	"Linux localhost 3.18.56+ #1 SMP PREEMPT Fri Aug 25 10:56:18 PDT 2017 i686",
		"timestamp":	{
			"time":	"Thu, 07 Dec 2017 03:50:15 GMT",
			"timesecs":	1512618615
		},
		"connecting_to":	{
			"host":	"128.61.92.187",
			"port":	5201
		},
		"cookie":	"localhost.1512618615.599637.32131faa",
		"tcp_mss_default":	1460,
		"test_start":	{
			"protocol":	"TCP",
			"num_streams":	1,
			"blksize":	131072,
			"omit":	0,
			"duration":	10,
			"bytes":	0,
			"blocks":	0,
			"reverse":	0
		}
	},
	"intervals":	[{
			"streams":	[{
					"socket":	845,
					"start":	0,
					"end":	1.037992,
					"seconds":	1.037992,
					"bytes":	10485760,
					"bits_per_second":	80815728.785135,
					"retransmits":	0,
					"snd_cwnd":	17520,
					"rtt":	410,
					"omitted":	false
				}],
			"sum":	{
				"start":	0,
				"end":	1.037992,
				"seconds":	1.037992,
				"bytes":	10485760,
				"bits_per_second":	80815728.785135,
				"retransmits":	0,
				"omitted":	false
			}
		}, {
			"streams":	[{
					"socket":	845,
					"start":	1.037992,
					"end":	2.006810,
					"seconds":	0.968818,
					"bytes":	11970072,
					"bits_per_second":	98842693.892779,
					"retransmits":	0,
					"snd_cwnd":	17520,
					"rtt":	507,
					"omitted":	false
				}],
			"sum":	{
				"start":	1.037992,
				"end":	2.006810,
				"seconds":	0.968818,
				"bytes":	11970072,
				"bits_per_second":	98842693.892779,
				"retransmits":	0,
				"omitted":	false
			}
		}, {
			"streams":	[{
					"socket":	845,
					"start":	2.006810,
					"end":	3.071173,
					"seconds":	1.064363,
					"bytes":	12802240,
					"bits_per_second":	96224614.847354,
					"retransmits":	0,
					"snd_cwnd":	17520,
					"rtt":	538,
					"omitted":	false
				}],
			"sum":	{
				"start":	2.006810,
				"end":	3.071173,
				"seconds":	1.064363,
				"bytes":	12802240,
				"bits_per_second":	96224614.847354,
				"retransmits":	0,
				"omitted":	false
			}
		}, {
			"streams":	[{
					"socket":	845,
					"start":	3.071173,
					"end":	4.037153,
					"seconds":	0.965980,
					"bytes":	12165860,
					"bits_per_second":	100754544.261008,
					"retransmits":	0,
					"snd_cwnd":	17520,
					"rtt":	517,
					"omitted":	false
				}],
			"sum":	{
				"start":	3.071173,
				"end":	4.037153,
				"seconds":	0.965980,
				"bytes":	12165860,
				"bits_per_second":	100754544.261008,
				"retransmits":	0,
				"omitted":	false
			}
		}, {
			"streams":	[{
					"socket":	845,
					"start":	4.037153,
					"end":	5.031330,
					"seconds":	0.994177,
					"bytes":	10392828,
					"bits_per_second":	83629590.488001,
					"retransmits":	0,
					"snd_cwnd":	17520,
					"rtt":	463,
					"omitted":	false
				}],
			"sum":	{
				"start":	4.037153,
				"end":	5.031330,
				"seconds":	0.994177,
				"bytes":	10392828,
				"bits_per_second":	83629590.488001,
				"retransmits":	0,
				"omitted":	false
			}
		}, {
			"streams":	[{
					"socket":	845,
					"start":	5.031330,
					"end":	6.088025,
					"seconds":	1.056695,
					"bytes":	12180460,
					"bits_per_second":	92215522.393159,
					"retransmits":	0,
					"snd_cwnd":	17520,
					"rtt":	515,
					"omitted":	false
				}],
			"sum":	{
				"start":	5.031330,
				"end":	6.088025,
				"seconds":	1.056695,
				"bytes":	12180460,
				"bits_per_second":	92215522.393159,
				"retransmits":	0,
				"omitted":	false
			}
		}, {
			"streams":	[{
					"socket":	845,
					"start":	6.088025,
					"end":	7.041589,
					"seconds":	0.953564,
					"bytes":	12300688,
					"bits_per_second":	103197594.883912,
					"retransmits":	0,
					"snd_cwnd":	17520,
					"rtt":	533,
					"omitted":	false
				}],
			"sum":	{
				"start":	6.088025,
				"end":	7.041589,
				"seconds":	0.953564,
				"bytes":	12300688,
				"bits_per_second":	103197594.883912,
				"retransmits":	0,
				"omitted":	false
			}
		}, {
			"streams":	[{
					"socket":	845,
					"start":	7.041589,
					"end":	8.057775,
					"seconds":	1.016186,
					"bytes":	13107200,
					"bits_per_second":	103187408.714340,
					"retransmits":	0,
					"snd_cwnd":	17520,
					"rtt":	388,
					"omitted":	false
				}],
			"sum":	{
				"start":	7.041589,
				"end":	8.057775,
				"seconds":	1.016186,
				"bytes":	13107200,
				"bits_per_second":	103187408.714340,
				"retransmits":	0,
				"omitted":	false
			}
		}, {
			"streams":	[{
					"socket":	845,
					"start":	8.057775,
					"end":	9.071961,
					"seconds":	1.014186,
					"bytes":	12119828,
					"bits_per_second":	95602417.148909,
					"retransmits":	0,
					"snd_cwnd":	17520,
					"rtt":	411,
					"omitted":	false
				}],
			"sum":	{
				"start":	8.057775,
				"end":	9.071961,
				"seconds":	1.014186,
				"bytes":	12119828,
				"bits_per_second":	95602417.148909,
				"retransmits":	0,
				"omitted":	false
			}
		}, {
			"streams":	[{
					"socket":	845,
					"start":	9.071961,
					"end":	10.046409,
					"seconds":	0.974448,
					"bytes":	13107200,
					"bits_per_second":	107607182.424640,
					"retransmits":	0,
					"snd_cwnd":	17520,
					"rtt":	541,
					"omitted":	false
				}],
			"sum":	{
				"start":	9.071961,
				"end":	10.046409,
				"seconds":	0.974448,
				"bytes":	13107200,
				"bits_per_second":	107607182.424640,
				"retransmits":	0,
				"omitted":	false
			}
		}],
	"end":	{
		"streams":	[{
				"sender":	{
					"socket":	845,
					"start":	0,
					"end":	10.046409,
					"seconds":	10.046409,
					"bytes":	120632136,
					"bits_per_second":	96059905.425453,
					"retransmits":	0,
					"max_snd_cwnd":	17520,
					"max_rtt":	541,
					"min_rtt":	388,
					"mean_rtt":	482
				},
				"receiver":	{
					"socket":	845,
					"start":	0,
					"end":	10.046409,
					"seconds":	10.046409,
					"bytes":	120632136,
					"bits_per_second":	96059905.425453
				}
			}],
		"sum_sent":	{
			"start":	0,
			"end":	10.046409,
			"seconds":	10.046409,
			"bytes":	120632136,
			"bits_per_second":	96059905.425453,
			"retransmits":	0
		},
		"sum_received":	{
			"start":	0,
			"end":	10.046409,
			"seconds":	10.046409,
			"bytes":	120632136,
			"bits_per_second":	96059905.425453
		},
		"cpu_utilization_percent":	{
			"host_total":	151.415630,
			"host_user":	22.665109,
			"host_system":	128.733841,
			"remote_total":	3.191121,
			"remote_user":	1.021224,
			"remote_system":	2.169897
		}
	}
}
