{
	"start":	{
		"connected":	[{
				"socket":	109,
				"local_host":	"10.0.2.15",
				"local_port":	53819,
				"remote_host":	"10.0.0.252",
				"remote_port":	5201
			}],
		"version":	"iperf 3.1.3",
		"system_info":	"Linux localhost 3.18.56+ #1 SMP PREEMPT Fri Oct 13 14:54:31 PDT 2017 i686",
		"timestamp":	{
			"time":	"Thu, 07 Dec 2017 05:25:04 GMT",
			"timesecs":	1512624304
		},
		"connecting_to":	{
			"host":	"10.0.0.252",
			"port":	5201
		},
		"cookie":	"localhost.1512624304.967016.3190538c",
		"tcp_mss_default":	1460,
		"test_start":	{
			"protocol":	"TCP",
			"num_streams":	1,
			"blksize":	131072,
			"omit":	0,
			"duration":	10,
			"bytes":	0,
			"blocks":	0,
			"reverse":	0
		}
	},
	"intervals":	[{
			"streams":	[{
					"socket":	109,
					"start":	0,
					"end":	1.001592,
					"seconds":	1.001592,
					"bytes":	1197200,
					"bits_per_second":	9562377.451933,
					"retransmits":	0,
					"snd_cwnd":	17520,
					"rtt":	497,
					"omitted":	false
				}],
			"sum":	{
				"start":	0,
				"end":	1.001592,
				"seconds":	1.001592,
				"bytes":	1197200,
				"bits_per_second":	9562377.451933,
				"retransmits":	0,
				"omitted":	false
			}
		}, {
			"streams":	[{
					"socket":	109,
					"start":	1.001592,
					"end":	2.013007,
					"seconds":	1.011415,
					"bytes":	1480440,
					"bits_per_second":	11709851.984210,
					"retransmits":	0,
					"snd_cwnd":	17520,
					"rtt":	493,
					"omitted":	false
				}],
			"sum":	{
				"start":	1.001592,
				"end":	2.013007,
				"seconds":	1.011415,
				"bytes":	1480440,
				"bits_per_second":	11709851.984210,
				"retransmits":	0,
				"omitted":	false
			}
		}, {
			"streams":	[{
					"socket":	109,
					"start":	2.013007,
					"end":	3.001561,
					"seconds":	0.988554,
					"bytes":	1201580,
					"bits_per_second":	9723940.211350,
					"retransmits":	0,
					"snd_cwnd":	17520,
					"rtt":	686,
					"omitted":	false
				}],
			"sum":	{
				"start":	2.013007,
				"end":	3.001561,
				"seconds":	0.988554,
				"bytes":	1201580,
				"bits_per_second":	9723940.211350,
				"retransmits":	0,
				"omitted":	false
			}
		}, {
			"streams":	[{
					"socket":	109,
					"start":	3.001561,
					"end":	4.001386,
					"seconds":	0.999825,
					"bytes":	1102300,
					"bits_per_second":	8819943.483381,
					"retransmits":	0,
					"snd_cwnd":	17520,
					"rtt":	484,
					"omitted":	false
				}],
			"sum":	{
				"start":	3.001561,
				"end":	4.001386,
				"seconds":	0.999825,
				"bytes":	1102300,
				"bits_per_second":	8819943.483381,
				"retransmits":	0,
				"omitted":	false
			}
		}, {
			"streams":	[{
					"socket":	109,
					"start":	4.001386,
					"end":	5.001840,
					"seconds":	1.000454,
					"bytes":	1287720,
					"bits_per_second":	10297083.194626,
					"retransmits":	0,
					"snd_cwnd":	17520,
					"rtt":	470,
					"omitted":	false
				}],
			"sum":	{
				"start":	4.001386,
				"end":	5.001840,
				"seconds":	1.000454,
				"bytes":	1287720,
				"bits_per_second":	10297083.194626,
				"retransmits":	0,
				"omitted":	false
			}
		}, {
			"streams":	[{
					"socket":	109,
					"start":	5.001840,
					"end":	6.035871,
					"seconds":	1.034031,
					"bytes":	1468760,
					"bits_per_second":	11363373.993396,
					"retransmits":	0,
					"snd_cwnd":	17520,
					"rtt":	457,
					"omitted":	false
				}],
			"sum":	{
				"start":	5.001840,
				"end":	6.035871,
				"seconds":	1.034031,
				"bytes":	1468760,
				"bits_per_second":	11363373.993396,
				"retransmits":	0,
				"omitted":	false
			}
		}, {
			"streams":	[{
					"socket":	109,
					"start":	6.035871,
					"end":	7.003352,
					"seconds":	0.967481,
					"bytes":	1189900,
					"bits_per_second":	9839160.670385,
					"retransmits":	0,
					"snd_cwnd":	17520,
					"rtt":	598,
					"omitted":	false
				}],
			"sum":	{
				"start":	6.035871,
				"end":	7.003352,
				"seconds":	0.967481,
				"bytes":	1189900,
				"bits_per_second":	9839160.670385,
				"retransmits":	0,
				"omitted":	false
			}
		}, {
			"streams":	[{
					"socket":	109,
					"start":	7.003352,
					"end":	8.003125,
					"seconds":	0.999773,
					"bytes":	1262900,
					"bits_per_second":	10105493.689249,
					"retransmits":	0,
					"snd_cwnd":	17520,
					"rtt":	323,
					"omitted":	false
				}],
			"sum":	{
				"start":	7.003352,
				"end":	8.003125,
				"seconds":	0.999773,
				"bytes":	1262900,
				"bits_per_second":	10105493.689249,
				"retransmits":	0,
				"omitted":	false
			}
		}, {
			"streams":	[{
					"socket":	109,
					"start":	8.003125,
					"end":	9.000867,
					"seconds":	0.997742,
					"bytes":	1205960,
					"bits_per_second":	9669512.055847,
					"retransmits":	0,
					"snd_cwnd":	17520,
					"rtt":	449,
					"omitted":	false
				}],
			"sum":	{
				"start":	8.003125,
				"end":	9.000867,
				"seconds":	0.997742,
				"bytes":	1205960,
				"bits_per_second":	9669512.055847,
				"retransmits":	0,
				"omitted":	false
			}
		}, {
			"streams":	[{
					"socket":	109,
					"start":	9.000867,
					"end":	10.001647,
					"seconds":	1.000780,
					"bytes":	1397220,
					"bits_per_second":	11169049.624852,
					"retransmits":	0,
					"snd_cwnd":	17520,
					"rtt":	462,
					"omitted":	false
				}],
			"sum":	{
				"start":	9.000867,
				"end":	10.001647,
				"seconds":	1.000780,
				"bytes":	1397220,
				"bits_per_second":	11169049.624852,
				"retransmits":	0,
				"omitted":	false
			}
		}],
	"end":	{
		"streams":	[{
				"sender":	{
					"socket":	109,
					"start":	0,
					"end":	10.001647,
					"seconds":	10.001647,
					"bytes":	12793980,
					"bits_per_second":	10233498.547349,
					"retransmits":	0,
					"max_snd_cwnd":	17520,
					"max_rtt":	686,
					"min_rtt":	323,
					"mean_rtt":	491
				},
				"receiver":	{
					"socket":	109,
					"start":	0,
					"end":	10.001647,
					"seconds":	10.001647,
					"bytes":	12450880,
					"bits_per_second":	9959063.746638
				}
			}],
		"sum_sent":	{
			"start":	0,
			"end":	10.001647,
			"seconds":	10.001647,
			"bytes":	12793980,
			"bits_per_second":	10233498.547349,
			"retransmits":	0
		},
		"sum_received":	{
			"start":	0,
			"end":	10.001647,
			"seconds":	10.001647,
			"bytes":	12450880,
			"bits_per_second":	9959063.746638
		},
		"cpu_utilization_percent":	{
			"host_total":	116.165434,
			"host_user":	90.768919,
			"host_system":	25.415297,
			"remote_total":	0.041126,
			"remote_user":	0.017652,
			"remote_system":	0.023474
		}
	}
}
