{
	"start":	{
		"connected":	[{
				"socket":	222,
				"local_host":	"10.0.2.15",
				"local_port":	53660,
				"remote_host":	"192.168.1.4",
				"remote_port":	5201
			}],
		"version":	"iperf 3.1.3",
		"system_info":	"Linux localhost 3.18.48+ #1 SMP PREEMPT Wed Apr 19 00:58:20 UTC 2017 i686",
		"timestamp":	{
			"time":	"Thu, 07 Dec 2017 05:16:20 GMT",
			"timesecs":	1512623780
		},
		"connecting_to":	{
			"host":	"192.168.1.4",
			"port":	5201
		},
		"cookie":	"localhost.1512623780.542679.6b22987d",
		"tcp_mss_default":	1460,
		"test_start":	{
			"protocol":	"TCP",
			"num_streams":	1,
			"blksize":	131072,
			"omit":	0,
			"duration":	10,
			"bytes":	0,
			"blocks":	0,
			"reverse":	0
		}
	},
	"intervals":	[{
			"streams":	[{
					"socket":	222,
					"start":	0,
					"end":	1.012746,
					"seconds":	1.012746,
					"bytes":	14681432,
					"bits_per_second":	115973249.863546,
					"retransmits":	0,
					"snd_cwnd":	17520,
					"rtt":	9995,
					"omitted":	false
				}],
			"sum":	{
				"start":	0,
				"end":	1.012746,
				"seconds":	1.012746,
				"bytes":	14681432,
				"bits_per_second":	115973249.863546,
				"retransmits":	0,
				"omitted":	false
			}
		}, {
			"streams":	[{
					"socket":	222,
					"start":	1.012746,
					"end":	2.001386,
					"seconds":	0.988640,
					"bytes":	15979044,
					"bits_per_second":	129301204.638582,
					"retransmits":	0,
					"snd_cwnd":	17520,
					"rtt":	531,
					"omitted":	false
				}],
			"sum":	{
				"start":	1.012746,
				"end":	2.001386,
				"seconds":	0.988640,
				"bytes":	15979044,
				"bits_per_second":	129301204.638582,
				"retransmits":	0,
				"omitted":	false
			}
		}, {
			"streams":	[{
					"socket":	222,
					"start":	2.001386,
					"end":	3.000741,
					"seconds":	0.999355,
					"bytes":	15468044,
					"bits_per_second":	123824238.529317,
					"retransmits":	0,
					"snd_cwnd":	17520,
					"rtt":	1440,
					"omitted":	false
				}],
			"sum":	{
				"start":	2.001386,
				"end":	3.000741,
				"seconds":	0.999355,
				"bytes":	15468044,
				"bits_per_second":	123824238.529317,
				"retransmits":	0,
				"omitted":	false
			}
		}, {
			"streams":	[{
					"socket":	222,
					"start":	3.000741,
					"end":	4.012948,
					"seconds":	1.012207,
					"bytes":	17748892,
					"bits_per_second":	140278748.928124,
					"retransmits":	0,
					"snd_cwnd":	17520,
					"rtt":	8763,
					"omitted":	false
				}],
			"sum":	{
				"start":	3.000741,
				"end":	4.012948,
				"seconds":	1.012207,
				"bytes":	17748892,
				"bits_per_second":	140278748.928124,
				"retransmits":	0,
				"omitted":	false
			}
		}, {
			"streams":	[{
					"socket":	222,
					"start":	4.012948,
					"end":	5.000338,
					"seconds":	0.987390,
					"bytes":	17968368,
					"bits_per_second":	145582736.284510,
					"retransmits":	0,
					"snd_cwnd":	20440,
					"rtt":	601,
					"omitted":	false
				}],
			"sum":	{
				"start":	4.012948,
				"end":	5.000338,
				"seconds":	0.987390,
				"bytes":	17968368,
				"bits_per_second":	145582736.284510,
				"retransmits":	0,
				"omitted":	false
			}
		}, {
			"streams":	[{
					"socket":	222,
					"start":	5.000338,
					"end":	6.000857,
					"seconds":	1.000519,
					"bytes":	18286500,
					"bits_per_second":	146216108.393676,
					"retransmits":	0,
					"snd_cwnd":	20440,
					"rtt":	582,
					"omitted":	false
				}],
			"sum":	{
				"start":	5.000338,
				"end":	6.000857,
				"seconds":	1.000519,
				"bytes":	18286500,
				"bits_per_second":	146216108.393676,
				"retransmits":	0,
				"omitted":	false
			}
		}, {
			"streams":	[{
					"socket":	222,
					"start":	6.000857,
					"end":	7.000405,
					"seconds":	0.999548,
					"bytes":	17166680,
					"bits_per_second":	137395548.507149,
					"retransmits":	0,
					"snd_cwnd":	20440,
					"rtt":	335,
					"omitted":	false
				}],
			"sum":	{
				"start":	6.000857,
				"end":	7.000405,
				"seconds":	0.999548,
				"bytes":	17166680,
				"bits_per_second":	137395548.507149,
				"retransmits":	0,
				"omitted":	false
			}
		}, {
			"streams":	[{
					"socket":	222,
					"start":	7.000405,
					"end":	8.005214,
					"seconds":	1.004809,
					"bytes":	16953520,
					"bits_per_second":	134979058.834066,
					"retransmits":	0,
					"snd_cwnd":	20440,
					"rtt":	269,
					"omitted":	false
				}],
			"sum":	{
				"start":	7.000405,
				"end":	8.005214,
				"seconds":	1.004809,
				"bytes":	16953520,
				"bits_per_second":	134979058.834066,
				"retransmits":	0,
				"omitted":	false
			}
		}, {
			"streams":	[{
					"socket":	222,
					"start":	8.005214,
					"end":	9.020242,
					"seconds":	1.015028,
					"bytes":	21476600,
					"bits_per_second":	169269025.111290,
					"retransmits":	0,
					"snd_cwnd":	20440,
					"rtt":	4991,
					"omitted":	false
				}],
			"sum":	{
				"start":	8.005214,
				"end":	9.020242,
				"seconds":	1.015028,
				"bytes":	21476600,
				"bits_per_second":	169269025.111290,
				"retransmits":	0,
				"omitted":	false
			}
		}, {
			"streams":	[{
					"socket":	222,
					"start":	9.020242,
					"end":	10.001483,
					"seconds":	0.981241,
					"bytes":	18351544,
					"bits_per_second":	149619021.378777,
					"retransmits":	0,
					"snd_cwnd":	20440,
					"rtt":	1101,
					"omitted":	false
				}],
			"sum":	{
				"start":	9.020242,
				"end":	10.001483,
				"seconds":	0.981241,
				"bytes":	18351544,
				"bits_per_second":	149619021.378777,
				"retransmits":	0,
				"omitted":	false
			}
		}],
	"end":	{
		"streams":	[{
				"sender":	{
					"socket":	222,
					"start":	0,
					"end":	10.001483,
					"seconds":	10.001483,
					"bytes":	174080624,
					"bits_per_second":	139243846.525105,
					"retransmits":	0,
					"max_snd_cwnd":	20440,
					"max_rtt":	9995,
					"min_rtt":	269,
					"mean_rtt":	2860
				},
				"receiver":	{
					"socket":	222,
					"start":	0,
					"end":	10.001483,
					"seconds":	10.001483,
					"bytes":	173746284,
					"bits_per_second":	138976414.190722
				}
			}],
		"sum_sent":	{
			"start":	0,
			"end":	10.001483,
			"seconds":	10.001483,
			"bytes":	174080624,
			"bits_per_second":	139243846.525105,
			"retransmits":	0
		},
		"sum_received":	{
			"start":	0,
			"end":	10.001483,
			"seconds":	10.001483,
			"bytes":	173746284,
			"bits_per_second":	138976414.190722
		},
		"cpu_utilization_percent":	{
			"host_total":	159.848288,
			"host_user":	98.682538,
			"host_system":	61.203110,
			"remote_total":	0.849030,
			"remote_user":	0.089329,
			"remote_system":	0.759701
		}
	}
}
