{
	"end": {
		"sum_sent": {
			"start": 0,
			"end": 10.018724666666666,
			"seconds": 10.018724666666666,
			"bytes": 89303114.66666667,
			"bits_per_second": 71276020.49742134,
			"retransmits": 0
		},
		"sum_received": {
			"start": 0,
			"end": 10.018724666666666,
			"seconds": 10.018724666666666,
			"bytes": 89041936.88888888,
			"bits_per_second": 71067245.62273
		},
		"cpu_utilization_percent": {
			"host_total": 140.1304937777778,
			"host_user": 50.86220877777779,
			"host_system": 89.15655133333335,
			"host_user_normalized": 38.17682036243615,
			"host_system_normalized": 61.741649805615246,
			"remote_total": 1.5855106666666667,
			"remote_user": 0.601904888888889,
			"remote_system": 0.9836074444444445,
			"remote_user_normalized": 30.089335057747018,
			"remote_system_normalized": 69.91090120179923
		}
	}
}
