{
	"end": {
		"sum_sent": {
			"start": 0,
			"end": 10.021171666666666,
			"seconds": 10.021171666666666,
			"bytes": 114266602.66666667,
			"bits_per_second": 91215272.687452,
			"retransmits": 0
		},
		"sum_received": {
			"start": 0,
			"end": 10.021171666666666,
			"seconds": 10.021171666666666,
			"bytes": 114155642.66666667,
			"bits_per_second": 91126535.19536535
		},
		"cpu_utilization_percent": {
			"host_total": 144.46079766666665,
			"host_user": 23.92546866666667,
			"host_system": 120.51403633333332,
			"host_user_normalized": 16.6229140206868,
			"host_system_normalized": 83.36266812372325,
			"remote_total": 2.825719,
			"remote_user": 0.9898579999999999,
			"remote_system": 1.8358603333333334,
			"remote_user_normalized": 34.84773943413688,
			"remote_system_normalized": 65.15223467145353
		}
	}
}
