{
	"end": {
		"sum_sent": {
			"start": 0,
			"end": 10.000894,
			"seconds": 10.000894,
			"bytes": 12048406.666666666,
			"bits_per_second": 9637878.751291666,
			"retransmits": 0
		},
		"sum_received": {
			"start": 0,
			"end": 10.000894,
			"seconds": 10.000894,
			"bytes": 11685353.333333334,
			"bits_per_second": 9347461.141167665
		},
		"cpu_utilization_percent": {
			"host_total": 121.09564666666667,
			"host_user": 87.881079,
			"host_system": 33.21257133333333,
			"host_user_normalized": 72.56064369022769,
			"host_system_normalized": 27.437746003774972,
			"remote_total": 0.17248433333333332,
			"remote_user": 0.07379899999999999,
			"remote_system": 0.09868566666666667,
			"remote_user_normalized": 41.84654111089794,
			"remote_system_normalized": 58.153658765178896
		}
	}
}
