{
	"end": {
		"sum_sent": {
			"start": 0,
			"end": 10.001753,
			"seconds": 10.001753,
			"bytes": 237834902.66666666,
			"bits_per_second": 190237607.89375338,
			"retransmits": 0
		},
		"sum_received": {
			"start": 0,
			"end": 10.001753,
			"seconds": 10.001753,
			"bytes": 237527329.33333334,
			"bits_per_second": 189991591.14521635
		},
		"cpu_utilization_percent": {
			"host_total": 175.62167466666668,
			"host_user": 95.895525,
			"host_system": 79.70511566666666,
			"host_user_normalized": 54.70294762675232,
			"host_system_normalized": 45.28506511918844,
			"remote_total": 0.44778399999999996,
			"remote_user": 0.045686333333333336,
			"remote_system": 0.4020983333333333,
			"remote_user_normalized": 10.263867299746758,
			"remote_system_normalized": 89.7362422316341
		}
	}
}
