{
	"start":	{
		"connected":	[{
				"socket":	952,
				"local_host":	"10.0.2.15",
				"local_port":	59020,
				"remote_host":	"192.168.1.4",
				"remote_port":	5201
			}],
		"version":	"iperf 3.1.3",
		"system_info":	"Linux localhost 3.18.48+ #1 SMP PREEMPT Wed Apr 19 00:58:20 UTC 2017 i686",
		"timestamp":	{
			"time":	"Thu, 07 Dec 2017 04:48:19 GMT",
			"timesecs":	1512622099
		},
		"connecting_to":	{
			"host":	"192.168.1.4",
			"port":	5201
		},
		"cookie":	"localhost.1512622099.951267.7dbcf9da",
		"tcp_mss_default":	1460,
		"test_start":	{
			"protocol":	"TCP",
			"num_streams":	1,
			"blksize":	131072,
			"omit":	0,
			"duration":	10,
			"bytes":	0,
			"blocks":	0,
			"reverse":	0
		}
	},
	"intervals":	[{
			"streams":	[{
					"socket":	952,
					"start":	0,
					"end":	1.001923,
					"seconds":	1.001923,
					"bytes":	32525880,
					"bits_per_second":	259707600.401716,
					"retransmits":	0,
					"snd_cwnd":	17520,
					"rtt":	253,
					"omitted":	false
				}],
			"sum":	{
				"start":	0,
				"end":	1.001923,
				"seconds":	1.001923,
				"bytes":	32525880,
				"bits_per_second":	259707600.401716,
				"retransmits":	0,
				"omitted":	false
			}
		}, {
			"streams":	[{
					"socket":	952,
					"start":	1.001923,
					"end":	2.019746,
					"seconds":	1.017823,
					"bytes":	37993580,
					"bits_per_second":	298626230.405005,
					"retransmits":	0,
					"snd_cwnd":	17520,
					"rtt":	130,
					"omitted":	false
				}],
			"sum":	{
				"start":	1.001923,
				"end":	2.019746,
				"seconds":	1.017823,
				"bytes":	37993580,
				"bits_per_second":	298626230.405005,
				"retransmits":	0,
				"omitted":	false
			}
		}, {
			"streams":	[{
					"socket":	952,
					"start":	2.019746,
					"end":	3.000703,
					"seconds":	0.980957,
					"bytes":	34817752,
					"bits_per_second":	283949321.759646,
					"retransmits":	0,
					"snd_cwnd":	17520,
					"rtt":	358,
					"omitted":	false
				}],
			"sum":	{
				"start":	2.019746,
				"end":	3.000703,
				"seconds":	0.980957,
				"bytes":	34817752,
				"bits_per_second":	283949321.759646,
				"retransmits":	0,
				"omitted":	false
			}
		}, {
			"streams":	[{
					"socket":	952,
					"start":	3.000703,
					"end":	4.007264,
					"seconds":	1.006561,
					"bytes":	38738180,
					"bits_per_second":	307885391.361447,
					"retransmits":	0,
					"snd_cwnd":	17520,
					"rtt":	5098,
					"omitted":	false
				}],
			"sum":	{
				"start":	3.000703,
				"end":	4.007264,
				"seconds":	1.006561,
				"bytes":	38738180,
				"bits_per_second":	307885391.361447,
				"retransmits":	0,
				"omitted":	false
			}
		}, {
			"streams":	[{
					"socket":	952,
					"start":	4.007264,
					"end":	5.000636,
					"seconds":	0.993372,
					"bytes":	37111412,
					"bits_per_second":	298872232.062656,
					"retransmits":	0,
					"snd_cwnd":	17520,
					"rtt":	350,
					"omitted":	false
				}],
			"sum":	{
				"start":	4.007264,
				"end":	5.000636,
				"seconds":	0.993372,
				"bytes":	37111412,
				"bits_per_second":	298872232.062656,
				"retransmits":	0,
				"omitted":	false
			}
		}, {
			"streams":	[{
					"socket":	952,
					"start":	5.000636,
					"end":	6.003815,
					"seconds":	1.003179,
					"bytes":	36292680,
					"bits_per_second":	289421348.309375,
					"retransmits":	0,
					"snd_cwnd":	17520,
					"rtt":	357,
					"omitted":	false
				}],
			"sum":	{
				"start":	5.000636,
				"end":	6.003815,
				"seconds":	1.003179,
				"bytes":	36292680,
				"bits_per_second":	289421348.309375,
				"retransmits":	0,
				"omitted":	false
			}
		}, {
			"streams":	[{
					"socket":	952,
					"start":	6.003815,
					"end":	7.008193,
					"seconds":	1.004378,
					"bytes":	35974400,
					"bits_per_second":	286540701.778897,
					"retransmits":	0,
					"snd_cwnd":	17520,
					"rtt":	4979,
					"omitted":	false
				}],
			"sum":	{
				"start":	6.003815,
				"end":	7.008193,
				"seconds":	1.004378,
				"bytes":	35974400,
				"bits_per_second":	286540701.778897,
				"retransmits":	0,
				"omitted":	false
			}
		}, {
			"streams":	[{
					"socket":	952,
					"start":	7.008193,
					"end":	8.017711,
					"seconds":	1.009518,
					"bytes":	40755900,
					"bits_per_second":	322973171.040462,
					"retransmits":	0,
					"snd_cwnd":	17520,
					"rtt":	191,
					"omitted":	false
				}],
			"sum":	{
				"start":	7.008193,
				"end":	8.017711,
				"seconds":	1.009518,
				"bytes":	40755900,
				"bits_per_second":	322973171.040462,
				"retransmits":	0,
				"omitted":	false
			}
		}, {
			"streams":	[{
					"socket":	952,
					"start":	8.017711,
					"end":	9.000583,
					"seconds":	0.982872,
					"bytes":	34193676,
					"bits_per_second":	278316408.869072,
					"retransmits":	0,
					"snd_cwnd":	17520,
					"rtt":	115,
					"omitted":	false
				}],
			"sum":	{
				"start":	8.017711,
				"end":	9.000583,
				"seconds":	0.982872,
				"bytes":	34193676,
				"bits_per_second":	278316408.869072,
				"retransmits":	0,
				"omitted":	false
			}
		}, {
			"streams":	[{
					"socket":	952,
					"start":	9.000583,
					"end":	10.001189,
					"seconds":	1.000606,
					"bytes":	33858860,
					"bits_per_second":	270706815.419846,
					"retransmits":	0,
					"snd_cwnd":	17520,
					"rtt":	231,
					"omitted":	false
				}],
			"sum":	{
				"start":	9.000583,
				"end":	10.001189,
				"seconds":	1.000606,
				"bytes":	33858860,
				"bits_per_second":	270706815.419846,
				"retransmits":	0,
				"omitted":	false
			}
		}],
	"end":	{
		"streams":	[{
				"sender":	{
					"socket":	952,
					"start":	0,
					"end":	10.001189,
					"seconds":	10.001189,
					"bytes":	362262320,
					"bits_per_second":	289775401.894402,
					"retransmits":	0,
					"max_snd_cwnd":	17520,
					"max_rtt":	5098,
					"min_rtt":	115,
					"mean_rtt":	1206
				},
				"receiver":	{
					"socket":	952,
					"start":	0,
					"end":	10.001189,
					"seconds":	10.001189,
					"bytes":	361944040,
					"bits_per_second":	289520808.165430
				}
			}],
		"sum_sent":	{
			"start":	0,
			"end":	10.001189,
			"seconds":	10.001189,
			"bytes":	362262320,
			"bits_per_second":	289775401.894402,
			"retransmits":	0
		},
		"sum_received":	{
			"start":	0,
			"end":	10.001189,
			"seconds":	10.001189,
			"bytes":	361944040,
			"bits_per_second":	289520808.165430
		},
		"cpu_utilization_percent":	{
			"host_total":	173.994591,
			"host_user":	69.275644,
			"host_system":	104.760722,
			"remote_total":	1.551354,
			"remote_user":	0.154214,
			"remote_system":	1.397141
		}
	}
}
