{
	"end": {
		"sum_sent": {
			"start": 0,
			"end": 10.001737666666665,
			"seconds": 10.001737666666665,
			"bytes": 141502713.33333334,
			"bits_per_second": 113182125.76233767,
			"retransmits": 0
		},
		"sum_received": {
			"start": 0,
			"end": 10.001737666666665,
			"seconds": 10.001737666666665,
			"bytes": 141170806.66666666,
			"bits_per_second": 112916646.64319901
		},
		"cpu_utilization_percent": {
			"host_total": 172.21342233333334,
			"host_user": 66.48654833333335,
			"host_system": 105.75239900000001,
			"host_user_normalized": 38.61880246126605,
			"host_system_normalized": 61.39622984368565,
			"remote_total": 0.5200023333333333,
			"remote_user": 0.04960233333333333,
			"remote_system": 0.47040533333333334,
			"remote_user_normalized": 9.57858043907009,
			"remote_system_normalized": 90.42219976837491
		}
	}
}
