{
	"start":	{
		"connected":	[{
				"socket":	758,
				"local_host":	"10.0.2.15",
				"local_port":	50044,
				"remote_host":	"128.61.92.187",
				"remote_port":	5201
			}],
		"version":	"iperf 3.1.3",
		"system_info":	"Linux localhost 3.18.56+ #1 SMP PREEMPT Fri Oct 13 14:54:31 PDT 2017 i686",
		"timestamp":	{
			"time":	"Thu, 07 Dec 2017 07:00:30 GMT",
			"timesecs":	1512630030
		},
		"connecting_to":	{
			"host":	"128.61.92.187",
			"port":	5201
		},
		"cookie":	"localhost.1512630030.240062.5204f74f",
		"tcp_mss_default":	1460,
		"test_start":	{
			"protocol":	"TCP",
			"num_streams":	1,
			"blksize":	131072,
			"omit":	0,
			"duration":	10,
			"bytes":	0,
			"blocks":	0,
			"reverse":	0
		}
	},
	"intervals":	[{
			"streams":	[{
					"socket":	758,
					"start":	0,
					"end":	1.007584,
					"seconds":	1.007584,
					"bytes":	12207016,
					"bits_per_second":	96921092.335892,
					"retransmits":	0,
					"snd_cwnd":	17520,
					"rtt":	484,
					"omitted":	false
				}],
			"sum":	{
				"start":	0,
				"end":	1.007584,
				"seconds":	1.007584,
				"bytes":	12207016,
				"bits_per_second":	96921092.335892,
				"retransmits":	0,
				"omitted":	false
			}
		}, {
			"streams":	[{
					"socket":	758,
					"start":	1.007584,
					"end":	2.020610,
					"seconds":	1.013026,
					"bytes":	13040548,
					"bits_per_second":	102982928.469610,
					"retransmits":	0,
					"snd_cwnd":	17520,
					"rtt":	719,
					"omitted":	false
				}],
			"sum":	{
				"start":	1.007584,
				"end":	2.020610,
				"seconds":	1.013026,
				"bytes":	13040548,
				"bits_per_second":	102982928.469610,
				"retransmits":	0,
				"omitted":	false
			}
		}, {
			"streams":	[{
					"socket":	758,
					"start":	2.020610,
					"end":	3.091913,
					"seconds":	1.071303,
					"bytes":	12607944,
					"bits_per_second":	94150338.266706,
					"retransmits":	0,
					"snd_cwnd":	17520,
					"rtt":	423,
					"omitted":	false
				}],
			"sum":	{
				"start":	2.020610,
				"end":	3.091913,
				"seconds":	1.071303,
				"bytes":	12607944,
				"bits_per_second":	94150338.266706,
				"retransmits":	0,
				"omitted":	false
			}
		}, {
			"streams":	[{
					"socket":	758,
					"start":	3.091913,
					"end":	4.006812,
					"seconds":	0.914899,
					"bytes":	11050632,
					"bits_per_second":	96628227.085318,
					"retransmits":	0,
					"snd_cwnd":	17520,
					"rtt":	431,
					"omitted":	false
				}],
			"sum":	{
				"start":	3.091913,
				"end":	4.006812,
				"seconds":	0.914899,
				"bytes":	11050632,
				"bits_per_second":	96628227.085318,
				"retransmits":	0,
				"omitted":	false
			}
		}, {
			"streams":	[{
					"socket":	758,
					"start":	4.006812,
					"end":	5.000597,
					"seconds":	0.993785,
					"bytes":	11464976,
					"bits_per_second":	92293398.281727,
					"retransmits":	0,
					"snd_cwnd":	17520,
					"rtt":	1502,
					"omitted":	false
				}],
			"sum":	{
				"start":	4.006812,
				"end":	5.000597,
				"seconds":	0.993785,
				"bytes":	11464976,
				"bits_per_second":	92293398.281727,
				"retransmits":	0,
				"omitted":	false
			}
		}, {
			"streams":	[{
					"socket":	758,
					"start":	5.000597,
					"end":	6.035395,
					"seconds":	1.034798,
					"bytes":	11885900,
					"bits_per_second":	91889633.104399,
					"retransmits":	0,
					"snd_cwnd":	17520,
					"rtt":	448,
					"omitted":	false
				}],
			"sum":	{
				"start":	5.000597,
				"end":	6.035395,
				"seconds":	1.034798,
				"bytes":	11885900,
				"bits_per_second":	91889633.104399,
				"retransmits":	0,
				"omitted":	false
			}
		}, {
			"streams":	[{
					"socket":	758,
					"start":	6.035395,
					"end":	7.000547,
					"seconds":	0.965152,
					"bytes":	11391532,
					"bits_per_second":	94422695.718806,
					"retransmits":	0,
					"snd_cwnd":	17520,
					"rtt":	682,
					"omitted":	false
				}],
			"sum":	{
				"start":	6.035395,
				"end":	7.000547,
				"seconds":	0.965152,
				"bytes":	11391532,
				"bits_per_second":	94422695.718806,
				"retransmits":	0,
				"omitted":	false
			}
		}, {
			"streams":	[{
					"socket":	758,
					"start":	7.000547,
					"end":	8.078549,
					"seconds":	1.078002,
					"bytes":	12967316,
					"bits_per_second":	96232224.344950,
					"retransmits":	0,
					"snd_cwnd":	17520,
					"rtt":	714,
					"omitted":	false
				}],
			"sum":	{
				"start":	7.000547,
				"end":	8.078549,
				"seconds":	1.078002,
				"bytes":	12967316,
				"bits_per_second":	96232224.344950,
				"retransmits":	0,
				"omitted":	false
			}
		}, {
			"streams":	[{
					"socket":	758,
					"start":	8.078549,
					"end":	9.064186,
					"seconds":	0.985637,
					"bytes":	13107200,
					"bits_per_second":	106385622.057923,
					"retransmits":	0,
					"snd_cwnd":	17520,
					"rtt":	536,
					"omitted":	false
				}],
			"sum":	{
				"start":	8.078549,
				"end":	9.064186,
				"seconds":	0.985637,
				"bytes":	13107200,
				"bits_per_second":	106385622.057923,
				"retransmits":	0,
				"omitted":	false
			}
		}, {
			"streams":	[{
					"socket":	758,
					"start":	9.064186,
					"end":	10.062692,
					"seconds":	0.998506,
					"bytes":	13200820,
					"bits_per_second":	105764564.942878,
					"retransmits":	0,
					"snd_cwnd":	17520,
					"rtt":	462,
					"omitted":	false
				}],
			"sum":	{
				"start":	9.064186,
				"end":	10.062692,
				"seconds":	0.998506,
				"bytes":	13200820,
				"bits_per_second":	105764564.942878,
				"retransmits":	0,
				"omitted":	false
			}
		}],
	"end":	{
		"streams":	[{
				"sender":	{
					"socket":	758,
					"start":	0,
					"end":	10.062692,
					"seconds":	10.062692,
					"bytes":	122923884,
					"bits_per_second":	97726441.307983,
					"retransmits":	0,
					"max_snd_cwnd":	17520,
					"max_rtt":	1502,
					"min_rtt":	423,
					"mean_rtt":	640
				},
				"receiver":	{
					"socket":	758,
					"start":	0,
					"end":	10.062692,
					"seconds":	10.062692,
					"bytes":	122923884,
					"bits_per_second":	97726441.307983
				}
			}],
		"sum_sent":	{
			"start":	0,
			"end":	10.062692,
			"seconds":	10.062692,
			"bytes":	122923884,
			"bits_per_second":	97726441.307983,
			"retransmits":	0
		},
		"sum_received":	{
			"start":	0,
			"end":	10.062692,
			"seconds":	10.062692,
			"bytes":	122923884,
			"bits_per_second":	97726441.307983
		},
		"cpu_utilization_percent":	{
			"host_total":	158.808321,
			"host_user":	60.248061,
			"host_system":	98.596745,
			"remote_total":	4.191392,
			"remote_user":	1.631920,
			"remote_system":	2.559472
		}
	}
}
