{
	"end": {
		"sum_sent": {
			"start": 0,
			"end": 10.015521666666666,
			"seconds": 10.015521666666666,
			"bytes": 130711022.66666667,
			"bits_per_second": 104409822.38818268,
			"retransmits": 0
		},
		"sum_received": {
			"start": 0,
			"end": 10.015521666666666,
			"seconds": 10.015521666666666,
			"bytes": 130496889.33333333,
			"bits_per_second": 104238583.09517367
		},
		"cpu_utilization_percent": {
			"host_total": 124.86616366666665,
			"host_user": 53.159848333333336,
			"host_system": 71.70997433333334,
			"host_user_normalized": 42.59189163067555,
			"host_system_normalized": 57.410214619008364,
			"remote_total": 3.717014666666666,
			"remote_user": 1.4171273333333332,
			"remote_system": 2.299887,
			"remote_user_normalized": 37.739198980310356,
			"remote_system_normalized": 62.26079164102433
		}
	}
}
