{
	"end": {
		"sum_sent": {
			"start": 0,
			"end": 10.013773666666667,
			"seconds": 10.013773666666667,
			"bytes": 217282373.33333334,
			"bits_per_second": 173583209.42261997,
			"retransmits": 0
		},
		"sum_received": {
			"start": 0,
			"end": 10.013773666666667,
			"seconds": 10.013773666666667,
			"bytes": 216948033.33333334,
			"bits_per_second": 173316105.08305702
		},
		"cpu_utilization_percent": {
			"host_total": 167.00147,
			"host_user": 105.24505933333332,
			"host_system": 61.738201000000004,
			"host_user_normalized": 63.03488547257502,
			"host_system_normalized": 36.95411632447315,
			"remote_total": 0.7756556666666666,
			"remote_user": 0.07934266666666666,
			"remote_system": 0.6963136666666667,
			"remote_user_normalized": 10.223511185875289,
			"remote_system_normalized": 89.77658864230558
		}
	}
}
