{
	"start":	{
		"connected":	[{
				"socket":	61,
				"local_host":	"10.0.2.15",
				"local_port":	54199,
				"remote_host":	"10.0.0.252",
				"remote_port":	5201
			}],
		"version":	"iperf 3.1.3",
		"system_info":	"Linux localhost 3.18.56+ #1 SMP PREEMPT Fri Oct 13 14:54:31 PDT 2017 i686",
		"timestamp":	{
			"time":	"Thu, 07 Dec 2017 08:09:59 GMT",
			"timesecs":	1512634199
		},
		"connecting_to":	{
			"host":	"10.0.0.252",
			"port":	5201
		},
		"cookie":	"localhost.1512634199.779074.19a3ffe3",
		"tcp_mss_default":	1460,
		"test_start":	{
			"protocol":	"TCP",
			"num_streams":	1,
			"blksize":	131072,
			"omit":	0,
			"duration":	10,
			"bytes":	0,
			"blocks":	0,
			"reverse":	0
		}
	},
	"intervals":	[{
			"streams":	[{
					"socket":	61,
					"start":	0,
					"end":	1.000267,
					"seconds":	1.000267,
					"bytes":	1635200,
					"bits_per_second":	13078107.768464,
					"retransmits":	0,
					"snd_cwnd":	17520,
					"rtt":	471,
					"omitted":	false
				}],
			"sum":	{
				"start":	0,
				"end":	1.000267,
				"seconds":	1.000267,
				"bytes":	1635200,
				"bits_per_second":	13078107.768464,
				"retransmits":	0,
				"omitted":	false
			}
		}, {
			"streams":	[{
					"socket":	61,
					"start":	1.000267,
					"end":	2.002633,
					"seconds":	1.002366,
					"bytes":	1309620,
					"bits_per_second":	10452229.335764,
					"retransmits":	0,
					"snd_cwnd":	17520,
					"rtt":	447,
					"omitted":	false
				}],
			"sum":	{
				"start":	1.000267,
				"end":	2.002633,
				"seconds":	1.002366,
				"bytes":	1309620,
				"bits_per_second":	10452229.335764,
				"retransmits":	0,
				"omitted":	false
			}
		}, {
			"streams":	[{
					"socket":	61,
					"start":	2.002633,
					"end":	3.001332,
					"seconds":	0.998699,
					"bytes":	1356340,
					"bits_per_second":	10864855.722560,
					"retransmits":	0,
					"snd_cwnd":	17520,
					"rtt":	472,
					"omitted":	false
				}],
			"sum":	{
				"start":	2.002633,
				"end":	3.001332,
				"seconds":	0.998699,
				"bytes":	1356340,
				"bits_per_second":	10864855.722560,
				"retransmits":	0,
				"omitted":	false
			}
		}, {
			"streams":	[{
					"socket":	61,
					"start":	3.001332,
					"end":	4.001333,
					"seconds":	1.000001,
					"bytes":	1286260,
					"bits_per_second":	10290070.186624,
					"retransmits":	0,
					"snd_cwnd":	17520,
					"rtt":	452,
					"omitted":	false
				}],
			"sum":	{
				"start":	3.001332,
				"end":	4.001333,
				"seconds":	1.000001,
				"bytes":	1286260,
				"bits_per_second":	10290070.186624,
				"retransmits":	0,
				"omitted":	false
			}
		}, {
			"streams":	[{
					"socket":	61,
					"start":	4.001333,
					"end":	5.014679,
					"seconds":	1.013346,
					"bytes":	2362280,
					"bits_per_second":	18649346.625543,
					"retransmits":	0,
					"snd_cwnd":	17520,
					"rtt":	422,
					"omitted":	false
				}],
			"sum":	{
				"start":	4.001333,
				"end":	5.014679,
				"seconds":	1.013346,
				"bytes":	2362280,
				"bits_per_second":	18649346.625543,
				"retransmits":	0,
				"omitted":	false
			}
		}, {
			"streams":	[{
					"socket":	61,
					"start":	5.014679,
					"end":	6.001287,
					"seconds":	0.986608,
					"bytes":	1214720,
					"bits_per_second":	9849666.453295,
					"retransmits":	0,
					"snd_cwnd":	17520,
					"rtt":	636,
					"omitted":	false
				}],
			"sum":	{
				"start":	5.014679,
				"end":	6.001287,
				"seconds":	0.986608,
				"bytes":	1214720,
				"bits_per_second":	9849666.453295,
				"retransmits":	0,
				"omitted":	false
			}
		}, {
			"streams":	[{
					"socket":	61,
					"start":	6.001287,
					"end":	7.000462,
					"seconds":	0.999175,
					"bytes":	1819160,
					"bits_per_second":	14565295.324073,
					"retransmits":	0,
					"snd_cwnd":	17520,
					"rtt":	332,
					"omitted":	false
				}],
			"sum":	{
				"start":	6.001287,
				"end":	7.000462,
				"seconds":	0.999175,
				"bytes":	1819160,
				"bits_per_second":	14565295.324073,
				"retransmits":	0,
				"omitted":	false
			}
		}, {
			"streams":	[{
					"socket":	61,
					"start":	7.000462,
					"end":	8.001443,
					"seconds":	1.000981,
					"bytes":	1197200,
					"bits_per_second":	9568212.698733,
					"retransmits":	0,
					"snd_cwnd":	17520,
					"rtt":	521,
					"omitted":	false
				}],
			"sum":	{
				"start":	7.000462,
				"end":	8.001443,
				"seconds":	1.000981,
				"bytes":	1197200,
				"bits_per_second":	9568212.698733,
				"retransmits":	0,
				"omitted":	false
			}
		}, {
			"streams":	[{
					"socket":	61,
					"start":	8.001443,
					"end":	9.000886,
					"seconds":	0.999443,
					"bytes":	1603080,
					"bits_per_second":	12831789.670711,
					"retransmits":	0,
					"snd_cwnd":	17520,
					"rtt":	459,
					"omitted":	false
				}],
			"sum":	{
				"start":	8.001443,
				"end":	9.000886,
				"seconds":	0.999443,
				"bytes":	1603080,
				"bits_per_second":	12831789.670711,
				"retransmits":	0,
				"omitted":	false
			}
		}, {
			"streams":	[{
					"socket":	61,
					"start":	9.000886,
					"end":	10.001061,
					"seconds":	1.000175,
					"bytes":	1544680,
					"bits_per_second":	12355277.835805,
					"retransmits":	0,
					"snd_cwnd":	17520,
					"rtt":	415,
					"omitted":	false
				}],
			"sum":	{
				"start":	9.000886,
				"end":	10.001061,
				"seconds":	1.000175,
				"bytes":	1544680,
				"bits_per_second":	12355277.835805,
				"retransmits":	0,
				"omitted":	false
			}
		}],
	"end":	{
		"streams":	[{
				"sender":	{
					"socket":	61,
					"start":	0,
					"end":	10.001061,
					"seconds":	10.001061,
					"bytes":	15328540,
					"bits_per_second":	12261531.097314,
					"retransmits":	0,
					"max_snd_cwnd":	17520,
					"max_rtt":	636,
					"min_rtt":	332,
					"mean_rtt":	462
				},
				"receiver":	{
					"socket":	61,
					"start":	0,
					"end":	10.001061,
					"seconds":	10.001061,
					"bytes":	14985440,
					"bits_per_second":	11987080.215529
				}
			}],
		"sum_sent":	{
			"start":	0,
			"end":	10.001061,
			"seconds":	10.001061,
			"bytes":	15328540,
			"bits_per_second":	12261531.097314,
			"retransmits":	0
		},
		"sum_received":	{
			"start":	0,
			"end":	10.001061,
			"seconds":	10.001061,
			"bytes":	14985440,
			"bits_per_second":	11987080.215529
		},
		"cpu_utilization_percent":	{
			"host_total":	108.933091,
			"host_user":	78.582792,
			"host_system":	30.330200,
			"remote_total":	0.224231,
			"remote_user":	0.124043,
			"remote_system":	0.100188
		}
	}
}
