{
	"end": {
		"sum_sent": {
			"start": 0,
			"end": 10.001546,
			"seconds": 10.001546,
			"bytes": 13160440,
			"bits_per_second": 10526720.972492667,
			"retransmits": 0
		},
		"sum_received": {
			"start": 0,
			"end": 10.001546,
			"seconds": 10.001546,
			"bytes": 12793006.666666666,
			"bits_per_second": 10232818.994721001
		},
		"cpu_utilization_percent": {
			"host_total": 112.68050466666666,
			"host_user": 88.46440533333333,
			"host_system": 24.24738533333333,
			"host_user_normalized": 78.49714782834971,
			"host_system_normalized": 21.530611003746824,
			"remote_total": 0.202292,
			"remote_user": 0.08780500000000001,
			"remote_system": 0.11448733333333334,
			"remote_user_normalized": 49.319989354848495,
			"remote_system_normalized": 50.68040081192263
		}
	}
}
