{
	"start":	{
		"connected":	[{
<<<<<<< HEAD
				"socket":	472,
				"local_host":	"10.0.2.15",
				"local_port":	40580,
=======
				"socket":	718,
				"local_host":	"10.0.2.15",
				"local_port":	40508,
>>>>>>> 067a8e7... add compression data
				"remote_host":	"128.61.8.181",
				"remote_port":	5201
			}],
		"version":	"iperf 3.1.3",
		"system_info":	"Linux localhost 3.18.48+ #1 SMP PREEMPT Wed Apr 19 00:58:20 UTC 2017 i686",
		"timestamp":	{
<<<<<<< HEAD
			"time":	"Sat, 09 Dec 2017 00:26:15 GMT",
			"timesecs":	1512779175
=======
			"time":	"Fri, 08 Dec 2017 22:28:13 GMT",
			"timesecs":	1512772093
>>>>>>> 067a8e7... add compression data
		},
		"connecting_to":	{
			"host":	"128.61.8.181",
			"port":	5201
		},
<<<<<<< HEAD
		"cookie":	"localhost.1512779175.071354.438855c7",
=======
		"cookie":	"localhost.1512772093.164080.605b4922",
>>>>>>> 067a8e7... add compression data
		"tcp_mss_default":	1460,
		"test_start":	{
			"protocol":	"TCP",
			"num_streams":	1,
			"blksize":	131072,
			"omit":	0,
			"duration":	10,
			"bytes":	0,
			"blocks":	0,
			"reverse":	0
		}
	},
	"intervals":	[{
			"streams":	[{
<<<<<<< HEAD
					"socket":	472,
					"start":	0,
					"end":	1.000888,
					"seconds":	1.000888,
					"bytes":	6216680,
					"bits_per_second":	49689322.302224,
					"retransmits":	0,
					"snd_cwnd":	17520,
					"rtt":	815,
=======
					"socket":	718,
					"start":	0,
					"end":	1.002359,
					"seconds":	1.002359,
					"bytes":	13792620,
					"bits_per_second":	110081287.772802,
					"retransmits":	0,
					"snd_cwnd":	17520,
					"rtt":	245,
>>>>>>> 067a8e7... add compression data
					"omitted":	false
				}],
			"sum":	{
				"start":	0,
<<<<<<< HEAD
				"end":	1.000888,
				"seconds":	1.000888,
				"bytes":	6216680,
				"bits_per_second":	49689322.302224,
=======
				"end":	1.002359,
				"seconds":	1.002359,
				"bytes":	13792620,
				"bits_per_second":	110081287.772802,
>>>>>>> 067a8e7... add compression data
				"retransmits":	0,
				"omitted":	false
			}
		}, {
			"streams":	[{
<<<<<<< HEAD
					"socket":	472,
					"start":	1.000888,
					"end":	2.010596,
					"seconds":	1.009708,
					"bytes":	5365500,
					"bits_per_second":	42511293.302539,
					"retransmits":	0,
					"snd_cwnd":	17520,
					"rtt":	1442,
					"omitted":	false
				}],
			"sum":	{
				"start":	1.000888,
				"end":	2.010596,
				"seconds":	1.009708,
				"bytes":	5365500,
				"bits_per_second":	42511293.302539,
=======
					"socket":	718,
					"start":	1.002359,
					"end":	2.000735,
					"seconds":	0.998376,
					"bytes":	11882940,
					"bits_per_second":	95218141.783181,
					"retransmits":	0,
					"snd_cwnd":	17520,
					"rtt":	310,
					"omitted":	false
				}],
			"sum":	{
				"start":	1.002359,
				"end":	2.000735,
				"seconds":	0.998376,
				"bytes":	11882940,
				"bits_per_second":	95218141.783181,
>>>>>>> 067a8e7... add compression data
				"retransmits":	0,
				"omitted":	false
			}
		}, {
			"streams":	[{
<<<<<<< HEAD
					"socket":	472,
					"start":	2.010596,
					"end":	3.004782,
					"seconds":	0.994186,
					"bytes":	5689620,
					"bits_per_second":	45783146.669992,
					"retransmits":	0,
					"snd_cwnd":	17520,
					"rtt":	6845,
					"omitted":	false
				}],
			"sum":	{
				"start":	2.010596,
				"end":	3.004782,
				"seconds":	0.994186,
				"bytes":	5689620,
				"bits_per_second":	45783146.669992,
=======
					"socket":	718,
					"start":	2.000735,
					"end":	3.000485,
					"seconds":	0.999750,
					"bytes":	11861040,
					"bits_per_second":	94912057.609013,
					"retransmits":	0,
					"snd_cwnd":	17520,
					"rtt":	1035,
					"omitted":	false
				}],
			"sum":	{
				"start":	2.000735,
				"end":	3.000485,
				"seconds":	0.999750,
				"bytes":	11861040,
				"bits_per_second":	94912057.609013,
>>>>>>> 067a8e7... add compression data
				"retransmits":	0,
				"omitted":	false
			}
		}, {
			"streams":	[{
<<<<<<< HEAD
					"socket":	472,
					"start":	3.004782,
					"end":	4.000914,
					"seconds":	0.996132,
					"bytes":	5407840,
					"bits_per_second":	43430714.478153,
					"retransmits":	0,
					"snd_cwnd":	17520,
					"rtt":	132,
					"omitted":	false
				}],
			"sum":	{
				"start":	3.004782,
				"end":	4.000914,
				"seconds":	0.996132,
				"bytes":	5407840,
				"bits_per_second":	43430714.478153,
=======
					"socket":	718,
					"start":	3.000485,
					"end":	4.007456,
					"seconds":	1.006971,
					"bytes":	11874180,
					"bits_per_second":	94335813.644080,
					"retransmits":	0,
					"snd_cwnd":	17520,
					"rtt":	10037,
					"omitted":	false
				}],
			"sum":	{
				"start":	3.000485,
				"end":	4.007456,
				"seconds":	1.006971,
				"bytes":	11874180,
				"bits_per_second":	94335813.644080,
>>>>>>> 067a8e7... add compression data
				"retransmits":	0,
				"omitted":	false
			}
		}, {
			"streams":	[{
<<<<<<< HEAD
					"socket":	472,
					"start":	4.000914,
					"end":	5.030036,
					"seconds":	1.029122,
					"bytes":	6501380,
					"bits_per_second":	50539230.751411,
					"retransmits":	0,
					"snd_cwnd":	17520,
					"rtt":	2309,
					"omitted":	false
				}],
			"sum":	{
				"start":	4.000914,
				"end":	5.030036,
				"seconds":	1.029122,
				"bytes":	6501380,
				"bits_per_second":	50539230.751411,
=======
					"socket":	718,
					"start":	4.007456,
					"end":	5.000879,
					"seconds":	0.993423,
					"bytes":	10250660,
					"bits_per_second":	82548200.748196,
					"retransmits":	0,
					"snd_cwnd":	17520,
					"rtt":	942,
					"omitted":	false
				}],
			"sum":	{
				"start":	4.007456,
				"end":	5.000879,
				"seconds":	0.993423,
				"bytes":	10250660,
				"bits_per_second":	82548200.748196,
>>>>>>> 067a8e7... add compression data
				"retransmits":	0,
				"omitted":	false
			}
		}, {
			"streams":	[{
<<<<<<< HEAD
					"socket":	472,
					"start":	5.030036,
					"end":	6.002120,
					"seconds":	0.972084,
					"bytes":	6355380,
					"bits_per_second":	52303131.853735,
					"retransmits":	0,
					"snd_cwnd":	17520,
					"rtt":	3346,
					"omitted":	false
				}],
			"sum":	{
				"start":	5.030036,
				"end":	6.002120,
				"seconds":	0.972084,
				"bytes":	6355380,
				"bits_per_second":	52303131.853735,
=======
					"socket":	718,
					"start":	5.000879,
					"end":	6.010795,
					"seconds":	1.009916,
					"bytes":	12363280,
					"bits_per_second":	97935132.006835,
					"retransmits":	0,
					"snd_cwnd":	17520,
					"rtt":	9568,
					"omitted":	false
				}],
			"sum":	{
				"start":	5.000879,
				"end":	6.010795,
				"seconds":	1.009916,
				"bytes":	12363280,
				"bits_per_second":	97935132.006835,
>>>>>>> 067a8e7... add compression data
				"retransmits":	0,
				"omitted":	false
			}
		}, {
			"streams":	[{
<<<<<<< HEAD
					"socket":	472,
					"start":	6.002120,
					"end":	7.150296,
					"seconds":	1.148176,
					"bytes":	6863988,
					"bits_per_second":	47825338.764100,
					"retransmits":	0,
					"snd_cwnd":	17520,
					"rtt":	538,
					"omitted":	false
				}],
			"sum":	{
				"start":	6.002120,
				"end":	7.150296,
				"seconds":	1.148176,
				"bytes":	6863988,
				"bits_per_second":	47825338.764100,
=======
					"socket":	718,
					"start":	6.010795,
					"end":	7.000076,
					"seconds":	0.989281,
					"bytes":	12318020,
					"bits_per_second":	99611882.080848,
					"retransmits":	0,
					"snd_cwnd":	17520,
					"rtt":	268,
					"omitted":	false
				}],
			"sum":	{
				"start":	6.010795,
				"end":	7.000076,
				"seconds":	0.989281,
				"bytes":	12318020,
				"bits_per_second":	99611882.080848,
>>>>>>> 067a8e7... add compression data
				"retransmits":	0,
				"omitted":	false
			}
		}, {
			"streams":	[{
<<<<<<< HEAD
					"socket":	472,
					"start":	7.150296,
					"end":	8.052956,
					"seconds":	0.902660,
					"bytes":	5904472,
					"bits_per_second":	52329538.915408,
					"retransmits":	0,
					"snd_cwnd":	17520,
					"rtt":	387,
					"omitted":	false
				}],
			"sum":	{
				"start":	7.150296,
				"end":	8.052956,
				"seconds":	0.902660,
				"bytes":	5904472,
				"bits_per_second":	52329538.915408,
=======
					"socket":	718,