{
	"start":	{
		"connected":	[{
				"socket":	718,
				"local_host":	"10.0.2.15",
				"local_port":	40508,
				"remote_host":	"128.61.8.181",
				"remote_port":	5201
			}],
		"version":	"iperf 3.1.3",
		"system_info":	"Linux localhost 3.18.48+ #1 SMP PREEMPT Wed Apr 19 00:58:20 UTC 2017 i686",
		"timestamp":	{
			"time":	"Fri, 08 Dec 2017 22:28:13 GMT",
			"timesecs":	1512772093
		},
		"connecting_to":	{
			"host":	"128.61.8.181",
			"port":	5201
		},
		"cookie":	"localhost.1512772093.164080.605b4922",
		"tcp_mss_default":	1460,
		"test_start":	{
			"protocol":	"TCP",
			"num_streams":	1,
			"blksize":	131072,
			"omit":	0,
			"duration":	10,
			"bytes":	0,
			"blocks":	0,
			"reverse":	0
		}
	},
	"intervals":	[{
			"streams":	[{
					"socket":	718,
					"start":	0,
					"end":	1.002359,
					"seconds":	1.002359,
					"bytes":	13792620,
					"bits_per_second":	110081287.772802,
					"retransmits":	0,
					"snd_cwnd":	17520,
					"rtt":	245,
					"omitted":	false
				}],
			"sum":	{
				"start":	0,
				"end":	1.002359,
				"seconds":	1.002359,
				"bytes":	13792620,
				"bits_per_second":	110081287.772802,
				"retransmits":	0,
				"omitted":	false
			}
		}, {
			"streams":	[{
					"socket":	718,
					"start":	1.002359,
					"end":	2.000735,
					"seconds":	0.998376,
					"bytes":	11882940,
					"bits_per_second":	95218141.783181,
					"retransmits":	0,
					"snd_cwnd":	17520,
					"rtt":	310,
					"omitted":	false
				}],
			"sum":	{
				"start":	1.002359,
				"end":	2.000735,
				"seconds":	0.998376,
				"bytes":	11882940,
				"bits_per_second":	95218141.783181,
				"retransmits":	0,
				"omitted":	false
			}
		}, {
			"streams":	[{
					"socket":	718,
					"start":	2.000735,
					"end":	3.000485,
					"seconds":	0.999750,
					"bytes":	11861040,
					"bits_per_second":	94912057.609013,
					"retransmits":	0,
					"snd_cwnd":	17520,
					"rtt":	1035,
					"omitted":	false
				}],
			"sum":	{
				"start":	2.000735,
				"end":	3.000485,
				"seconds":	0.999750,
				"bytes":	11861040,
				"bits_per_second":	94912057.609013,
				"retransmits":	0,
				"omitted":	false
			}
		}, {
			"streams":	[{
					"socket":	718,
					"start":	3.000485,
					"end":	4.007456,
					"seconds":	1.006971,
					"bytes":	11874180,
					"bits_per_second":	94335813.644080,
					"retransmits":	0,
					"snd_cwnd":	17520,
					"rtt":	10037,
					"omitted":	false
				}],
			"sum":	{
				"start":	3.000485,
				"end":	4.007456,
				"seconds":	1.006971,
				"bytes":	11874180,
				"bits_per_second":	94335813.644080,
				"retransmits":	0,
				"omitted":	false
			}
		}, {
			"streams":	[{
					"socket":	718,
					"start":	4.007456,
					"end":	5.000879,
					"seconds":	0.993423,
					"bytes":	10250660,
					"bits_per_second":	82548200.748196,
					"retransmits":	0,
					"snd_cwnd":	17520,
					"rtt":	942,
					"omitted":	false
				}],
			"sum":	{
				"start":	4.007456,
				"end":	5.000879,
				"seconds":	0.993423,
				"bytes":	10250660,
				"bits_per_second":	82548200.748196,
				"retransmits":	0,
				"omitted":	false
			}
		}, {
			"streams":	[{
					"socket":	718,
					"start":	5.000879,
					"end":	6.010795,
					"seconds":	1.009916,
					"bytes":	12363280,
					"bits_per_second":	97935132.006835,
					"retransmits":	0,
					"snd_cwnd":	17520,
					"rtt":	9568,
					"omitted":	false
				}],
			"sum":	{
				"start":	5.000879,
				"end":	6.010795,
				"seconds":	1.009916,
				"bytes":	12363280,
				"bits_per_second":	97935132.006835,
				"retransmits":	0,
				"omitted":	false
			}
		}, {
			"streams":	[{
					"socket":	718,
					"start":	6.010795,
					"end":	7.000076,
					"seconds":	0.989281,
					"bytes":	12318020,
					"bits_per_second":	99611882.080848,
					"retransmits":	0,
					"snd_cwnd":	17520,
					"rtt":	268,
					"omitted":	false
				}],
			"sum":	{
				"start":	6.010795,
				"end":	7.000076,
				"seconds":	0.989281,
				"bytes":	12318020,
				"bits_per_second":	99611882.080848,
				"retransmits":	0,
				"omitted":	false
			}
		}, {
			"streams":	[{
					"socket":	718,
					"start":	7.000076,
					"end":	8.000269,
					"seconds":	1.000193,
					"bytes":	14375160,
					"bits_per_second":	114979102.758166,
					"retransmits":	0,
					"snd_cwnd":	17520,
					"rtt":	291,
					"omitted":	false
				}],
			"sum":	{
				"start":	7.000076,
				"end":	8.000269,
				"seconds":	1.000193,
				"bytes":	14375160,
				"bits_per_second":	114979102.758166,
				"retransmits":	0,
				"omitted":	false
			}
		}, {
			"streams":	[{
					"socket":	718,
					"start":	8.000269,
					"end":	9.000262,
					"seconds":	0.999993,
					"bytes":	17422180,
					"bits_per_second":	139378403.681628,
					"retransmits":	0,
					"snd_cwnd":	17520,
					"rtt":	9478,
					"omitted":	false
				}],
			"sum":	{
				"start":	8.000269,
				"end":	9.000262,
				"seconds":	0.999993,
				"bytes":	17422180,
				"bits_per_second":	139378403.681628,
				"retransmits":	0,
				"omitted":	false
			}
		}, {
			"streams":	[{
					"socket":	718,
					"start":	9.000262,
					"end":	10.010668,
					"seconds":	1.010406,
					"bytes":	17051340,
					"bits_per_second":	135005846.821902,
					"retransmits":	0,
					"snd_cwnd":	17520,
					"rtt":	2399,
					"omitted":	false
				}],
			"sum":	{
				"start":	9.000262,
				"end":	10.010668,
				"seconds":	1.010406,
				"bytes":	17051340,
				"bits_per_second":	135005846.821902,
				"retransmits":	0,
				"omitted":	false
			}
		}],
	"end":	{
		"streams":	[{
				"sender":	{
					"socket":	718,
					"start":	0,
					"end":	10.010668,
					"seconds":	10.010668,
					"bytes":	133191420,
					"bits_per_second":	106439585.831295,
					"retransmits":	0,
					"max_snd_cwnd":	17520,
					"max_rtt":	10037,
					"min_rtt":	245,
					"mean_rtt":	3457
				},
				"receiver":	{
					"socket":	718,
					"start":	0,
					"end":	10.010668,
					"seconds":	10.010668,
					"bytes":	132857080,
					"bits_per_second":	106172398.867398
				}
			}],
		"sum_sent":	{
			"start":	0,
			"end":	10.010668,
			"seconds":	10.010668,
			"bytes":	133191420,
			"bits_per_second":	106439585.831295,
			"retransmits":	0
		},
		"sum_received":	{
			"start":	0,
			"end":	10.010668,
			"seconds":	10.010668,
			"bytes":	132857080,
			"bits_per_second":	106172398.867398
		},
		"cpu_utilization_percent":	{
			"host_total":	157.508609,
			"host_user":	71.663123,
			"host_system":	86.035672,
			"remote_total":	0.623206,
			"remote_user":	0.065298,
			"remote_system":	0.557908
		}
	}
}
