{
	"start":	{
		"connected":	[{
				"socket":	533,
				"local_host":	"10.0.2.15",
				"local_port":	58955,
				"remote_host":	"192.168.1.4",
				"remote_port":	5201
			}],
		"version":	"iperf 3.1.3",
		"system_info":	"Linux localhost 3.18.48+ #1 SMP PREEMPT Wed Apr 19 00:58:20 UTC 2017 i686",
		"timestamp":	{
			"time":	"Thu, 07 Dec 2017 03:55:05 GMT",
			"timesecs":	1512618905
		},
		"connecting_to":	{
			"host":	"192.168.1.4",
			"port":	5201
		},
		"cookie":	"localhost.1512618905.823186.1e23e921",
		"tcp_mss_default":	1460,
		"test_start":	{
			"protocol":	"TCP",
			"num_streams":	1,
			"blksize":	131072,
			"omit":	0,
			"duration":	10,
			"bytes":	0,
			"blocks":	0,
			"reverse":	0
		}
	},
	"intervals":	[{
			"streams":	[{
					"socket":	533,
					"start":	0,
					"end":	1.000456,
					"seconds":	1.000456,
					"bytes":	29465392,
					"bits_per_second":	235615729.080044,
					"retransmits":	0,
					"snd_cwnd":	17520,
					"rtt":	356,
					"omitted":	false
				}],
			"sum":	{
				"start":	0,
				"end":	1.000456,
				"seconds":	1.000456,
				"bytes":	29465392,
				"bits_per_second":	235615729.080044,
				"retransmits":	0,
				"omitted":	false
			}
		}, {
			"streams":	[{
					"socket":	533,
					"start":	1.000456,
					"end":	2.013783,
					"seconds":	1.013327,
					"bytes":	29413160,
					"bits_per_second":	232210581.314752,
					"retransmits":	0,
					"snd_cwnd":	17520,
					"rtt":	201,
					"omitted":	false
				}],
			"sum":	{
				"start":	1.000456,
				"end":	2.013783,
				"seconds":	1.013327,
				"bytes":	29413160,
				"bits_per_second":	232210581.314752,
				"retransmits":	0,
				"omitted":	false
			}
		}, {
			"streams":	[{
					"socket":	533,
					"start":	2.013783,
					"end":	3.000034,
					"seconds":	0.986251,
					"bytes":	25605480,
					"bits_per_second":	207699526.254512,
					"retransmits":	0,
					"snd_cwnd":	17520,
					"rtt":	678,
					"omitted":	false
				}],
			"sum":	{
				"start":	2.013783,
				"end":	3.000034,
				"seconds":	0.986251,
				"bytes":	25605480,
				"bits_per_second":	207699526.254512,
				"retransmits":	0,
				"omitted":	false
			}
		}, {
			"streams":	[{
					"socket":	533,
					"start":	3.000034,
					"end":	4.003922,
					"seconds":	1.003888,
					"bytes":	26372784,
					"bits_per_second":	210165122.642193,
					"retransmits":	0,
					"snd_cwnd":	17520,
					"rtt":	430,
					"omitted":	false
				}],
			"sum":	{
				"start":	3.000034,
				"end":	4.003922,
				"seconds":	1.003888,
				"bytes":	26372784,
				"bits_per_second":	210165122.642193,
				"retransmits":	0,
				"omitted":	false
			}
		}, {
			"streams":	[{
					"socket":	533,
					"start":	4.003922,
					"end":	5.003949,
					"seconds":	1.000027,
					"bytes":	28051604,
					"bits_per_second":	224406786.189577,
					"retransmits":	0,
					"snd_cwnd":	17520,
					"rtt":	10657,
					"omitted":	false
				}],
			"sum":	{
				"start":	4.003922,
				"end":	5.003949,
				"seconds":	1.000027,
				"bytes":	28051604,
				"bits_per_second":	224406786.189577,
				"retransmits":	0,
				"omitted":	false
			}
		}, {
			"streams":	[{
					"socket":	533,
					"start":	5.003949,
					"end":	6.013573,
					"seconds":	1.009624,
					"bytes":	28110840,
					"bits_per_second":	222743040.010882,
					"retransmits":	0,
					"snd_cwnd":	17520,
					"rtt":	193,
					"omitted":	false
				}],
			"sum":	{
				"start":	5.003949,
				"end":	6.013573,
				"seconds":	1.009624,
				"bytes":	28110840,
				"bits_per_second":	222743040.010882,
				"retransmits":	0,
				"omitted":	false
			}
		}, {
			"streams":	[{
					"socket":	533,
					"start":	6.013573,
					"end":	7.000644,
					"seconds":	0.987071,
					"bytes":	30096440,
					"bits_per_second":	243925220.073757,
					"retransmits":	0,
					"snd_cwnd":	17520,
					"rtt":	348,
					"omitted":	false
				}],
			"sum":	{
				"start":	6.013573,
				"end":	7.000644,
				"seconds":	0.987071,
				"bytes":	30096440,
				"bits_per_second":	243925220.073757,
				"retransmits":	0,
				"omitted":	false
			}
		}, {
			"streams":	[{
					"socket":	533,
					"start":	7.000644,
					"end":	8.004353,
					"seconds":	1.003709,
					"bytes":	29554780,
					"bits_per_second":	235564512.886520,
					"retransmits":	0,
					"snd_cwnd":	17520,
					"rtt":	2716,
					"omitted":	false
				}],
			"sum":	{
				"start":	7.000644,
				"end":	8.004353,
				"seconds":	1.003709,
				"bytes":	29554780,
				"bits_per_second":	235564512.886520,
				"retransmits":	0,
				"omitted":	false
			}
		}, {
			"streams":	[{
					"socket":	533,
					"start":	8.004353,
					"end":	9.000702,
					"seconds":	0.996349,
					"bytes":	27294700,
					"bits_per_second":	219157776.187643,
					"retransmits":	0,
					"snd_cwnd":	17520,
					"rtt":	248,
					"omitted":	false
				}],
			"sum":	{
				"start":	8.004353,
				"end":	9.000702,
				"seconds":	0.996349,
				"bytes":	27294700,
				"bits_per_second":	219157776.187643,
				"retransmits":	0,
				"omitted":	false
			}
		}, {
			"streams":	[{
					"socket":	533,
					"start":	9.000702,
					"end":	10.000326,
					"seconds":	0.999624,
					"bytes":	31627652,
					"bits_per_second":	253116384.241966,
					"retransmits":	0,
					"snd_cwnd":	17520,
					"rtt":	267,
					"omitted":	false
				}],
			"sum":	{
				"start":	9.000702,
				"end":	10.000326,
				"seconds":	0.999624,
				"bytes":	31627652,
				"bits_per_second":	253116384.241966,
				"retransmits":	0,
				"omitted":	false
			}
		}],
	"end":	{
		"streams":	[{
				"sender":	{
					"socket":	533,
					"start":	0,
					"end":	10.000326,
					"seconds":	10.000326,
					"bytes":	285592832,
					"bits_per_second":	228466819.450599,
					"retransmits":	0,
					"max_snd_cwnd":	17520,
					"max_rtt":	10657,
					"min_rtt":	193,
					"mean_rtt":	1609
				},
				"receiver":	{
					"socket":	533,
					"start":	0,
					"end":	10.000326,
					"seconds":	10.000326,
					"bytes":	285267252,
					"bits_per_second":	228206363.939318
				}
			}],
		"sum_sent":	{
			"start":	0,
			"end":	10.000326,
			"seconds":	10.000326,
			"bytes":	285592832,
			"bits_per_second":	228466819.450599,
			"retransmits":	0
		},
		"sum_received":	{
			"start":	0,
			"end":	10.000326,
			"seconds":	10.000326,
			"bytes":	285267252,
			"bits_per_second":	228206363.939318
		},
		"cpu_utilization_percent":	{
			"host_total":	179.405293,
			"host_user":	88.635821,
			"host_system":	90.829283,
			"remote_total":	0.668465,
			"remote_user":	0.067552,
			"remote_system":	0.600913
		}
	}
}
