{
	"end": {
		"sum_sent": {
			"start": 0,
			"end": 10.002116666666666,
			"seconds": 10.002116666666666,
			"bytes": 13552852,
			"bits_per_second": 10840027.483818334,
			"retransmits": 0
		},
		"sum_received": {
			"start": 0,
			"end": 10.002116666666666,
			"seconds": 10.002116666666666,
			"bytes": 13207318.666666666,
			"bits_per_second": 10563659.766804
		},
		"cpu_utilization_percent": {
			"host_total": 112.25036766666666,
			"host_user": 85.75989399999999,
			"host_system": 26.435464666666665,
			"host_user_normalized": 76.4014029705899,
			"host_system_normalized": 23.54950565207815,
			"remote_total": 0.24459233333333333,
			"remote_user": 0.139544,
			"remote_system": 0.10504833333333334,
			"remote_user_normalized": 53.85126593689747,
			"remote_system_normalized": 46.14873406310253
		}
	}
}
