{
	"end": {
		"sum_sent": {
			"start": 0,
			"end": 10.001856333333334,
			"seconds": 10.001856333333334,
			"bytes": 12323860,
			"bits_per_second": 9857267.622484667,
			"retransmits": 0
		},
		"sum_received": {
			"start": 0,
			"end": 10.001856333333334,
			"seconds": 10.001856333333334,
			"bytes": 11980760,
			"bits_per_second": 9582838.566323
		},
		"cpu_utilization_percent": {
			"host_total": 121.51964933333333,
			"host_user": 94.34981466666666,
			"host_system": 27.15767066666667,
			"host_user_normalized": 77.59783757806763,
			"host_system_normalized": 22.392913219621743,
			"remote_total": 0.15678633333333333,
			"remote_user": 0.08227466666666666,
			"remote_system": 0.07451166666666666,
			"remote_user_normalized": 51.77315668187066,
			"remote_system_normalized": 48.227003676298686
		}
	}
}
