{
	"end": {
		"sum_sent": {
			"start": 0,
			"end": 10.005981666666665,
			"seconds": 10.005981666666665,
			"bytes": 149977040,
			"bits_per_second": 119916277.39917833,
			"retransmits": 0
		},
		"sum_received": {
			"start": 0,
			"end": 10.005981666666665,
			"seconds": 10.005981666666665,
			"bytes": 149643186.66666666,
			"bits_per_second": 119649354.48086433
		},
		"cpu_utilization_percent": {
			"host_total": 167.8629346666667,
			"host_user": 103.36835400000001,
			"host_system": 64.52626,
			"host_user_normalized": 61.82742031448839,
			"host_system_normalized": 38.192398336454026,
			"remote_total": 0.5268966666666667,
			"remote_user": 0.04993633333333333,
			"remote_system": 0.4769590000000001,
			"remote_user_normalized": 9.472114537365702,
			"remote_system_normalized": 90.52772170853892
		}
	}
}
