{
	"start":	{
		"connected":	[{
				"socket":	341,
				"local_host":	"10.0.2.15",
				"local_port":	54052,
				"remote_host":	"10.0.0.252",
				"remote_port":	5201
			}],
		"version":	"iperf 3.1.3",
		"system_info":	"Linux localhost 3.18.56+ #1 SMP PREEMPT Fri Oct 13 14:54:31 PDT 2017 i686",
		"timestamp":	{
			"time":	"Thu, 07 Dec 2017 07:07:55 GMT",
			"timesecs":	1512630475
		},
		"connecting_to":	{
			"host":	"10.0.0.252",
			"port":	5201
		},
		"cookie":	"localhost.1512630475.553278.001ba568",
		"tcp_mss_default":	1460,
		"test_start":	{
			"protocol":	"TCP",
			"num_streams":	1,
			"blksize":	131072,
			"omit":	0,
			"duration":	10,
			"bytes":	0,
			"blocks":	0,
			"reverse":	0
		}
	},
	"intervals":	[{
			"streams":	[{
					"socket":	341,
					"start":	0,
					"end":	1.001230,
					"seconds":	1.001230,
					"bytes":	1553440,
					"bits_per_second":	12412252.910927,
					"retransmits":	0,
					"snd_cwnd":	17520,
					"rtt":	422,
					"omitted":	false
				}],
			"sum":	{
				"start":	0,
				"end":	1.001230,
				"seconds":	1.001230,
				"bytes":	1553440,
				"bits_per_second":	12412252.910927,
				"retransmits":	0,
				"omitted":	false
			}
		}, {
			"streams":	[{
					"socket":	341,
					"start":	1.001230,
					"end":	2.001922,
					"seconds":	1.000692,
					"bytes":	1132960,
					"bits_per_second":	9057411.101888,
					"retransmits":	0,
					"snd_cwnd":	17520,
					"rtt":	437,
					"omitted":	false
				}],
			"sum":	{
				"start":	1.001230,
				"end":	2.001922,
				"seconds":	1.000692,
				"bytes":	1132960,
				"bits_per_second":	9057411.101888,
				"retransmits":	0,
				"omitted":	false
			}
		}, {
			"streams":	[{
					"socket":	341,
					"start":	2.001922,
					"end":	3.001494,
					"seconds":	0.999572,
					"bytes":	1798720,
					"bits_per_second":	14395920.897735,
					"retransmits":	0,
					"snd_cwnd":	17520,
					"rtt":	550,
					"omitted":	false
				}],
			"sum":	{
				"start":	2.001922,
				"end":	3.001494,
				"seconds":	0.999572,
				"bytes":	1798720,
				"bits_per_second":	14395920.897735,
				"retransmits":	0,
				"omitted":	false
			}
		}, {
			"streams":	[{
					"socket":	341,
					"start":	3.001494,
					"end":	4.000472,
					"seconds":	0.998978,
					"bytes":	1184060,
					"bits_per_second":	9482171.731981,
					"retransmits":	0,
					"snd_cwnd":	17520,
					"rtt":	521,
					"omitted":	false
				}],
			"sum":	{
				"start":	3.001494,
				"end":	4.000472,
				"seconds":	0.998978,
				"bytes":	1184060,
				"bits_per_second":	9482171.731981,
				"retransmits":	0,
				"omitted":	false
			}
		}, {
			"streams":	[{
					"socket":	341,
					"start":	4.000472,
					"end":	5.000637,
					"seconds":	1.000165,
					"bytes":	1255600,
					"bits_per_second":	10043143.025452,
					"retransmits":	0,
					"snd_cwnd":	17520,
					"rtt":	683,
					"omitted":	false
				}],
			"sum":	{
				"start":	4.000472,
				"end":	5.000637,
				"seconds":	1.000165,
				"bytes":	1255600,
				"bits_per_second":	10043143.025452,
				"retransmits":	0,
				"omitted":	false
			}
		}, {
			"streams":	[{
					"socket":	341,
					"start":	5.000637,
					"end":	6.001140,
					"seconds":	1.000503,
					"bytes":	1173840,
					"bits_per_second":	9385998.249667,
					"retransmits":	0,
					"snd_cwnd":	17520,
					"rtt":	562,
					"omitted":	false
				}],
			"sum":	{
				"start":	5.000637,
				"end":	6.001140,
				"seconds":	1.000503,
				"bytes":	1173840,
				"bits_per_second":	9385998.249667,
				"retransmits":	0,
				"omitted":	false
			}
		}, {
			"streams":	[{
					"socket":	341,
					"start":	6.001140,
					"end":	7.000542,
					"seconds":	0.999402,
					"bytes":	1305240,
					"bits_per_second":	10448167.521435,
					"retransmits":	0,
					"snd_cwnd":	17520,
					"rtt":	506,
					"omitted":	false
				}],
			"sum":	{
				"start":	6.001140,
				"end":	7.000542,
				"seconds":	0.999402,
				"bytes":	1305240,
				"bits_per_second":	10448167.521435,
				"retransmits":	0,
				"omitted":	false
			}
		}, {
			"streams":	[{
					"socket":	341,
					"start":	7.000542,
					"end":	8.001092,
					"seconds":	1.000550,
					"bytes":	1086240,
					"bits_per_second":	8685142.896418,
					"retransmits":	0,
					"snd_cwnd":	17520,
					"rtt":	1665,
					"omitted":	false
				}],
			"sum":	{
				"start":	7.000542,
				"end":	8.001092,
				"seconds":	1.000550,
				"bytes":	1086240,
				"bits_per_second":	8685142.896418,
				"retransmits":	0,
				"omitted":	false
			}
		}, {
			"streams":	[{
					"socket":	341,
					"start":	8.001092,
					"end":	9.033278,
					"seconds":	1.032186,
					"bytes":	1525700,
					"bits_per_second":	11825002.905180,
					"retransmits":	0,
					"snd_cwnd":	17520,
					"rtt":	878,
					"omitted":	false
				}],
			"sum":	{
				"start":	8.001092,
				"end":	9.033278,
				"seconds":	1.032186,
				"bytes":	1525700,
				"bits_per_second":	11825002.905180,
				"retransmits":	0,
				"omitted":	false
			}
		}, {
			"streams":	[{
					"socket":	341,
					"start":	9.033278,
					"end":	10.004661,
					"seconds":	0.971383,
					"bytes":	1173840,
					"bits_per_second":	9667370.217158,
					"retransmits":	0,
					"snd_cwnd":	17520,
					"rtt":	529,
					"omitted":	false
				}],
			"sum":	{
				"start":	9.033278,
				"end":	10.004661,
				"seconds":	0.971383,
				"bytes":	1173840,
				"bits_per_second":	9667370.217158,
				"retransmits":	0,
				"omitted":	false
			}
		}],
	"end":	{
		"streams":	[{
				"sender":	{
					"socket":	341,
					"start":	0,
					"end":	10.004661,
					"seconds":	10.004661,
					"bytes":	13189640,
					"bits_per_second":	10546796.050589,
					"retransmits":	0,
					"max_snd_cwnd":	17520,
					"max_rtt":	1665,
					"min_rtt":	422,
					"mean_rtt":	675
				},
				"receiver":	{
					"socket":	341,
					"start":	0,
					"end":	10.004661,
					"seconds":	10.004661,
					"bytes":	12780840,
					"bits_per_second":	10219908.415636
				}
			}],
		"sum_sent":	{
			"start":	0,
			"end":	10.004661,
			"seconds":	10.004661,
			"bytes":	13189640,
			"bits_per_second":	10546796.050589,
			"retransmits":	0
		},
		"sum_received":	{
			"start":	0,
			"end":	10.004661,
			"seconds":	10.004661,
			"bytes":	12780840,
			"bits_per_second":	10219908.415636
		},
		"cpu_utilization_percent":	{
			"host_total":	121.076187,
			"host_user":	93.249126,
			"host_system":	27.876581,
			"remote_total":	0.217298,
			"remote_user":	0.090638,
			"remote_system":	0.126660
		}
	}
}
