{
	"start":	{
		"connected":	[{
				"socket":	427,
				"local_host":	"10.0.2.15",
				"local_port":	49984,
				"remote_host":	"128.61.92.187",
				"remote_port":	5201
			}],
		"version":	"iperf 3.1.3",
		"system_info":	"Linux localhost 3.18.56+ #1 SMP PREEMPT Fri Oct 13 14:54:31 PDT 2017 i686",
		"timestamp":	{
			"time":	"Thu, 07 Dec 2017 06:44:29 GMT",
			"timesecs":	1512629069
		},
		"connecting_to":	{
			"host":	"128.61.92.187",
			"port":	5201
		},
		"cookie":	"localhost.1512629069.031632.4503f00f",
		"tcp_mss_default":	1460,
		"test_start":	{
			"protocol":	"TCP",
			"num_streams":	1,
			"blksize":	131072,
			"omit":	0,
			"duration":	10,
			"bytes":	0,
			"blocks":	0,
			"reverse":	0
		}
	},
	"intervals":	[{
			"streams":	[{
					"socket":	427,
					"start":	0,
					"end":	1.014555,
					"seconds":	1.014555,
					"bytes":	10046808,
					"bits_per_second":	79221398.336273,
					"retransmits":	0,
					"snd_cwnd":	17520,
					"rtt":	531,
					"omitted":	false
				}],
			"sum":	{
				"start":	0,
				"end":	1.014555,
				"seconds":	1.014555,
				"bytes":	10046808,
				"bits_per_second":	79221398.336273,
				"retransmits":	0,
				"omitted":	false
			}
		}, {
			"streams":	[{
					"socket":	427,
					"start":	1.014555,
					"end":	2.014001,
					"seconds":	0.999446,
					"bytes":	11892428,
					"bits_per_second":	95192145.823394,
					"retransmits":	0,
					"snd_cwnd":	17520,
					"rtt":	438,
					"omitted":	false
				}],
			"sum":	{
				"start":	1.014555,
				"end":	2.014001,
				"seconds":	0.999446,
				"bytes":	11892428,
				"bits_per_second":	95192145.823394,
				"retransmits":	0,
				"omitted":	false
			}
		}, {
			"streams":	[{
					"socket":	427,
					"start":	2.014001,
					"end":	3.035433,
					"seconds":	1.021432,
					"bytes":	12362664,
					"bits_per_second":	96826141.597361,
					"retransmits":	0,
					"snd_cwnd":	17520,
					"rtt":	627,
					"omitted":	false
				}],
			"sum":	{
				"start":	2.014001,
				"end":	3.035433,
				"seconds":	1.021432,
				"bytes":	12362664,
				"bits_per_second":	96826141.597361,
				"retransmits":	0,
				"omitted":	false
			}
		}, {
			"streams":	[{
					"socket":	427,
					"start":	3.035433,
					"end":	4.041433,
					"seconds":	1.006000,
					"bytes":	11266892,
					"bits_per_second":	89597546.958586,
					"retransmits":	0,
					"snd_cwnd":	20440,
					"rtt":	494,
					"omitted":	false
				}],
			"sum":	{
				"start":	3.035433,
				"end":	4.041433,
				"seconds":	1.006000,
				"bytes":	11266892,
				"bits_per_second":	89597546.958586,
				"retransmits":	0,
				"omitted":	false
			}
		}, {
			"streams":	[{
					"socket":	427,
					"start":	4.041433,
					"end":	5.082469,
					"seconds":	1.041036,
					"bytes":	12991988,
					"bits_per_second":	99838924.806109,
					"retransmits":	0,
					"snd_cwnd":	20440,
					"rtt":	495,
					"omitted":	false
				}],
			"sum":	{
				"start":	4.041433,
				"end":	5.082469,
				"seconds":	1.041036,
				"bytes":	12991988,
				"bits_per_second":	99838924.806109,
				"retransmits":	0,
				"omitted":	false
			}
		}, {
			"streams":	[{
					"socket":	427,
					"start":	5.082469,
					"end":	6.159649,
					"seconds":	1.077180,
					"bytes":	12244172,
					"bits_per_second":	90934999.365940,
					"retransmits":	0,
					"snd_cwnd":	20440,
					"rtt":	477,
					"omitted":	false
				}],
			"sum":	{
				"start":	5.082469,
				"end":	6.159649,
				"seconds":	1.077180,
				"bytes":	12244172,
				"bits_per_second":	90934999.365940,
				"retransmits":	0,
				"omitted":	false
			}
		}, {
			"streams":	[{
					"socket":	427,
					"start":	6.159649,
					"end":	7.033073,
					"seconds":	0.873424,
					"bytes":	9915832,
					"bits_per_second":	90822614.410585,
					"retransmits":	0,
					"snd_cwnd":	20440,
					"rtt":	456,
					"omitted":	false
				}],
			"sum":	{
				"start":	6.159649,
				"end":	7.033073,
				"seconds":	0.873424,
				"bytes":	9915832,
				"bits_per_second":	90822614.410585,
				"retransmits":	0,
				"omitted":	false
			}
		}, {
			"streams":	[{
					"socket":	427,
					"start":	7.033073,
					"end":	8.032643,
					"seconds":	0.999570,
					"bytes":	10371140,
					"bits_per_second":	83004820.964217,
					"retransmits":	0,
					"snd_cwnd":	20440,
					"rtt":	504,
					"omitted":	false
				}],
			"sum":	{
				"start":	7.033073,
				"end":	8.032643,
				"seconds":	0.999570,
				"bytes":	10371140,
				"bits_per_second":	83004820.964217,
				"retransmits":	0,
				"omitted":	false
			}
		}, {
			"streams":	[{
					"socket":	427,
					"start":	8.032643,
					"end":	9.028753,
					"seconds":	0.996110,
					"bytes":	10485760,
					"bits_per_second":	84213674.354335,
					"retransmits":	0,
					"snd_cwnd":	20440,
					"rtt":	393,
					"omitted":	false
				}],
			"sum":	{
				"start":	8.032643,
				"end":	9.028753,
				"seconds":	0.996110,
				"bytes":	10485760,
				"bits_per_second":	84213674.354335,
				"retransmits":	0,
				"omitted":	false
			}
		}, {
			"streams":	[{
					"socket":	427,
					"start":	9.028753,
					"end":	10.026367,
					"seconds":	0.997614,
					"bytes":	11588220,
					"bits_per_second":	92927471.446468,
					"retransmits":	0,
					"snd_cwnd":	20440,
					"rtt":	636,
					"omitted":	false
				}],
			"sum":	{
				"start":	9.028753,
				"end":	10.026367,
				"seconds":	0.997614,
				"bytes":	11588220,
				"bits_per_second":	92927471.446468,
				"retransmits":	0,
				"omitted":	false
			}
		}],
	"end":	{
		"streams":	[{
				"sender":	{
					"socket":	427,
					"start":	0,
					"end":	10.026367,
					"seconds":	10.026367,
					"bytes":	113165904,
					"bits_per_second":	90294641.625402,
					"retransmits":	0,
					"max_snd_cwnd":	20440,
					"max_rtt":	636,
					"min_rtt":	393,
					"mean_rtt":	505
				},
				"receiver":	{
					"socket":	427,
					"start":	0,
					"end":	10.026367,
					"seconds":	10.026367,
					"bytes":	112835944,
					"bits_per_second":	90031367.804422
				}
			}],
		"sum_sent":	{
			"start":	0,
			"end":	10.026367,
			"seconds":	10.026367,
			"bytes":	113165904,
			"bits_per_second":	90294641.625402,
			"retransmits":	0
		},
		"sum_received":	{
			"start":	0,
			"end":	10.026367,
			"seconds":	10.026367,
			"bytes":	112835944,
			"bits_per_second":	90031367.804422
		},
		"cpu_utilization_percent":	{
			"host_total":	133.076013,
			"host_user":	54.964644,
			"host_system":	78.123346,
			"remote_total":	1.902471,
			"remote_user":	0.707648,
			"remote_system":	1.194823
		}
	}
}
