{
	"start":	{
		"connected":	[{
				"socket":	120,
				"local_host":	"10.0.2.15",
				"local_port":	54307,
				"remote_host":	"128.61.92.187",
				"remote_port":	5201
			}],
		"version":	"iperf 3.1.3",
		"system_info":	"Linux localhost 3.18.56+ #1 SMP PREEMPT Fri Aug 25 10:56:18 PDT 2017 i686",
		"timestamp":	{
			"time":	"Thu, 07 Dec 2017 04:05:57 GMT",
			"timesecs":	1512619557
		},
		"connecting_to":	{
			"host":	"128.61.92.187",
			"port":	5201
		},
		"cookie":	"localhost.1512619557.070767.1359c219",
		"tcp_mss_default":	1460,
		"test_start":	{
			"protocol":	"TCP",
			"num_streams":	1,
			"blksize":	131072,
			"omit":	0,
			"duration":	10,
			"bytes":	0,
			"blocks":	0,
			"reverse":	0
		}
	},
	"intervals":	[{
			"streams":	[{
					"socket":	120,
					"start":	0,
					"end":	1.131819,
					"seconds":	1.131819,
					"bytes":	9924528,
					"bits_per_second":	70149222.900374,
					"retransmits":	0,
					"snd_cwnd":	20440,
					"rtt":	622,
					"omitted":	false
				}],
			"sum":	{
				"start":	0,
				"end":	1.131819,
				"seconds":	1.131819,
				"bytes":	9924528,
				"bits_per_second":	70149222.900374,
				"retransmits":	0,
				"omitted":	false
			}
		}, {
			"streams":	[{
					"socket":	120,
					"start":	1.131819,
					"end":	2.013253,
					"seconds":	0.881434,
					"bytes":	9671112,
					"bits_per_second":	87776168.357059,
					"retransmits":	0,
					"snd_cwnd":	20440,
					"rtt":	381,
					"omitted":	false
				}],
			"sum":	{
				"start":	1.131819,
				"end":	2.013253,
				"seconds":	0.881434,
				"bytes":	9671112,
				"bits_per_second":	87776168.357059,
				"retransmits":	0,
				"omitted":	false
			}
		}, {
			"streams":	[{
					"socket":	120,
					"start":	2.013253,
					"end":	3.050859,
					"seconds":	1.037606,
					"bytes":	11741836,
					"bits_per_second":	90530208.883236,
					"retransmits":	0,
					"snd_cwnd":	20440,
					"rtt":	481,
					"omitted":	false
				}],
			"sum":	{
				"start":	2.013253,
				"end":	3.050859,
				"seconds":	1.037606,
				"bytes":	11741836,
				"bits_per_second":	90530208.883236,
				"retransmits":	0,
				"omitted":	false
			}
		}, {
			"streams":	[{
					"socket":	120,
					"start":	3.050859,
					"end":	4.058502,
					"seconds":	1.007643,
					"bytes":	13942204,
					"bits_per_second":	110691617.693834,
					"retransmits":	0,
					"snd_cwnd":	20440,
					"rtt":	515,
					"omitted":	false
				}],
			"sum":	{
				"start":	3.050859,
				"end":	4.058502,
				"seconds":	1.007643,
				"bytes":	13942204,
				"bits_per_second":	110691617.693834,
				"retransmits":	0,
				"omitted":	false
			}
		}, {
			"streams":	[{
					"socket":	120,
					"start":	4.058502,
					"end":	5.032168,
					"seconds":	0.973666,
					"bytes":	14350456,
					"bits_per_second":	117908660.237847,
					"retransmits":	0,
					"snd_cwnd":	20440,
					"rtt":	432,
					"omitted":	false
				}],
			"sum":	{
				"start":	4.058502,
				"end":	5.032168,
				"seconds":	0.973666,
				"bytes":	14350456,
				"bits_per_second":	117908660.237847,
				"retransmits":	0,
				"omitted":	false
			}
		}, {
			"streams":	[{
					"socket":	120,
					"start":	5.032168,
					"end":	6.120323,
					"seconds":	1.088155,
					"bytes":	15545612,
					"bits_per_second":	114289685.232048,
					"retransmits":	0,
					"snd_cwnd":	20440,
					"rtt":	462,
					"omitted":	false
				}],
			"sum":	{
				"start":	5.032168,
				"end":	6.120323,
				"seconds":	1.088155,
				"bytes":	15545612,
				"bits_per_second":	114289685.232048,
				"retransmits":	0,
				"omitted":	false
			}
		}, {
			"streams":	[{
					"socket":	120,
					"start":	6.120323,
					"end":	7.078326,
					"seconds":	0.958003,
					"bytes":	13266500,
					"bits_per_second":	110784616.656994,
					"retransmits":	0,
					"snd_cwnd":	20440,
					"rtt":	445,
					"omitted":	false
				}],
			"sum":	{
				"start":	6.120323,
				"end":	7.078326,
				"seconds":	0.958003,
				"bytes":	13266500,
				"bits_per_second":	110784616.656994,
				"retransmits":	0,
				"omitted":	false
			}
		}, {
			"streams":	[{
					"socket":	120,
					"start":	7.078326,
					"end":	8.035891,
					"seconds":	0.957565,
					"bytes":	12919400,
					"bits_per_second":	107935432.613993,
					"retransmits":	0,
					"snd_cwnd":	20440,
					"rtt":	413,
					"omitted":	false
				}],
			"sum":	{
				"start":	7.078326,
				"end":	8.035891,
				"seconds":	0.957565,
				"bytes":	12919400,
				"bits_per_second":	107935432.613993,
				"retransmits":	0,
				"omitted":	false
			}
		}, {
			"streams":	[{
					"socket":	120,
					"start":	8.035891,
					"end":	9.078829,
					"seconds":	1.042938,
					"bytes":	13504892,
					"bits_per_second":	103591140.241515,
					"retransmits":	0,
					"snd_cwnd":	20440,
					"rtt":	491,
					"omitted":	false
				}],
			"sum":	{
				"start":	8.035891,
				"end":	9.078829,
				"seconds":	1.042938,
				"bytes":	13504892,
				"bits_per_second":	103591140.241515,
				"retransmits":	0,
				"omitted":	false
			}
		}, {
			"streams":	[{
					"socket":	120,
					"start":	9.078829,
					"end":	10.038689,
					"seconds":	0.959860,
					"bytes":	12838476,
					"bits_per_second":	107002894.954013,
					"retransmits":	0,
					"snd_cwnd":	20440,
					"rtt":	388,
					"omitted":	false
				}],
			"sum":	{
				"start":	9.078829,
				"end":	10.038689,
				"seconds":	0.959860,
				"bytes":	12838476,
				"bits_per_second":	107002894.954013,
				"retransmits":	0,
				"omitted":	false
			}
		}],
	"end":	{
		"streams":	[{
				"sender":	{
					"socket":	120,
					"start":	0,
					"end":	10.038689,
					"seconds":	10.038689,
					"bytes":	127705016,
					"bits_per_second":	101770272.403880,
					"retransmits":	0,
					"max_snd_cwnd":	20440,
					"max_rtt":	622,
					"min_rtt":	381,
					"mean_rtt":	463
				},
				"receiver":	{
					"socket":	120,
					"start":	0,
					"end":	10.038689,
					"seconds":	10.038689,
					"bytes":	127705016,
					"bits_per_second":	101770272.403880
				}
			}],
		"sum_sent":	{
			"start":	0,
			"end":	10.038689,
			"seconds":	10.038689,
			"bytes":	127705016,
			"bits_per_second":	101770272.403880,
			"retransmits":	0
		},
		"sum_received":	{
			"start":	0,
			"end":	10.038689,
			"seconds":	10.038689,
			"bytes":	127705016,
			"bits_per_second":	101770272.403880
		},
		"cpu_utilization_percent":	{
			"host_total":	126.802580,
			"host_user":	53.895383,
			"host_system":	72.917283,
			"remote_total":	4.535836,
			"remote_user":	1.819471,
			"remote_system":	2.716365
		}
	}
}
