{
	"end": {
		"sum_sent": {
			"start": 0,
			"end": 10.004194666666667,
			"seconds": 10.004194666666667,
			"bytes": 175691124,
			"bits_per_second": 140495775.87172332,
			"retransmits": 0
		},
		"sum_received": {
			"start": 0,
			"end": 10.004194666666667,
			"seconds": 10.004194666666667,
			"bytes": 175356784,
			"bits_per_second": 140228415.968272
		},
		"cpu_utilization_percent": {
			"host_total": 159.41493066666666,
			"host_user": 103.09499,
			"host_system": 56.36735166666667,
			"host_user_normalized": 64.64346019638064,
			"host_system_normalized": 35.385963200609474,
			"remote_total": 2.8210763333333335,
			"remote_user": 0.29547833333333334,
			"remote_system": 2.525601,
			"remote_user_normalized": 10.514894916078946,
			"remote_system_normalized": 89.48517972396742
		}
	}
}
