{
	"end": {
		"sum_sent": {
			"start": 0,
			"end": 10.046606666666667,
			"seconds": 10.046606666666667,
			"bytes": 126187912,
			"bits_per_second": 100480686.89109732,
			"retransmits": 0
		},
		"sum_received": {
			"start": 0,
			"end": 10.046606666666667,
			"seconds": 10.046606666666667,
			"bytes": 126185101.33333333,
			"bits_per_second": 100478451.973786
		},
		"cpu_utilization_percent": {
			"host_total": 133.82951133333333,
			"host_user": 56.19889166666667,
			"host_system": 77.67460333333334,
			"host_user_normalized": 42.01294831815425,
			"host_system_normalized": 58.01997959806919,
			"remote_total": 3.340935333333334,
			"remote_user": 1.4415603333333333,
			"remote_system": 1.8993746666666667,
			"remote_user_normalized": 42.32910428222804,
			"remote_system_normalized": 57.67088935050927
		}
	}
}
