{
	"end": {
		"sum_sent": {
			"start": 0,
			"end": 10.012697333333334,
			"seconds": 10.012697333333334,
			"bytes": 96983807.55555557,
			"bits_per_second": 77464355.56615311,
			"retransmits": 0
		},
		"sum_received": {
			"start": 0,
			"end": 10.012697333333334,
			"seconds": 10.012697333333334,
			"bytes": 96723278.66666667,
			"bits_per_second": 77256064.90235966
		},
		"cpu_utilization_percent": {
			"host_total": 143.98556722222222,
			"host_user": 68.44347266666666,
			"host_system": 75.55909122222222,
			"host_user_normalized": 47.79102456883651,
			"host_system_normalized": 52.21786415831943,
			"remote_total": 1.4042945555555555,
			"remote_user": 0.44688111111111106,
			"remote_system": 0.9574135555555555,
			"remote_user_normalized": 33.69109775543148,
			"remote_system_normalized": 66.30885577342998
		}
	}
}
