{
	"start":	{
		"connected":	[{
				"socket":	334,
				"local_host":	"10.0.2.15",
				"local_port":	40461,
				"remote_host":	"128.61.8.181",
				"remote_port":	5201
			}],
		"version":	"iperf 3.1.3",
		"system_info":	"Linux localhost 3.18.48+ #1 SMP PREEMPT Wed Apr 19 00:58:20 UTC 2017 i686",
		"timestamp":	{
			"time":	"Fri, 08 Dec 2017 22:03:44 GMT",
			"timesecs":	1512770624
		},
		"connecting_to":	{
			"host":	"128.61.8.181",
			"port":	5201
		},
		"cookie":	"localhost.1512770624.233174.6f11e596",
		"tcp_mss_default":	1460,
		"test_start":	{
			"protocol":	"TCP",
			"num_streams":	1,
			"blksize":	131072,
			"omit":	0,
			"duration":	10,
			"bytes":	0,
			"blocks":	0,
			"reverse":	0
		}
	},
	"intervals":	[{
			"streams":	[{
					"socket":	334,
					"start":	0,
					"end":	1.005900,
					"seconds":	1.005900,
					"bytes":	12778724,
					"bits_per_second":	101630183.454751,
					"retransmits":	0,
					"snd_cwnd":	17520,
					"rtt":	2972,
					"omitted":	false
				}],
			"sum":	{
				"start":	0,
				"end":	1.005900,
				"seconds":	1.005900,
				"bytes":	12778724,
				"bits_per_second":	101630183.454751,
				"retransmits":	0,
				"omitted":	false
			}
		}, {
			"streams":	[{
					"socket":	334,
					"start":	1.005900,
					"end":	2.016153,
					"seconds":	1.010253,
					"bytes":	12704920,
					"bits_per_second":	100607808.919633,
					"retransmits":	0,
					"snd_cwnd":	17520,
					"rtt":	464,
					"omitted":	false
				}],
			"sum":	{
				"start":	1.005900,
				"end":	2.016153,
				"seconds":	1.010253,
				"bytes":	12704920,
				"bits_per_second":	100607808.919633,
				"retransmits":	0,
				"omitted":	false
			}
		}, {
			"streams":	[{
					"socket":	334,
					"start":	2.016153,
					"end":	3.000462,
					"seconds":	0.984309,
					"bytes":	12630460,
					"bits_per_second":	102654435.046297,
					"retransmits":	0,
					"snd_cwnd":	17520,
					"rtt":	395,
					"omitted":	false
				}],
			"sum":	{
				"start":	2.016153,
				"end":	3.000462,
				"seconds":	0.984309,
				"bytes":	12630460,
				"bits_per_second":	102654435.046297,
				"retransmits":	0,
				"omitted":	false
			}
		}, {
			"streams":	[{
					"socket":	334,
					"start":	3.000462,
					"end":	4.004958,
					"seconds":	1.004496,
					"bytes":	12186620,
					"bits_per_second":	97056607.164986,
					"retransmits":	0,
					"snd_cwnd":	17520,
					"rtt":	11543,
					"omitted":	false
				}],
			"sum":	{
				"start":	3.000462,
				"end":	4.004958,
				"seconds":	1.004496,
				"bytes":	12186620,
				"bits_per_second":	97056607.164986,
				"retransmits":	0,
				"omitted":	false
			}
		}, {
			"streams":	[{
					"socket":	334,
					"start":	4.004958,
					"end":	5.000722,
					"seconds":	0.995764,
					"bytes":	13319580,
					"bits_per_second":	107009932.242564,
					"retransmits":	0,
					"snd_cwnd":	17520,
					"rtt":	201,
					"omitted":	false
				}],
			"sum":	{
				"start":	4.004958,
				"end":	5.000722,
				"seconds":	0.995764,
				"bytes":	13319580,
				"bits_per_second":	107009932.242564,
				"retransmits":	0,
				"omitted":	false
			}
		}, {
			"streams":	[{
					"socket":	334,
					"start":	5.000722,
					"end":	6.011190,
					"seconds":	1.010468,
					"bytes":	13213000,
					"bits_per_second":	104608952.839996,
					"retransmits":	0,
					"snd_cwnd":	17520,
					"rtt":	11520,
					"omitted":	false
				}],
			"sum":	{
				"start":	5.000722,
				"end":	6.011190,
				"seconds":	1.010468,
				"bytes":	13213000,
				"bits_per_second":	104608952.839996,
				"retransmits":	0,
				"omitted":	false
			}
		}, {
			"streams":	[{
					"socket":	334,
					"start":	6.011190,
					"end":	7.023561,
					"seconds":	1.012371,
					"bytes":	13569240,
					"bits_per_second":	107227403.017028,
					"retransmits":	0,
					"snd_cwnd":	17520,
					"rtt":	11724,
					"omitted":	false
				}],
			"sum":	{
				"start":	6.011190,
				"end":	7.023561,
				"seconds":	1.012371,
				"bytes":	13569240,
				"bits_per_second":	107227403.017028,
				"retransmits":	0,
				"omitted":	false
			}
		}, {
			"streams":	[{
					"socket":	334,
					"start":	7.023561,
					"end":	8.002144,
					"seconds":	0.978583,
					"bytes":	12745800,
					"bits_per_second":	104197998.376309,
					"retransmits":	0,
					"snd_cwnd":	17520,
					"rtt":	1504,
					"omitted":	false
				}],
			"sum":	{
				"start":	7.023561,
				"end":	8.002144,
				"seconds":	0.978583,
				"bytes":	12745800,
				"bits_per_second":	104197998.376309,
				"retransmits":	0,
				"omitted":	false
			}
		}, {
			"streams":	[{
					"socket":	334,
					"start":	8.002144,
					"end":	9.007068,
					"seconds":	1.004924,
					"bytes":	12915160,
					"bits_per_second":	102815037.212517,
					"retransmits":	0,
					"snd_cwnd":	17520,
					"rtt":	387,
					"omitted":	false
				}],
			"sum":	{
				"start":	8.002144,
				"end":	9.007068,
				"seconds":	1.004924,
				"bytes":	12915160,
				"bits_per_second":	102815037.212517,
				"retransmits":	0,
				"omitted":	false
			}
		}, {
			"streams":	[{
					"socket":	334,
					"start":	9.007068,
					"end":	10.023168,
					"seconds":	1.016100,
					"bytes":	13278700,
					"bits_per_second":	104546385.604129,
					"retransmits":	0,
					"snd_cwnd":	17520,
					"rtt":	1290,
					"omitted":	false
				}],
			"sum":	{
				"start":	9.007068,
				"end":	10.023168,
				"seconds":	1.016100,
				"bytes":	13278700,
				"bits_per_second":	104546385.604129,
				"retransmits":	0,
				"omitted":	false
			}
		}],
	"end":	{
		"streams":	[{
				"sender":	{
					"socket":	334,
					"start":	0,
					"end":	10.023168,
					"seconds":	10.023168,
					"bytes":	129342204,
					"bits_per_second":	103234588.407379,
					"retransmits":	0,
					"max_snd_cwnd":	17520,
					"max_rtt":	11724,
					"min_rtt":	201,
					"mean_rtt":	4200
				},
				"receiver":	{
					"socket":	334,
					"start":	0,
					"end":	10.023168,
					"seconds":	10.023168,
					"bytes":	129051664,
					"bits_per_second":	103002693.663140
				}
			}],
		"sum_sent":	{
			"start":	0,
			"end":	10.023168,
			"seconds":	10.023168,
			"bytes":	129342204,
			"bits_per_second":	103234588.407379,
			"retransmits":	0
		},
		"sum_received":	{
			"start":	0,
			"end":	10.023168,
			"seconds":	10.023168,
			"bytes":	129051664,
			"bits_per_second":	103002693.663140
		},
		"cpu_utilization_percent":	{
			"host_total":	172.765148,
			"host_user":	104.316049,
			"host_system":	68.417008,
			"remote_total":	0.885482,
			"remote_user":	0.094417,
			"remote_system":	0.791066
		}
	}
}
