{
	"start":	{
		"connected":	[{
				"socket":	108,
				"local_host":	"10.0.2.15",
				"local_port":	53848,
				"remote_host":	"10.0.0.252",
				"remote_port":	5201
			}],
		"version":	"iperf 3.1.3",
		"system_info":	"Linux localhost 3.18.56+ #1 SMP PREEMPT Fri Oct 13 14:54:31 PDT 2017 i686",
		"timestamp":	{
			"time":	"Thu, 07 Dec 2017 05:36:37 GMT",
			"timesecs":	1512624997
		},
		"connecting_to":	{
			"host":	"10.0.0.252",
			"port":	5201
		},
		"cookie":	"localhost.1512624997.442785.09b1da6b",
		"tcp_mss_default":	1460,
		"test_start":	{
			"protocol":	"TCP",
			"num_streams":	1,
			"blksize":	131072,
			"omit":	0,
			"duration":	10,
			"bytes":	0,
			"blocks":	0,
			"reverse":	0
		}
	},
	"intervals":	[{
			"streams":	[{
					"socket":	108,
					"start":	0,
					"end":	1.001487,
					"seconds":	1.001487,
					"bytes":	1478980,
					"bits_per_second":	11814271.980528,
					"retransmits":	0,
					"snd_cwnd":	17520,
					"rtt":	444,
					"omitted":	false
				}],
			"sum":	{
				"start":	0,
				"end":	1.001487,
				"seconds":	1.001487,
				"bytes":	1478980,
				"bits_per_second":	11814271.980528,
				"retransmits":	0,
				"omitted":	false
			}
		}, {
			"streams":	[{
					"socket":	108,
					"start":	1.001487,
					"end":	2.000933,
					"seconds":	0.999446,
					"bytes":	1097920,
					"bits_per_second":	8788229.424148,
					"retransmits":	0,
					"snd_cwnd":	17520,
					"rtt":	483,
					"omitted":	false
				}],
			"sum":	{
				"start":	1.001487,
				"end":	2.000933,
				"seconds":	0.999446,
				"bytes":	1097920,
				"bits_per_second":	8788229.424148,
				"retransmits":	0,
				"omitted":	false
			}
		}, {
			"streams":	[{
					"socket":	108,
					"start":	2.000933,
					"end":	3.000838,
					"seconds":	0.999905,
					"bytes":	1089160,
					"bits_per_second":	8714106.886783,
					"retransmits":	0,
					"snd_cwnd":	17520,
					"rtt":	489,
					"omitted":	false
				}],
			"sum":	{
				"start":	2.000933,
				"end":	3.000838,
				"seconds":	0.999905,
				"bytes":	1089160,
				"bits_per_second":	8714106.886783,
				"retransmits":	0,
				"omitted":	false
			}
		}, {
			"streams":	[{
					"socket":	108,
					"start":	3.000838,
					"end":	4.001678,
					"seconds":	1.000840,
					"bytes":	1093540,
					"bits_per_second":	8740978.027270,
					"retransmits":	0,
					"snd_cwnd":	17520,
					"rtt":	391,
					"omitted":	false
				}],
			"sum":	{
				"start":	3.000838,
				"end":	4.001678,
				"seconds":	1.000840,
				"bytes":	1093540,
				"bits_per_second":	8740978.027270,
				"retransmits":	0,
				"omitted":	false
			}
		}, {
			"streams":	[{
					"socket":	108,
					"start":	4.001678,
					"end":	5.001314,
					"seconds":	0.999636,
					"bytes":	1100840,
					"bits_per_second":	8809927.387715,
					"retransmits":	0,
					"snd_cwnd":	17520,
					"rtt":	397,
					"omitted":	false
				}],
			"sum":	{
				"start":	4.001678,
				"end":	5.001314,
				"seconds":	0.999636,
				"bytes":	1100840,
				"bits_per_second":	8809927.387715,
				"retransmits":	0,
				"omitted":	false
			}
		}, {
			"streams":	[{
					"socket":	108,
					"start":	5.001314,
					"end":	6.001097,
					"seconds":	0.999783,
					"bytes":	1147560,
					"bits_per_second":	9182472.237505,
					"retransmits":	0,
					"snd_cwnd":	17520,
					"rtt":	448,
					"omitted":	false
				}],
			"sum":	{
				"start":	5.001314,
				"end":	6.001097,
				"seconds":	0.999783,
				"bytes":	1147560,
				"bits_per_second":	9182472.237505,
				"retransmits":	0,
				"omitted":	false
			}
		}, {
			"streams":	[{
					"socket":	108,
					"start":	6.001097,
					"end":	7.003942,
					"seconds":	1.002845,
					"bytes":	1359260,
					"bits_per_second":	10843230.479005,
					"retransmits":	0,
					"snd_cwnd":	17520,
					"rtt":	510,
					"omitted":	false
				}],
			"sum":	{
				"start":	6.001097,
				"end":	7.003942,
				"seconds":	1.002845,
				"bytes":	1359260,
				"bits_per_second":	10843230.479005,
				"retransmits":	0,
				"omitted":	false
			}
		}, {
			"streams":	[{
					"socket":	108,
					"start":	7.003942,
					"end":	8.001384,
					"seconds":	0.997442,
					"bytes":	1087700,
					"bits_per_second":	8723915.714765,
					"retransmits":	0,
					"snd_cwnd":	17520,
					"rtt":	467,
					"omitted":	false
				}],
			"sum":	{
				"start":	7.003942,
				"end":	8.001384,
				"seconds":	0.997442,
				"bytes":	1087700,
				"bits_per_second":	8723915.714765,
				"retransmits":	0,
				"omitted":	false
			}
		}, {
			"streams":	[{
					"socket":	108,
					"start":	8.001384,
					"end":	9.000613,
					"seconds":	0.999229,
					"bytes":	1090620,
					"bits_per_second":	8731692.533849,
					"retransmits":	0,
					"snd_cwnd":	17520,
					"rtt":	637,
					"omitted":	false
				}],
			"sum":	{
				"start":	8.001384,
				"end":	9.000613,
				"seconds":	0.999229,
				"bytes":	1090620,
				"bits_per_second":	8731692.533849,
				"retransmits":	0,
				"omitted":	false
			}
		}, {
			"streams":	[{
					"socket":	108,
					"start":	9.000613,
					"end":	10.001338,
					"seconds":	1.000725,
					"bytes":	1029300,
					"bits_per_second":	8228434.131004,
					"retransmits":	0,
					"snd_cwnd":	17520,
					"rtt":	496,
					"omitted":	false
				}],
			"sum":	{
				"start":	9.000613,
				"end":	10.001338,
				"seconds":	1.000725,
				"bytes":	1029300,
				"bits_per_second":	8228434.131004,
				"retransmits":	0,
				"omitted":	false
			}
		}],
	"end":	{
		"streams":	[{
				"sender":	{
					"socket":	108,
					"start":	0,
					"end":	10.001338,
					"seconds":	10.001338,
					"bytes":	11574880,
					"bits_per_second":	9258665.185908,
					"retransmits":	0,
					"max_snd_cwnd":	17520,
					"max_rtt":	637,
					"min_rtt":	391,
					"mean_rtt":	476
				},
				"receiver":	{
					"socket":	108,
					"start":	0,
					"end":	10.001338,
					"seconds":	10.001338,
					"bytes":	11231780,
					"bits_per_second":	8984221.906558
				}
			}],
		"sum_sent":	{
			"start":	0,
			"end":	10.001338,
			"seconds":	10.001338,
			"bytes":	11574880,
			"bits_per_second":	9258665.185908,
			"retransmits":	0
		},
		"sum_received":	{
			"start":	0,
			"end":	10.001338,
			"seconds":	10.001338,
			"bytes":	11231780,
			"bits_per_second":	8984221.906558
		},
		"cpu_utilization_percent":	{
			"host_total":	120.651542,
			"host_user":	96.058280,
			"host_system":	24.607522,
			"remote_total":	0.186811,
			"remote_user":	0.068030,
			"remote_system":	0.118782
		}
	}
}
