{
	"start":	{
		"connected":	[{
				"socket":	571,
				"local_host":	"10.0.2.15",
				"local_port":	50012,
				"remote_host":	"128.61.92.187",
				"remote_port":	5201
			}],
		"version":	"iperf 3.1.3",
		"system_info":	"Linux localhost 3.18.56+ #1 SMP PREEMPT Fri Oct 13 14:54:31 PDT 2017 i686",
		"timestamp":	{
			"time":	"Thu, 07 Dec 2017 06:52:14 GMT",
			"timesecs":	1512629534
		},
		"connecting_to":	{
			"host":	"128.61.92.187",
			"port":	5201
		},
		"cookie":	"localhost.1512629534.587033.3206b24d",
		"tcp_mss_default":	1460,
		"test_start":	{
			"protocol":	"TCP",
			"num_streams":	1,
			"blksize":	131072,
			"omit":	0,
			"duration":	10,
			"bytes":	0,
			"blocks":	0,
			"reverse":	0
		}
	},
	"intervals":	[{
			"streams":	[{
					"socket":	571,
					"start":	0,
					"end":	1.089914,
					"seconds":	1.089914,
					"bytes":	12136608,
					"bits_per_second":	89083043.766089,
					"retransmits":	0,
					"snd_cwnd":	20440,
					"rtt":	501,
					"omitted":	false
				}],
			"sum":	{
				"start":	0,
				"end":	1.089914,
				"seconds":	1.089914,
				"bytes":	12136608,
				"bits_per_second":	89083043.766089,
				"retransmits":	0,
				"omitted":	false
			}
		}, {
			"streams":	[{
					"socket":	571,
					"start":	1.089914,
					"end":	2.034979,
					"seconds":	0.945065,
					"bytes":	10781992,
					"bits_per_second":	91269842.853496,
					"retransmits":	0,
					"snd_cwnd":	20440,
					"rtt":	512,
					"omitted":	false
				}],
			"sum":	{
				"start":	1.089914,
				"end":	2.034979,
				"seconds":	0.945065,
				"bytes":	10781992,
				"bits_per_second":	91269842.853496,
				"retransmits":	0,
				"omitted":	false
			}
		}, {
			"streams":	[{
					"socket":	571,
					"start":	2.034979,
					"end":	3.161412,
					"seconds":	1.126433,
					"bytes":	13483532,
					"bits_per_second":	95760924.965494,
					"retransmits":	0,
					"snd_cwnd":	20440,
					"rtt":	450,
					"omitted":	false
				}],
			"sum":	{
				"start":	2.034979,
				"end":	3.161412,
				"seconds":	1.126433,
				"bytes":	13483532,
				"bits_per_second":	95760924.965494,
				"retransmits":	0,
				"omitted":	false
			}
		}, {
			"streams":	[{
					"socket":	571,
					"start":	3.161412,
					"end":	4.118785,
					"seconds":	0.957373,
					"bytes":	11739392,
					"bits_per_second":	98096689.635584,
					"retransmits":	0,
					"snd_cwnd":	20440,
					"rtt":	467,
					"omitted":	false
				}],
			"sum":	{
				"start":	3.161412,
				"end":	4.118785,
				"seconds":	0.957373,
				"bytes":	11739392,
				"bits_per_second":	98096689.635584,
				"retransmits":	0,
				"omitted":	false
			}
		}, {
			"streams":	[{
					"socket":	571,
					"start":	4.118785,
					"end":	5.057067,
					"seconds":	0.938282,
					"bytes":	11314300,
					"bits_per_second":	96468224.640091,
					"retransmits":	0,
					"snd_cwnd":	20440,
					"rtt":	469,
					"omitted":	false
				}],
			"sum":	{
				"start":	4.118785,
				"end":	5.057067,
				"seconds":	0.938282,
				"bytes":	11314300,
				"bits_per_second":	96468224.640091,
				"retransmits":	0,
				"omitted":	false
			}
		}, {
			"streams":	[{
					"socket":	571,
					"start":	5.057067,
					"end":	6.014215,
					"seconds":	0.957148,
					"bytes":	10766916,
					"bits_per_second":	89991665.549082,
					"retransmits":	0,
					"snd_cwnd":	20440,
					"rtt":	521,
					"omitted":	false
				}],
			"sum":	{
				"start":	5.057067,
				"end":	6.014215,
				"seconds":	0.957148,
				"bytes":	10766916,
				"bits_per_second":	89991665.549082,
				"retransmits":	0,
				"omitted":	false
			}
		}, {
			"streams":	[{
					"socket":	571,
					"start":	6.014215,
					"end":	7.020236,
					"seconds":	1.006021,
					"bytes":	12808440,
					"bits_per_second":	101854253.219432,
					"retransmits":	0,
					"snd_cwnd":	20440,
					"rtt":	443,
					"omitted":	false
				}],
			"sum":	{
				"start":	6.014215,
				"end":	7.020236,
				"seconds":	1.006021,
				"bytes":	12808440,
				"bits_per_second":	101854253.219432,
				"retransmits":	0,
				"omitted":	false
			}
		}, {
			"streams":	[{
					"socket":	571,
					"start":	7.020236,
					"end":	8.006287,
					"seconds":	0.986051,
					"bytes":	13814348,
					"bits_per_second":	112078152.895846,
					"retransmits":	0,
					"snd_cwnd":	20440,
					"rtt":	500,
					"omitted":	false
				}],
			"sum":	{
				"start":	7.020236,
				"end":	8.006287,
				"seconds":	0.986051,
				"bytes":	13814348,
				"bits_per_second":	112078152.895846,
				"retransmits":	0,
				"omitted":	false
			}
		}, {
			"streams":	[{
					"socket":	571,
					"start":	8.006287,
					"end":	9.000453,
					"seconds":	0.994166,
					"bytes":	12510008,
					"bits_per_second":	100667367.755037,
					"retransmits":	0,
					"snd_cwnd":	20440,
					"rtt":	635,
					"omitted":	false
				}],
			"sum":	{
				"start":	8.006287,
				"end":	9.000453,
				"seconds":	0.994166,
				"bytes":	12510008,
				"bits_per_second":	100667367.755037,
				"retransmits":	0,
				"omitted":	false
			}
		}, {
			"streams":	[{
					"socket":	571,
					"start":	9.000453,
					"end":	10.043885,
					"seconds":	1.043432,
					"bytes":	12617984,
					"bits_per_second":	96742166.486443,
					"retransmits":	0,
					"snd_cwnd":	20440,
					"rtt":	418,
					"omitted":	false
				}],
			"sum":	{
				"start":	9.000453,
				"end":	10.043885,
				"seconds":	1.043432,
				"bytes":	12617984,
				"bits_per_second":	96742166.486443,
				"retransmits":	0,
				"omitted":	false
			}
		}],
	"end":	{
		"streams":	[{
				"sender":	{
					"socket":	571,
					"start":	0,
					"end":	10.043885,
					"seconds":	10.043885,
					"bytes":	121973520,
					"bits_per_second":	97152462.490259,
					"retransmits":	0,
					"max_snd_cwnd":	20440,
					"max_rtt":	635,
					"min_rtt":	418,
					"mean_rtt":	491
				},
				"receiver":	{
					"socket":	571,
					"start":	0,
					"end":	10.043885,
					"seconds":	10.043885,
					"bytes":	121973520,
					"bits_per_second":	97152462.490259
				}
			}],
		"sum_sent":	{
			"start":	0,
			"end":	10.043885,
			"seconds":	10.043885,
			"bytes":	121973520,
			"bits_per_second":	97152462.490259,
			"retransmits":	0
		},
		"sum_received":	{
			"start":	0,
			"end":	10.043885,
			"seconds":	10.043885,
			"bytes":	121973520,
			"bits_per_second":	97152462.490259
		},
		"cpu_utilization_percent":	{
			"host_total":	141.394932,
			"host_user":	53.445501,
			"host_system":	88.016197,
			"remote_total":	2.073138,
			"remote_user":	0.929527,
			"remote_system":	1.143611
		}
	}
}
