{
	"end": {
		"sum_sent": {
			"start": 0,
			"end": 10.001692666666665,
			"seconds": 10.001692666666665,
			"bytes": 12582061.333333334,
			"bits_per_second": 10063981.133244334,
			"retransmits": 0
		},
		"sum_received": {
			"start": 0,
			"end": 10.001692666666665,
			"seconds": 10.001692666666665,
			"bytes": 12243341.333333334,
			"bits_per_second": 9793050.354425
		},
		"cpu_utilization_percent": {
			"host_total": 118.14448833333334,
			"host_user": 85.84834066666667,
			"host_system": 32.296347,
			"host_user_normalized": 72.65433458254562,
			"host_system_normalized": 27.346203103481184,
			"remote_total": 0.16834066666666667,
			"remote_user": 0.08780366666666665,
			"remote_system": 0.08053666666666666,
			"remote_user_normalized": 52.296285613302,
			"remote_system_normalized": 47.703479810108746
		}
	}
}
