{
	"end": {
		"sum_sent": {
			"start": 0,
			"end": 10.023602666666667,
			"seconds": 10.023602666666667,
			"bytes": 117462165.33333333,
			"bits_per_second": 93748379.98117967,
			"retransmits": 0
		},
		"sum_received": {
			"start": 0,
			"end": 10.023602666666667,
			"seconds": 10.023602666666667,
			"bytes": 117352178.66666667,
			"bits_per_second": 93660402.886977
		},
		"cpu_utilization_percent": {
			"host_total": 135.48414433333332,
			"host_user": 11.558156666666667,
			"host_system": 123.91483733333332,
			"host_user_normalized": 8.536250473137153,
			"host_system_normalized": 91.4554748890137,
			"remote_total": 3.126948,
			"remote_user": 1.1433039999999999,
			"remote_system": 1.9836446666666667,
			"remote_user_normalized": 36.96746503198127,
			"remote_system_normalized": 63.03256061270443
		}
	}
}
