{
	"end": {
		"sum_sent": {
			"start": 0,
			"end": 10.052136666666668,
			"seconds": 10.052136666666668,
			"bytes": 115086277.33333333,
			"bits_per_second": 91591799.58143033,
			"retransmits": 0
		},
		"sum_received": {
			"start": 0,
			"end": 10.052136666666668,
			"seconds": 10.052136666666668,
			"bytes": 114975317.33333333,
			"bits_per_second": 91503425.139459
		},
		"cpu_utilization_percent": {
			"host_total": 136.981099,
			"host_user": 8.901651,
			"host_system": 127.695513,
			"host_user_normalized": 6.477430461057808,
			"host_system_normalized": 93.24223402108412,
			"remote_total": 4.13133,
			"remote_user": 1.7148523333333336,
			"remote_system": 2.4164776666666667,
			"remote_user_normalized": 42.790759890712934,
			"remote_system_normalized": 57.209240109287066
		}
	}
}
