{
	"start":	{
		"connected":	[{
				"socket":	193,
				"local_host":	"10.0.2.15",
				"local_port":	53684,
				"remote_host":	"192.168.1.4",
				"remote_port":	5201
			}],
		"version":	"iperf 3.1.3",
		"system_info":	"Linux localhost 3.18.48+ #1 SMP PREEMPT Wed Apr 19 00:58:20 UTC 2017 i686",
		"timestamp":	{
			"time":	"Thu, 07 Dec 2017 05:26:29 GMT",
			"timesecs":	1512624389
		},
		"connecting_to":	{
			"host":	"192.168.1.4",
			"port":	5201
		},
		"cookie":	"localhost.1512624389.331424.05c56948",
		"tcp_mss_default":	1460,
		"test_start":	{
			"protocol":	"TCP",
			"num_streams":	1,
			"blksize":	131072,
			"omit":	0,
			"duration":	10,
			"bytes":	0,
			"blocks":	0,
			"reverse":	0
		}
	},
	"intervals":	[{
			"streams":	[{
					"socket":	193,
					"start":	0,
					"end":	1.000796,
					"seconds":	1.000796,
					"bytes":	17522264,
					"bits_per_second":	140066607.825879,
					"retransmits":	0,
					"snd_cwnd":	17520,
					"rtt":	179,
					"omitted":	false
				}],
			"sum":	{
				"start":	0,
				"end":	1.000796,
				"seconds":	1.000796,
				"bytes":	17522264,
				"bits_per_second":	140066607.825879,
				"retransmits":	0,
				"omitted":	false
			}
		}, {
			"streams":	[{
					"socket":	193,
					"start":	1.000796,
					"end":	2.012033,
					"seconds":	1.011237,
					"bytes":	17133100,
					"bits_per_second":	135541730.310426,
					"retransmits":	0,
					"snd_cwnd":	17520,
					"rtt":	1374,
					"omitted":	false
				}],
			"sum":	{
				"start":	1.000796,
				"end":	2.012033,
				"seconds":	1.011237,
				"bytes":	17133100,
				"bits_per_second":	135541730.310426,
				"retransmits":	0,
				"omitted":	false
			}
		}, {
			"streams":	[{
					"socket":	193,
					"start":	2.012033,
					"end":	3.006201,
					"seconds":	0.994168,
					"bytes":	16787080,
					"bits_per_second":	135084446.665872,
					"retransmits":	0,
					"snd_cwnd":	17520,
					"rtt":	2512,
					"omitted":	false
				}],
			"sum":	{
				"start":	2.012033,
				"end":	3.006201,
				"seconds":	0.994168,
				"bytes":	16787080,
				"bits_per_second":	135084446.665872,
				"retransmits":	0,
				"omitted":	false
			}
		}, {
			"streams":	[{
					"socket":	193,
					"start":	3.006201,
					"end":	4.000357,
					"seconds":	0.994156,
					"bytes":	16641884,
					"bits_per_second":	133917702.616794,
					"retransmits":	0,
					"snd_cwnd":	17520,
					"rtt":	221,
					"omitted":	false
				}],
			"sum":	{
				"start":	3.006201,
				"end":	4.000357,
				"seconds":	0.994156,
				"bytes":	16641884,
				"bits_per_second":	133917702.616794,
				"retransmits":	0,
				"omitted":	false
			}
		}, {
			"streams":	[{
					"socket":	193,
					"start":	4.000357,
					"end":	5.000464,
					"seconds":	1.000107,
					"bytes":	19073440,
					"bits_per_second":	152571187.263250,
					"retransmits":	0,
					"snd_cwnd":	17520,
					"rtt":	4850,
					"omitted":	false
				}],
			"sum":	{
				"start":	4.000357,
				"end":	5.000464,
				"seconds":	1.000107,
				"bytes":	19073440,
				"bits_per_second":	152571187.263250,
				"retransmits":	0,
				"omitted":	false
			}
		}, {
			"streams":	[{
					"socket":	193,
					"start":	5.000464,
					"end":	6.010097,
					"seconds":	1.009633,
					"bytes":	19026720,
					"bits_per_second":	150761465.117085,
					"retransmits":	0,
					"snd_cwnd":	17520,
					"rtt":	2948,
					"omitted":	false
				}],
			"sum":	{
				"start":	5.000464,
				"end":	6.010097,
				"seconds":	1.009633,
				"bytes":	19026720,
				"bits_per_second":	150761465.117085,
				"retransmits":	0,
				"omitted":	false
			}
		}, {
			"streams":	[{
					"socket":	193,
					"start":	6.010097,
					"end":	7.000641,
					"seconds":	0.990544,
					"bytes":	19463260,
					"bits_per_second":	157192479.394335,
					"retransmits":	0,
					"snd_cwnd":	17520,
					"rtt":	304,
					"omitted":	false
				}],
			"sum":	{
				"start":	6.010097,
				"end":	7.000641,
				"seconds":	0.990544,
				"bytes":	19463260,
				"bits_per_second":	157192479.394335,
				"retransmits":	0,
				"omitted":	false
			}
		}, {
			"streams":	[{
					"socket":	193,
					"start":	7.000641,
					"end":	8.001010,
					"seconds":	1.000369,
					"bytes":	18360960,
					"bits_per_second":	146833522.871694,
					"retransmits":	0,
					"snd_cwnd":	17520,
					"rtt":	229,
					"omitted":	false
				}],
			"sum":	{
				"start":	7.000641,
				"end":	8.001010,
				"seconds":	1.000369,
				"bytes":	18360960,
				"bits_per_second":	146833522.871694,
				"retransmits":	0,
				"omitted":	false
			}
		}, {
			"streams":	[{
					"socket":	193,
					"start":	8.001010,
					"end":	9.003212,
					"seconds":	1.002202,
					"bytes":	19515820,
					"bits_per_second":	155783519.394187,
					"retransmits":	0,
					"snd_cwnd":	17520,
					"rtt":	9873,
					"omitted":	false
				}],
			"sum":	{
				"start":	8.001010,
				"end":	9.003212,
				"seconds":	1.002202,
				"bytes":	19515820,
				"bits_per_second":	155783519.394187,
				"retransmits":	0,
				"omitted":	false
			}
		}, {
			"streams":	[{
					"socket":	193,
					"start":	9.003212,
					"end":	10.019168,
					"seconds":	1.015956,
					"bytes":	19007740,
					"bits_per_second":	149673701.953986,
					"retransmits":	0,
					"snd_cwnd":	17520,
					"rtt":	294,
					"omitted":	false
				}],
			"sum":	{
				"start":	9.003212,
				"end":	10.019168,
				"seconds":	1.015956,
				"bytes":	19007740,
				"bits_per_second":	149673701.953986,
				"retransmits":	0,
				"omitted":	false
			}
		}],
	"end":	{
		"streams":	[{
				"sender":	{
					"socket":	193,
					"start":	0,
					"end":	10.019168,
					"seconds":	10.019168,
					"bytes":	182532268,
					"bits_per_second":	145746445.594438,
					"retransmits":	0,
					"max_snd_cwnd":	17520,
					"max_rtt":	9873,
					"min_rtt":	179,
					"mean_rtt":	2278
				},
				"receiver":	{
					"socket":	193,
					"start":	0,
					"end":	10.019168,
					"seconds":	10.019168,
					"bytes":	182244648,
					"bits_per_second":	145516789.801842
				}
			}],
		"sum_sent":	{
			"start":	0,
			"end":	10.019168,
			"seconds":	10.019168,
			"bytes":	182532268,
			"bits_per_second":	145746445.594438,
			"retransmits":	0
		},
		"sum_received":	{
			"start":	0,
			"end":	10.019168,
			"seconds":	10.019168,
			"bytes":	182244648,
			"bits_per_second":	145516789.801842
		},
		"cpu_utilization_percent":	{
			"host_total":	163.636073,
			"host_user":	111.682977,
			"host_system":	51.952528,
			"remote_total":	0.799641,
			"remote_user":	0.083482,
			"remote_system":	0.716159
		}
	}
}
