{
	"start":	{
		"connected":	[{
<<<<<<< HEAD
				"socket":	77,
				"local_host":	"10.0.2.15",
				"local_port":	40680,
=======
				"socket":	588,
				"local_host":	"10.0.2.15",
				"local_port":	40487,
>>>>>>> 067a8e7... add compression data
				"remote_host":	"128.61.8.181",
				"remote_port":	5201
			}],
		"version":	"iperf 3.1.3",
		"system_info":	"Linux localhost 3.18.48+ #1 SMP PREEMPT Wed Apr 19 00:58:20 UTC 2017 i686",
		"timestamp":	{
<<<<<<< HEAD
			"time":	"Sat, 09 Dec 2017 01:03:16 GMT",
			"timesecs":	1512781396
=======
			"time":	"Fri, 08 Dec 2017 22:18:13 GMT",
			"timesecs":	1512771493
>>>>>>> 067a8e7... add compression data
		},
		"connecting_to":	{
			"host":	"128.61.8.181",
			"port":	5201
		},
<<<<<<< HEAD
		"cookie":	"localhost.1512781396.596655.1e05d9fd",
=======
		"cookie":	"localhost.1512771493.107152.458ea4a3",
>>>>>>> 067a8e7... add compression data
		"tcp_mss_default":	1460,
		"test_start":	{
			"protocol":	"TCP",
			"num_streams":	1,
			"blksize":	131072,
			"omit":	0,
			"duration":	10,
			"bytes":	0,
			"blocks":	0,
			"reverse":	0
		}
	},
	"intervals":	[{
			"streams":	[{
<<<<<<< HEAD
					"socket":	77,
					"start":	0,
					"end":	1.001337,
					"seconds":	1.001337,
					"bytes":	4739604,
					"bits_per_second":	37866202.940664,
					"retransmits":	0,
					"snd_cwnd":	17520,
					"rtt":	869,
=======
					"socket":	588,
					"start":	0,
					"end":	1.001228,
					"seconds":	1.001228,
					"bytes":	11560280,
					"bits_per_second":	92368824.414069,
					"retransmits":	0,
					"snd_cwnd":	17520,
					"rtt":	324,
>>>>>>> 067a8e7... add compression data
					"omitted":	false
				}],
			"sum":	{
				"start":	0,
<<<<<<< HEAD
				"end":	1.001337,
				"seconds":	1.001337,
				"bytes":	4739604,
				"bits_per_second":	37866202.940664,
=======
				"end":	1.001228,
				"seconds":	1.001228,
				"bytes":	11560280,
				"bits_per_second":	92368824.414069,
>>>>>>> 067a8e7... add compression data
				"retransmits":	0,
				"omitted":	false
			}
		}, {
			"streams":	[{
<<<<<<< HEAD
					"socket":	77,
					"start":	1.001337,
					"end":	2.106537,
					"seconds":	1.105200,
					"bytes":	4586336,
					"bits_per_second":	33198239.395668,
					"retransmits":	0,
					"snd_cwnd":	17520,
					"rtt":	1882,
					"omitted":	false
				}],
			"sum":	{
				"start":	1.001337,
				"end":	2.106537,
				"seconds":	1.105200,
				"bytes":	4586336,
				"bits_per_second":	33198239.395668,
=======
					"socket":	588,
					"start":	1.001228,
					"end":	2.007469,
					"seconds":	1.006241,
					"bytes":	14300700,
					"bits_per_second":	113696013.725071,
					"retransmits":	0,
					"snd_cwnd":	17520,
					"rtt":	316,
					"omitted":	false
				}],
			"sum":	{
				"start":	1.001228,
				"end":	2.007469,
				"seconds":	1.006241,
				"bytes":	14300700,
				"bits_per_second":	113696013.725071,
>>>>>>> 067a8e7... add compression data
				"retransmits":	0,
				"omitted":	false
			}
		}, {
			"streams":	[{
<<<<<<< HEAD
					"socket":	77,
					"start":	2.106537,
					"end":	3.072522,
					"seconds":	0.965985,
					"bytes":	4424540,
					"bits_per_second":	36642719.929431,
					"retransmits":	0,
					"snd_cwnd":	17520,
					"rtt":	663,
					"omitted":	false
				}],
			"sum":	{
				"start":	2.106537,
				"end":	3.072522,
				"seconds":	0.965985,
				"bytes":	4424540,
				"bits_per_second":	36642719.929431,
=======
					"socket":	588,
					"start":	2.007469,
					"end":	3.018199,
					"seconds":	1.010730,
					"bytes":	15813260,
					"bits_per_second":	125163076.663749,
					"retransmits":	0,
					"snd_cwnd":	17520,
					"rtt":	10390,
					"omitted":	false
				}],
			"sum":	{
				"start":	2.007469,
				"end":	3.018199,
				"seconds":	1.010730,
				"bytes":	15813260,
				"bits_per_second":	125163076.663749,
>>>>>>> 067a8e7... add compression data
				"retransmits":	0,
				"omitted":	false
			}
		}, {
			"streams":	[{
<<<<<<< HEAD
					"socket":	77,
					"start":	3.072522,
					"end":	4.034548,
					"seconds":	0.962026,
					"bytes":	4550248,
					"bits_per_second":	37838872.845837,
					"retransmits":	0,
					"snd_cwnd":	17520,
					"rtt":	3794,
					"omitted":	false
				}],
			"sum":	{
				"start":	3.072522,
				"end":	4.034548,
				"seconds":	0.962026,
				"bytes":	4550248,
				"bits_per_second":	37838872.845837,
=======
					"socket":	588,
					"start":	3.018199,
					"end":	4.000360,
					"seconds":	0.982161,
					"bytes":	11329600,
					"bits_per_second":	92283032.863646,
					"retransmits":	0,
					"snd_cwnd":	17520,
					"rtt":	420,
					"omitted":	false
				}],
			"sum":	{
				"start":	3.018199,
				"end":	4.000360,
				"seconds":	0.982161,
				"bytes":	11329600,
				"bits_per_second":	92283032.863646,
>>>>>>> 067a8e7... add compression data
				"retransmits":	0,
				"omitted":	false
			}
		}, {
			"streams":	[{
<<<<<<< HEAD
					"socket":	77,
					"start":	4.034548,
					"end":	5.187408,
					"seconds":	1.152860,
					"bytes":	5586404,
					"bits_per_second":	38765535.156026,
					"retransmits":	0,
					"snd_cwnd":	17520,
					"rtt":	637,
					"omitted":	false
				}],
			"sum":	{
				"start":	4.034548,
				"end":	5.187408,
				"seconds":	1.152860,
				"bytes":	5586404,
				"bits_per_second":	38765535.156026,
=======
					"socket":	588,
					"start":	4.000360,
					"end":	5.001708,
					"seconds":	1.001348,
					"bytes":	13426160,
					"bits_per_second":	107264685.204262,
					"retransmits":	0,
					"snd_cwnd":	17520,
					"rtt":	9978,
					"omitted":	false
				}],
			"sum":	{
				"start":	4.000360,
				"end":	5.001708,
				"seconds":	1.001348,
				"bytes":	13426160,
				"bits_per_second":	107264685.204262,
>>>>>>> 067a8e7... add compression data
				"retransmits":	0,
				"omitted":	false
			}
		}, {
			"streams":	[{
<<<<<<< HEAD
					"socket":	77,
					"start":	5.187408,
					"end":	6.028682,
					"seconds":	0.841274,
					"bytes":	4002960,
					"bits_per_second":	38065694.556537,
					"retransmits":	0,
					"snd_cwnd":	17520,
					"rtt":	1049,
					"omitted":	false
				}],
			"sum":	{
				"start":	5.187408,
				"end":	6.028682,
				"seconds":	0.841274,
				"bytes":	4002960,
				"bits_per_second":	38065694.556537,
=======
					"socket":	588,
					"start":	5.001708,
					"end":	6.012463,
					"seconds":	1.010755,
					"bytes":	16622100,
					"bits_per_second":	131561875.228292,
					"retransmits":	0,
					"snd_cwnd":	17520,
					"rtt":	9435,
					"omitted":	false
				}],
			"sum":	{
				"start":	5.001708,
				"end":	6.012463,
				"seconds":	1.010755,
				"bytes":	16622100,
				"bits_per_second":	131561875.228292,
>>>>>>> 067a8e7... add compression data
				"retransmits":	0,
				"omitted":	false
			}
		}, {
			"streams":	[{
<<<<<<< HEAD
					"socket":	77,
					"start":	6.028682,
					"end":	7.002039,
					"seconds":	0.973357,
					"bytes":	5962460,
					"bits_per_second":	49005330.882920,
					"retransmits":	0,
					"snd_cwnd":	17520,
					"rtt":	11386,
					"omitted":	false
				}],
			"sum":	{
				"start":	6.028682,
				"end":	7.002039,
				"seconds":	0.973357,
				"bytes":	5962460,
				"bits_per_second":	49005330.882920,
=======
					"socket":	588,
					"start":	6.012463,
					"end":	7.000262,
					"seconds":	0.987799,
					"bytes":	15645360,
					"bits_per_second":	126708833.233695,
					"retransmits":	0,
					"snd_cwnd":	17520,
					"rtt":	375,
					"omitted":	false
				}],
			"sum":	{
				"start":	6.012463,
				"end":	7.000262,
				"seconds":	0.987799,
				"bytes":	15645360,
				"bits_per_second":	126708833.233695,
>>>>>>> 067a8e7... add compression data
				"retransmits":	0,
				"omitted":	false
			}
		}, {
			"streams":	[{
<<<<<<< HEAD
					"socket":	77,
					"start":	7.002039,
					"end":	8.000703,
					"seconds":	0.998664,
					"bytes":	5567900,
					"bits_per_second":	44602793.690835,
					"retransmits":	0,
					"snd_cwnd":	17520,
					"rtt":	918,
					"omitted":	false
				}],
			"sum":	{
				"start":	7.002039,
				"end":	8.000703,
				"seconds":	0.998664,
				"bytes":	5567900,
				"bits_per_second":	44602793.690835,
=======
					"socket":	588,