{
	"start":	{
		"connected":	[{
				"socket":	77,
				"local_host":	"10.0.2.15",
				"local_port":	40680,
				"remote_host":	"128.61.8.181",
				"remote_port":	5201
			}],
		"version":	"iperf 3.1.3",
		"system_info":	"Linux localhost 3.18.48+ #1 SMP PREEMPT Wed Apr 19 00:58:20 UTC 2017 i686",
		"timestamp":	{
			"time":	"Sat, 09 Dec 2017 01:03:16 GMT",
			"timesecs":	1512781396
		},
		"connecting_to":	{
			"host":	"128.61.8.181",
			"port":	5201
		},
		"cookie":	"localhost.1512781396.596655.1e05d9fd",
		"tcp_mss_default":	1460,
		"test_start":	{
			"protocol":	"TCP",
			"num_streams":	1,
			"blksize":	131072,
			"omit":	0,
			"duration":	10,
			"bytes":	0,
			"blocks":	0,
			"reverse":	0
		}
	},
	"intervals":	[{
			"streams":	[{
					"socket":	77,
					"start":	0,
					"end":	1.001337,
					"seconds":	1.001337,
					"bytes":	4739604,
					"bits_per_second":	37866202.940664,
					"retransmits":	0,
					"snd_cwnd":	17520,
					"rtt":	869,
					"omitted":	false
				}],
			"sum":	{
				"start":	0,
				"end":	1.001337,
				"seconds":	1.001337,
				"bytes":	4739604,
				"bits_per_second":	37866202.940664,
				"retransmits":	0,
				"omitted":	false
			}
		}, {
			"streams":	[{
					"socket":	77,
					"start":	1.001337,
					"end":	2.106537,
					"seconds":	1.105200,
					"bytes":	4586336,
					"bits_per_second":	33198239.395668,
					"retransmits":	0,
					"snd_cwnd":	17520,
					"rtt":	1882,
					"omitted":	false
				}],
			"sum":	{
				"start":	1.001337,
				"end":	2.106537,
				"seconds":	1.105200,
				"bytes":	4586336,
				"bits_per_second":	33198239.395668,
				"retransmits":	0,
				"omitted":	false
			}
		}, {
			"streams":	[{
					"socket":	77,
					"start":	2.106537,
					"end":	3.072522,
					"seconds":	0.965985,
					"bytes":	4424540,
					"bits_per_second":	36642719.929431,
					"retransmits":	0,
					"snd_cwnd":	17520,
					"rtt":	663,
					"omitted":	false
				}],
			"sum":	{
				"start":	2.106537,
				"end":	3.072522,
				"seconds":	0.965985,
				"bytes":	4424540,
				"bits_per_second":	36642719.929431,
				"retransmits":	0,
				"omitted":	false
			}
		}, {
			"streams":	[{
					"socket":	77,
					"start":	3.072522,
					"end":	4.034548,
					"seconds":	0.962026,
					"bytes":	4550248,
					"bits_per_second":	37838872.845837,
					"retransmits":	0,
					"snd_cwnd":	17520,
					"rtt":	3794,
					"omitted":	false
				}],
			"sum":	{
				"start":	3.072522,
				"end":	4.034548,
				"seconds":	0.962026,
				"bytes":	4550248,
				"bits_per_second":	37838872.845837,
				"retransmits":	0,
				"omitted":	false
			}
		}, {
			"streams":	[{
					"socket":	77,
					"start":	4.034548,
					"end":	5.187408,
					"seconds":	1.152860,
					"bytes":	5586404,
					"bits_per_second":	38765535.156026,
					"retransmits":	0,
					"snd_cwnd":	17520,
					"rtt":	637,
					"omitted":	false
				}],
			"sum":	{
				"start":	4.034548,
				"end":	5.187408,
				"seconds":	1.152860,
				"bytes":	5586404,
				"bits_per_second":	38765535.156026,
				"retransmits":	0,
				"omitted":	false
			}
		}, {
			"streams":	[{
					"socket":	77,
					"start":	5.187408,
					"end":	6.028682,
					"seconds":	0.841274,
					"bytes":	4002960,
					"bits_per_second":	38065694.556537,
					"retransmits":	0,
					"snd_cwnd":	17520,
					"rtt":	1049,
					"omitted":	false
				}],
			"sum":	{
				"start":	5.187408,
				"end":	6.028682,
				"seconds":	0.841274,
				"bytes":	4002960,
				"bits_per_second":	38065694.556537,
				"retransmits":	0,
				"omitted":	false
			}
		}, {
			"streams":	[{
					"socket":	77,
					"start":	6.028682,
					"end":	7.002039,
					"seconds":	0.973357,
					"bytes":	5962460,
					"bits_per_second":	49005330.882920,
					"retransmits":	0,
					"snd_cwnd":	17520,
					"rtt":	11386,
					"omitted":	false
				}],
			"sum":	{
				"start":	6.028682,
				"end":	7.002039,
				"seconds":	0.973357,
				"bytes":	5962460,
				"bits_per_second":	49005330.882920,
				"retransmits":	0,
				"omitted":	false
			}
		}, {
			"streams":	[{
					"socket":	77,
					"start":	7.002039,
					"end":	8.000703,
					"seconds":	0.998664,
					"bytes":	5567900,
					"bits_per_second":	44602793.690835,
					"retransmits":	0,
					"snd_cwnd":	17520,
					"rtt":	918,
					"omitted":	false
				}],
			"sum":	{
				"start":	7.002039,
				"end":	8.000703,
				"seconds":	0.998664,
				"bytes":	5567900,
				"bits_per_second":	44602793.690835,
				"retransmits":	0,
				"omitted":	false
			}
		}, {
			"streams":	[{
					"socket":	77,
					"start":	8.000703,
					"end":	9.001091,
					"seconds":	1.000388,
					"bytes":	5379772,
					"bits_per_second":	43021477.409430,
					"retransmits":	0,
					"snd_cwnd":	17520,
					"rtt":	871,
					"omitted":	false
				}],
			"sum":	{
				"start":	8.000703,
				"end":	9.001091,
				"seconds":	1.000388,
				"bytes":	5379772,
				"bits_per_second":	43021477.409430,
				"retransmits":	0,
				"omitted":	false
			}
		}, {
			"streams":	[{
					"socket":	77,
					"start":	9.001091,
					"end":	10.200357,
					"seconds":	1.199266,
					"bytes":	5840296,
					"bits_per_second":	38959138.072763,
					"retransmits":	0,
					"snd_cwnd":	17520,
					"rtt":	1055,
					"omitted":	false
				}],
			"sum":	{
				"start":	9.001091,
				"end":	10.200357,
				"seconds":	1.199266,
				"bytes":	5840296,
				"bits_per_second":	38959138.072763,
				"retransmits":	0,
				"omitted":	false
			}
		}],
	"end":	{
		"streams":	[{
				"sender":	{
					"socket":	77,
					"start":	0,
					"end":	10.200357,
					"seconds":	10.200357,
					"bytes":	50640520,
					"bits_per_second":	39716664.973283,
					"retransmits":	0,
					"max_snd_cwnd":	17520,
					"max_rtt":	11386,
					"min_rtt":	637,
					"mean_rtt":	2312
				},
				"receiver":	{
					"socket":	77,
					"start":	0,
					"end":	10.200357,
					"seconds":	10.200357,
					"bytes":	50306180,
					"bits_per_second":	39454446.698922
				}
			}],
		"sum_sent":	{
			"start":	0,
			"end":	10.200357,
			"seconds":	10.200357,
			"bytes":	50640520,
			"bits_per_second":	39716664.973283,
			"retransmits":	0
		},
		"sum_received":	{
			"start":	0,
			"end":	10.200357,
			"seconds":	10.200357,
			"bytes":	50306180,
			"bits_per_second":	39454446.698922
		},
		"cpu_utilization_percent":	{
			"host_total":	175.417633,
			"host_user":	106.541335,
			"host_system":	68.846601,
			"remote_total":	0.811395,
			"remote_user":	0.091796,
			"remote_system":	0.719599
		}
	}
}
