{
	"start":	{
		"connected":	[{
				"socket":	588,
				"local_host":	"10.0.2.15",
				"local_port":	40487,
				"remote_host":	"128.61.8.181",
				"remote_port":	5201
			}],
		"version":	"iperf 3.1.3",
		"system_info":	"Linux localhost 3.18.48+ #1 SMP PREEMPT Wed Apr 19 00:58:20 UTC 2017 i686",
		"timestamp":	{
			"time":	"Fri, 08 Dec 2017 22:18:13 GMT",
			"timesecs":	1512771493
		},
		"connecting_to":	{
			"host":	"128.61.8.181",
			"port":	5201
		},
		"cookie":	"localhost.1512771493.107152.458ea4a3",
		"tcp_mss_default":	1460,
		"test_start":	{
			"protocol":	"TCP",
			"num_streams":	1,
			"blksize":	131072,
			"omit":	0,
			"duration":	10,
			"bytes":	0,
			"blocks":	0,
			"reverse":	0
		}
	},
	"intervals":	[{
			"streams":	[{
					"socket":	588,
					"start":	0,
					"end":	1.001228,
					"seconds":	1.001228,
					"bytes":	11560280,
					"bits_per_second":	92368824.414069,
					"retransmits":	0,
					"snd_cwnd":	17520,
					"rtt":	324,
					"omitted":	false
				}],
			"sum":	{
				"start":	0,
				"end":	1.001228,
				"seconds":	1.001228,
				"bytes":	11560280,
				"bits_per_second":	92368824.414069,
				"retransmits":	0,
				"omitted":	false
			}
		}, {
			"streams":	[{
					"socket":	588,
					"start":	1.001228,
					"end":	2.007469,
					"seconds":	1.006241,
					"bytes":	14300700,
					"bits_per_second":	113696013.725071,
					"retransmits":	0,
					"snd_cwnd":	17520,
					"rtt":	316,
					"omitted":	false
				}],
			"sum":	{
				"start":	1.001228,
				"end":	2.007469,
				"seconds":	1.006241,
				"bytes":	14300700,
				"bits_per_second":	113696013.725071,
				"retransmits":	0,
				"omitted":	false
			}
		}, {
			"streams":	[{
					"socket":	588,
					"start":	2.007469,
					"end":	3.018199,
					"seconds":	1.010730,
					"bytes":	15813260,
					"bits_per_second":	125163076.663749,
					"retransmits":	0,
					"snd_cwnd":	17520,
					"rtt":	10390,
					"omitted":	false
				}],
			"sum":	{
				"start":	2.007469,
				"end":	3.018199,
				"seconds":	1.010730,
				"bytes":	15813260,
				"bits_per_second":	125163076.663749,
				"retransmits":	0,
				"omitted":	false
			}
		}, {
			"streams":	[{
					"socket":	588,
					"start":	3.018199,
					"end":	4.000360,
					"seconds":	0.982161,
					"bytes":	11329600,
					"bits_per_second":	92283032.863646,
					"retransmits":	0,
					"snd_cwnd":	17520,
					"rtt":	420,
					"omitted":	false
				}],
			"sum":	{
				"start":	3.018199,
				"end":	4.000360,
				"seconds":	0.982161,
				"bytes":	11329600,
				"bits_per_second":	92283032.863646,
				"retransmits":	0,
				"omitted":	false
			}
		}, {
			"streams":	[{
					"socket":	588,
					"start":	4.000360,
					"end":	5.001708,
					"seconds":	1.001348,
					"bytes":	13426160,
					"bits_per_second":	107264685.204262,
					"retransmits":	0,
					"snd_cwnd":	17520,
					"rtt":	9978,
					"omitted":	false
				}],
			"sum":	{
				"start":	4.000360,
				"end":	5.001708,
				"seconds":	1.001348,
				"bytes":	13426160,
				"bits_per_second":	107264685.204262,
				"retransmits":	0,
				"omitted":	false
			}
		}, {
			"streams":	[{
					"socket":	588,
					"start":	5.001708,
					"end":	6.012463,
					"seconds":	1.010755,
					"bytes":	16622100,
					"bits_per_second":	131561875.228292,
					"retransmits":	0,
					"snd_cwnd":	17520,
					"rtt":	9435,
					"omitted":	false
				}],
			"sum":	{
				"start":	5.001708,
				"end":	6.012463,
				"seconds":	1.010755,
				"bytes":	16622100,
				"bits_per_second":	131561875.228292,
				"retransmits":	0,
				"omitted":	false
			}
		}, {
			"streams":	[{
					"socket":	588,
					"start":	6.012463,
					"end":	7.000262,
					"seconds":	0.987799,
					"bytes":	15645360,
					"bits_per_second":	126708833.233695,
					"retransmits":	0,
					"snd_cwnd":	17520,
					"rtt":	375,
					"omitted":	false
				}],
			"sum":	{
				"start":	6.012463,
				"end":	7.000262,
				"seconds":	0.987799,
				"bytes":	15645360,
				"bits_per_second":	126708833.233695,
				"retransmits":	0,
				"omitted":	false
			}
		}, {
			"streams":	[{
					"socket":	588,
					"start":	7.000262,
					"end":	8.000775,
					"seconds":	1.000513,
					"bytes":	5403460,
					"bits_per_second":	43205522.550515,
					"retransmits":	0,
					"snd_cwnd":	17520,
					"rtt":	516,
					"omitted":	false
				}],
			"sum":	{
				"start":	7.000262,
				"end":	8.000775,
				"seconds":	1.000513,
				"bytes":	5403460,
				"bits_per_second":	43205522.550515,
				"retransmits":	0,
				"omitted":	false
			}
		}, {
			"streams":	[{
					"socket":	588,
					"start":	8.000775,
					"end":	9.000786,
					"seconds":	1.000011,
					"bytes":	10443380,
					"bits_per_second":	83546123.728387,
					"retransmits":	0,
					"snd_cwnd":	17520,
					"rtt":	677,
					"omitted":	false
				}],
			"sum":	{
				"start":	8.000775,
				"end":	9.000786,
				"seconds":	1.000011,
				"bytes":	10443380,
				"bits_per_second":	83546123.728387,
				"retransmits":	0,
				"omitted":	false
			}
		}, {
			"streams":	[{
					"socket":	588,
					"start":	9.000786,
					"end":	10.004624,
					"seconds":	1.003838,
					"bytes":	11465380,
					"bits_per_second":	91372347.240040,
					"retransmits":	0,
					"snd_cwnd":	17520,
					"rtt":	11630,
					"omitted":	false
				}],
			"sum":	{
				"start":	9.000786,
				"end":	10.004624,
				"seconds":	1.003838,
				"bytes":	11465380,
				"bits_per_second":	91372347.240040,
				"retransmits":	0,
				"omitted":	false
			}
		}],
	"end":	{
		"streams":	[{
				"sender":	{
					"socket":	588,
					"start":	0,
					"end":	10.004624,
					"seconds":	10.004624,
					"bytes":	126009680,
					"bits_per_second":	100761153.151930,
					"retransmits":	0,
					"max_snd_cwnd":	17520,
					"max_rtt":	11630,
					"min_rtt":	316,
					"mean_rtt":	4406
				},
				"receiver":	{
					"socket":	588,
					"start":	0,
					"end":	10.004624,
					"seconds":	10.004624,
					"bytes":	125675340,
					"bits_per_second":	100493804.770879
				}
			}],
		"sum_sent":	{
			"start":	0,
			"end":	10.004624,
			"seconds":	10.004624,
			"bytes":	126009680,
			"bits_per_second":	100761153.151930,
			"retransmits":	0
		},
		"sum_received":	{
			"start":	0,
			"end":	10.004624,
			"seconds":	10.004624,
			"bytes":	125675340,
			"bits_per_second":	100493804.770879
		},
		"cpu_utilization_percent":	{
			"host_total":	167.893812,
			"host_user":	87.038665,
			"host_system":	80.850136,
			"remote_total":	0.148161,
			"remote_user":	0.015655,
			"remote_system":	0.132507
		}
	}
}
