{
	"end": {
		"sum_sent": {
			"start": 0,
			"end": 10.010184666666667,
			"seconds": 10.010184666666667,
			"bytes": 127855560,
			"bits_per_second": 102180136.454268,
			"retransmits": 0
		},
		"sum_received": {
			"start": 0,
			"end": 10.010184666666667,
			"seconds": 10.010184666666667,
			"bytes": 127741193.33333333,
			"bits_per_second": 102088683.95541866
		},
		"cpu_utilization_percent": {
			"host_total": 126.37971533333332,
			"host_user": 51.183958999999994,
			"host_system": 75.15733766666666,
			"host_user_normalized": 40.49348418954683,
			"host_system_normalized": 59.476675268039344,
			"remote_total": 1.8657213333333331,
			"remote_user": 0.661501,
			"remote_system": 1.2042206666666666,
			"remote_user_normalized": 35.097129463101744,
			"remote_system_normalized": 64.90288007885658
		}
	}
}
