{
	"start":	{
		"connected":	[{
				"socket":	445,
				"local_host":	"10.0.2.15",
				"local_port":	49988,
				"remote_host":	"128.61.92.187",
				"remote_port":	5201
			}],
		"version":	"iperf 3.1.3",
		"system_info":	"Linux localhost 3.18.56+ #1 SMP PREEMPT Fri Oct 13 14:54:31 PDT 2017 i686",
		"timestamp":	{
			"time":	"Thu, 07 Dec 2017 06:45:30 GMT",
			"timesecs":	1512629130
		},
		"connecting_to":	{
			"host":	"128.61.92.187",
			"port":	5201
		},
		"cookie":	"localhost.1512629130.029232.16be5b20",
		"tcp_mss_default":	1460,
		"test_start":	{
			"protocol":	"TCP",
			"num_streams":	1,
			"blksize":	131072,
			"omit":	0,
			"duration":	10,
			"bytes":	0,
			"blocks":	0,
			"reverse":	0
		}
	},
	"intervals":	[{
			"streams":	[{
					"socket":	445,
					"start":	0,
					"end":	1.048241,
					"seconds":	1.048241,
					"bytes":	11652628,
					"bits_per_second":	88930896.317530,
					"retransmits":	0,
					"snd_cwnd":	17520,
					"rtt":	449,
					"omitted":	false
				}],
			"sum":	{
				"start":	0,
				"end":	1.048241,
				"seconds":	1.048241,
				"bytes":	11652628,
				"bits_per_second":	88930896.317530,
				"retransmits":	0,
				"omitted":	false
			}
		}, {
			"streams":	[{
					"socket":	445,
					"start":	1.048241,
					"end":	2.056417,
					"seconds":	1.008176,
					"bytes":	12719412,
					"bits_per_second":	100930106.596607,
					"retransmits":	0,
					"snd_cwnd":	17520,
					"rtt":	493,
					"omitted":	false
				}],
			"sum":	{
				"start":	1.048241,
				"end":	2.056417,
				"seconds":	1.008176,
				"bytes":	12719412,
				"bits_per_second":	100930106.596607,
				"retransmits":	0,
				"omitted":	false
			}
		}, {
			"streams":	[{
					"socket":	445,
					"start":	2.056417,
					"end":	3.097621,
					"seconds":	1.041204,
					"bytes":	11679532,
					"bits_per_second":	89738666.181334,
					"retransmits":	0,
					"snd_cwnd":	17520,
					"rtt":	471,
					"omitted":	false
				}],
			"sum":	{
				"start":	2.056417,
				"end":	3.097621,
				"seconds":	1.041204,
				"bytes":	11679532,
				"bits_per_second":	89738666.181334,
				"retransmits":	0,
				"omitted":	false
			}
		}, {
			"streams":	[{
					"socket":	445,
					"start":	3.097621,
					"end":	4.000679,
					"seconds":	0.903058,
					"bytes":	11648672,
					"bits_per_second":	103193117.858939,
					"retransmits":	0,
					"snd_cwnd":	20440,
					"rtt":	589,
					"omitted":	false
				}],
			"sum":	{
				"start":	3.097621,
				"end":	4.000679,
				"seconds":	0.903058,
				"bytes":	11648672,
				"bits_per_second":	103193117.858939,
				"retransmits":	0,
				"omitted":	false
			}
		}, {
			"streams":	[{
					"socket":	445,
					"start":	4.000679,
					"end":	5.000710,
					"seconds":	1.000031,
					"bytes":	14004360,
					"bits_per_second":	112031407.652026,
					"retransmits":	0,
					"snd_cwnd":	20440,
					"rtt":	695,
					"omitted":	false
				}],
			"sum":	{
				"start":	4.000679,
				"end":	5.000710,
				"seconds":	1.000031,
				"bytes":	14004360,
				"bits_per_second":	112031407.652026,
				"retransmits":	0,
				"omitted":	false
			}
		}, {
			"streams":	[{
					"socket":	445,
					"start":	5.000710,
					"end":	6.037370,
					"seconds":	1.036660,
					"bytes":	12749892,
					"bits_per_second":	98392086.442399,
					"retransmits":	0,
					"snd_cwnd":	20440,
					"rtt":	462,
					"omitted":	false
				}],
			"sum":	{
				"start":	5.000710,
				"end":	6.037370,
				"seconds":	1.036660,
				"bytes":	12749892,
				"bits_per_second":	98392086.442399,
				"retransmits":	0,
				"omitted":	false
			}
		}, {
			"streams":	[{
					"socket":	445,
					"start":	6.037370,
					"end":	7.029757,
					"seconds":	0.992387,
					"bytes":	12157100,
					"bits_per_second":	98002890.482713,
					"retransmits":	0,
					"snd_cwnd":	20440,
					"rtt":	422,
					"omitted":	false
				}],
			"sum":	{
				"start":	6.037370,
				"end":	7.029757,
				"seconds":	0.992387,
				"bytes":	12157100,
				"bits_per_second":	98002890.482713,
				"retransmits":	0,
				"omitted":	false
			}
		}, {
			"streams":	[{
					"socket":	445,
					"start":	7.029757,
					"end":	8.046496,
					"seconds":	1.016739,
					"bytes":	12595820,
					"bits_per_second":	99107585.244608,
					"retransmits":	0,
					"snd_cwnd":	20440,
					"rtt":	465,
					"omitted":	false
				}],
			"sum":	{
				"start":	7.029757,
				"end":	8.046496,
				"seconds":	1.016739,
				"bytes":	12595820,
				"bits_per_second":	99107585.244608,
				"retransmits":	0,
				"omitted":	false
			}
		}, {
			"streams":	[{
					"socket":	445,
					"start":	8.046496,
					"end":	9.096815,
					"seconds":	1.050319,
					"bytes":	12910492,
					"bits_per_second":	98335782.071815,
					"retransmits":	0,
					"snd_cwnd":	20440,
					"rtt":	445,
					"omitted":	false
				}],
			"sum":	{
				"start":	8.046496,
				"end":	9.096815,
				"seconds":	1.050319,
				"bytes":	12910492,
				"bits_per_second":	98335782.071815,
				"retransmits":	0,
				"omitted":	false
			}
		}, {
			"streams":	[{
					"socket":	445,
					"start":	9.096815,
					"end":	10.129235,
					"seconds":	1.032420,
					"bytes":	13138728,
					"bits_per_second":	101809178.578512,
					"retransmits":	0,
					"snd_cwnd":	20440,
					"rtt":	436,
					"omitted":	false
				}],
			"sum":	{
				"start":	9.096815,
				"end":	10.129235,
				"seconds":	1.032420,
				"bytes":	13138728,
				"bits_per_second":	101809178.578512,
				"retransmits":	0,
				"omitted":	false
			}
		}],
	"end":	{
		"streams":	[{
				"sender":	{
					"socket":	445,
					"start":	0,
					"end":	10.129235,
					"seconds":	10.129235,
					"bytes":	125256636,
					"bits_per_second":	98926827.653747,
					"retransmits":	0,
					"max_snd_cwnd":	20440,
					"max_rtt":	695,
					"min_rtt":	422,
					"mean_rtt":	492
				},
				"receiver":	{
					"socket":	445,
					"start":	0,
					"end":	10.129235,
					"seconds":	10.129235,
					"bytes":	125256636,
					"bits_per_second":	98926827.653747
				}
			}],
		"sum_sent":	{
			"start":	0,
			"end":	10.129235,
			"seconds":	10.129235,
			"bytes":	125256636,
			"bits_per_second":	98926827.653747,
			"retransmits":	0
		},
		"sum_received":	{
			"start":	0,
			"end":	10.129235,
			"seconds":	10.129235,
			"bytes":	125256636,
			"bits_per_second":	98926827.653747
		},
		"cpu_utilization_percent":	{
			"host_total":	141.996220,
			"host_user":	57.047083,
			"host_system":	84.930200,
			"remote_total":	4.118156,
			"remote_user":	1.662975,
			"remote_system":	2.455180
		}
	}
}
