{
	"end": {
		"sum_sent": {
			"start": 0,
			"end": 10.071059,
			"seconds": 10.071059,
			"bytes": 129724772,
			"bits_per_second": 103059207.04742233,
			"retransmits": 0
		},
		"sum_received": {
			"start": 0,
			"end": 10.071059,
			"seconds": 10.071059,
			"bytes": 129724772,
			"bits_per_second": 103059207.04742233
		},
		"cpu_utilization_percent": {
			"host_total": 156.34771,
			"host_user": 32.625195999999995,
			"host_system": 123.70358433333332,
			"host_user_normalized": 20.78400632876685,
			"host_system_normalized": 79.20392198520885,
			"remote_total": 2.7704383333333333,
			"remote_user": 1.1193423333333332,
			"remote_system": 1.6510953333333334,
			"remote_user_normalized": 39.15023543168393,
			"remote_system_normalized": 60.8497455163853
		}
	}
}
