{
	"start":	{
		"connected":	[{
				"socket":	488,
				"local_host":	"10.0.2.15",
				"local_port":	49998,
				"remote_host":	"128.61.92.187",
				"remote_port":	5201
			}],
		"version":	"iperf 3.1.3",
		"system_info":	"Linux localhost 3.18.56+ #1 SMP PREEMPT Fri Oct 13 14:54:31 PDT 2017 i686",
		"timestamp":	{
			"time":	"Thu, 07 Dec 2017 06:48:12 GMT",
			"timesecs":	1512629292
		},
		"connecting_to":	{
			"host":	"128.61.92.187",
			"port":	5201
		},
		"cookie":	"localhost.1512629292.141511.503db05e",
		"tcp_mss_default":	1460,
		"test_start":	{
			"protocol":	"TCP",
			"num_streams":	1,
			"blksize":	131072,
			"omit":	0,
			"duration":	10,
			"bytes":	0,
			"blocks":	0,
			"reverse":	0
		}
	},
	"intervals":	[{
			"streams":	[{
					"socket":	488,
					"start":	0,
					"end":	1.094711,
					"seconds":	1.094711,
					"bytes":	11158196,
					"bits_per_second":	81542583.088954,
					"retransmits":	0,
					"snd_cwnd":	17520,
					"rtt":	417,
					"omitted":	false
				}],
			"sum":	{
				"start":	0,
				"end":	1.094711,
				"seconds":	1.094711,
				"bytes":	11158196,
				"bits_per_second":	81542583.088954,
				"retransmits":	0,
				"omitted":	false
			}
		}, {
			"streams":	[{
					"socket":	488,
					"start":	1.094711,
					"end":	2.021645,
					"seconds":	0.926934,
					"bytes":	12128504,
					"bits_per_second":	104676310.933782,
					"retransmits":	0,
					"snd_cwnd":	20440,
					"rtt":	477,
					"omitted":	false
				}],
			"sum":	{
				"start":	1.094711,
				"end":	2.021645,
				"seconds":	0.926934,
				"bytes":	12128504,
				"bits_per_second":	104676310.933782,
				"retransmits":	0,
				"omitted":	false
			}
		}, {
			"streams":	[{
					"socket":	488,
					"start":	2.021645,
					"end":	3.026400,
					"seconds":	1.004755,
					"bytes":	11145384,
					"bits_per_second":	88741106.252382,
					"retransmits":	0,
					"snd_cwnd":	20440,
					"rtt":	526,
					"omitted":	false
				}],
			"sum":	{
				"start":	2.021645,
				"end":	3.026400,
				"seconds":	1.004755,
				"bytes":	11145384,
				"bits_per_second":	88741106.252382,
				"retransmits":	0,
				"omitted":	false
			}
		}, {
			"streams":	[{
					"socket":	488,
					"start":	3.026400,
					"end":	4.008876,
					"seconds":	0.982476,
					"bytes":	11449360,
					"bits_per_second":	93228618.685125,
					"retransmits":	0,
					"snd_cwnd":	20440,
					"rtt":	524,
					"omitted":	false
				}],
			"sum":	{
				"start":	3.026400,
				"end":	4.008876,
				"seconds":	0.982476,
				"bytes":	11449360,
				"bits_per_second":	93228618.685125,
				"retransmits":	0,
				"omitted":	false
			}
		}, {
			"streams":	[{
					"socket":	488,
					"start":	4.008876,
					"end":	5.126091,
					"seconds":	1.117215,
					"bytes":	12915560,
					"bits_per_second":	92483978.080363,
					"retransmits":	0,
					"snd_cwnd":	20440,
					"rtt":	367,
					"omitted":	false
				}],
			"sum":	{
				"start":	4.008876,
				"end":	5.126091,
				"seconds":	1.117215,
				"bytes":	12915560,
				"bits_per_second":	92483978.080363,
				"retransmits":	0,
				"omitted":	false
			}
		}, {
			"streams":	[{
					"socket":	488,
					"start":	5.126091,
					"end":	6.080864,
					"seconds":	0.954773,
					"bytes":	11685880,
					"bits_per_second":	97915443.385399,
					"retransmits":	0,
					"snd_cwnd":	20440,
					"rtt":	493,
					"omitted":	false
				}],
			"sum":	{
				"start":	5.126091,
				"end":	6.080864,
				"seconds":	0.954773,
				"bytes":	11685880,
				"bits_per_second":	97915443.385399,
				"retransmits":	0,
				"omitted":	false
			}
		}, {
			"streams":	[{
					"socket":	488,
					"start":	6.080864,
					"end":	7.049723,
					"seconds":	0.968859,
					"bytes":	11795528,
					"bits_per_second":	97397276.755208,
					"retransmits":	0,
					"snd_cwnd":	20440,
					"rtt":	346,
					"omitted":	false
				}],
			"sum":	{
				"start":	6.080864,
				"end":	7.049723,
				"seconds":	0.968859,
				"bytes":	11795528,
				"bits_per_second":	97397276.755208,
				"retransmits":	0,
				"omitted":	false
			}
		}, {
			"streams":	[{
					"socket":	488,
					"start":	7.049723,
					"end":	8.064546,
					"seconds":	1.014823,
					"bytes":	9175040,
					"bits_per_second":	72328201.962675,
					"retransmits":	0,
					"snd_cwnd":	20440,
					"rtt":	434,
					"omitted":	false
				}],
			"sum":	{
				"start":	7.049723,
				"end":	8.064546,
				"seconds":	1.014823,
				"bytes":	9175040,
				"bits_per_second":	72328201.962675,
				"retransmits":	0,
				"omitted":	false
			}
		}, {
			"streams":	[{
					"socket":	488,
					"start":	8.064546,
					"end":	9.122136,
					"seconds":	1.057590,
					"bytes":	13368488,
					"bits_per_second":	101124162.684078,
					"retransmits":	0,
					"snd_cwnd":	20440,
					"rtt":	454,
					"omitted":	false
				}],
			"sum":	{
				"start":	8.064546,
				"end":	9.122136,
				"seconds":	1.057590,
				"bytes":	13368488,
				"bits_per_second":	101124162.684078,
				"retransmits":	0,
				"omitted":	false
			}
		}, {
			"streams":	[{
					"socket":	488,
					"start":	9.122136,
					"end":	10.105951,
					"seconds":	0.983815,
					"bytes":	12285792,
					"bits_per_second":	99903275.026153,
					"retransmits":	0,
					"snd_cwnd":	20440,
					"rtt":	467,
					"omitted":	false
				}],
			"sum":	{
				"start":	9.122136,
				"end":	10.105951,
				"seconds":	0.983815,
				"bytes":	12285792,
				"bits_per_second":	99903275.026153,
				"retransmits":	0,
				"omitted":	false
			}
		}],
	"end":	{
		"streams":	[{
				"sender":	{
					"socket":	488,
					"start":	0,
					"end":	10.105951,
					"seconds":	10.105951,
					"bytes":	117107732,
					"bits_per_second":	92703977.036689,
					"retransmits":	0,
					"max_snd_cwnd":	20440,
					"max_rtt":	526,
					"min_rtt":	346,
					"mean_rtt":	450
				},
				"receiver":	{
					"socket":	488,
					"start":	0,
					"end":	10.105951,
					"seconds":	10.105951,
					"bytes":	117107732,
					"bits_per_second":	92703977.036689
				}
			}],
		"sum_sent":	{
			"start":	0,
			"end":	10.105951,
			"seconds":	10.105951,
			"bytes":	117107732,
			"bits_per_second":	92703977.036689,
			"retransmits":	0
		},
		"sum_received":	{
			"start":	0,
			"end":	10.105951,
			"seconds":	10.105951,
			"bytes":	117107732,
			"bits_per_second":	92703977.036689
		},
		"cpu_utilization_percent":	{
			"host_total":	141.322714,
			"host_user":	59.817993,
			"host_system":	81.534097,
			"remote_total":	1.918586,
			"remote_user":	0.708488,
			"remote_system":	1.210098
		}
	}
}
