{
	"start":	{
		"connected":	[{
				"socket":	979,
				"local_host":	"10.0.2.15",
				"local_port":	54288,
				"remote_host":	"128.61.92.187",
				"remote_port":	5201
			}],
		"version":	"iperf 3.1.3",
		"system_info":	"Linux localhost 3.18.56+ #1 SMP PREEMPT Fri Aug 25 10:56:18 PDT 2017 i686",
		"timestamp":	{
			"time":	"Thu, 07 Dec 2017 03:58:53 GMT",
			"timesecs":	1512619133
		},
		"connecting_to":	{
			"host":	"128.61.92.187",
			"port":	5201
		},
		"cookie":	"localhost.1512619133.168245.3ebe6196",
		"tcp_mss_default":	1460,
		"test_start":	{
			"protocol":	"TCP",
			"num_streams":	1,
			"blksize":	131072,
			"omit":	0,
			"duration":	10,
			"bytes":	0,
			"blocks":	0,
			"reverse":	0
		}
	},
	"intervals":	[{
			"streams":	[{
					"socket":	979,
					"start":	0,
					"end":	1.049967,
					"seconds":	1.049967,
					"bytes":	11746364,
					"bits_per_second":	89498915.180780,
					"retransmits":	0,
					"snd_cwnd":	17520,
					"rtt":	498,
					"omitted":	false
				}],
			"sum":	{
				"start":	0,
				"end":	1.049967,
				"seconds":	1.049967,
				"bytes":	11746364,
				"bits_per_second":	89498915.180780,
				"retransmits":	0,
				"omitted":	false
			}
		}, {
			"streams":	[{
					"socket":	979,
					"start":	1.049967,
					"end":	2.042445,
					"seconds":	0.992478,
					"bytes":	11616752,
					"bits_per_second":	93638373.789290,
					"retransmits":	0,
					"snd_cwnd":	17520,
					"rtt":	532,
					"omitted":	false
				}],
			"sum":	{
				"start":	1.049967,
				"end":	2.042445,
				"seconds":	0.992478,
				"bytes":	11616752,
				"bits_per_second":	93638373.789290,
				"retransmits":	0,
				"omitted":	false
			}
		}, {
			"streams":	[{
					"socket":	979,
					"start":	2.042445,
					"end":	3.060942,
					"seconds":	1.018497,
					"bytes":	11796480,
					"bits_per_second":	92657946.864537,
					"retransmits":	0,
					"snd_cwnd":	17520,
					"rtt":	449,
					"omitted":	false
				}],
			"sum":	{
				"start":	2.042445,
				"end":	3.060942,
				"seconds":	1.018497,
				"bytes":	11796480,
				"bits_per_second":	92657946.864537,
				"retransmits":	0,
				"omitted":	false
			}
		}, {
			"streams":	[{
					"socket":	979,
					"start":	3.060942,
					"end":	4.015551,
					"seconds":	0.954609,
					"bytes":	12614736,
					"bits_per_second":	105716473.183768,
					"retransmits":	0,
					"snd_cwnd":	17520,
					"rtt":	510,
					"omitted":	false
				}],
			"sum":	{
				"start":	3.060942,
				"end":	4.015551,
				"seconds":	0.954609,
				"bytes":	12614736,
				"bits_per_second":	105716473.183768,
				"retransmits":	0,
				"omitted":	false
			}
		}, {
			"streams":	[{
					"socket":	979,
					"start":	4.015551,
					"end":	5.033116,
					"seconds":	1.017565,
					"bytes":	12296932,
					"bits_per_second":	96677317.755607,
					"retransmits":	0,
					"snd_cwnd":	17520,
					"rtt":	704,
					"omitted":	false
				}],
			"sum":	{
				"start":	4.015551,
				"end":	5.033116,
				"seconds":	1.017565,
				"bytes":	12296932,
				"bits_per_second":	96677317.755607,
				"retransmits":	0,
				"omitted":	false
			}
		}, {
			"streams":	[{
					"socket":	979,
					"start":	5.033116,
					"end":	6.027801,
					"seconds":	0.994685,
					"bytes":	13121356,
					"bits_per_second":	105531730.889027,
					"retransmits":	0,
					"snd_cwnd":	17520,
					"rtt":	410,
					"omitted":	false
				}],
			"sum":	{
				"start":	5.033116,
				"end":	6.027801,
				"seconds":	0.994685,
				"bytes":	13121356,
				"bits_per_second":	105531730.889027,
				"retransmits":	0,
				"omitted":	false
			}
		}, {
			"streams":	[{
					"socket":	979,
					"start":	6.027801,
					"end":	7.042687,
					"seconds":	1.014886,
					"bytes":	13107200,
					"bits_per_second":	103319594.598308,
					"retransmits":	0,
					"snd_cwnd":	17520,
					"rtt":	507,
					"omitted":	false
				}],
			"sum":	{
				"start":	6.027801,
				"end":	7.042687,
				"seconds":	1.014886,
				"bytes":	13107200,
				"bits_per_second":	103319594.598308,
				"retransmits":	0,
				"omitted":	false
			}
		}, {
			"streams":	[{
					"socket":	979,
					"start":	7.042687,
					"end":	8.051444,
					"seconds":	1.008757,
					"bytes":	14047620,
					"bits_per_second":	111405370.425253,
					"retransmits":	0,
					"snd_cwnd":	17520,
					"rtt":	441,
					"omitted":	false
				}],
			"sum":	{
				"start":	7.042687,
				"end":	8.051444,
				"seconds":	1.008757,
				"bytes":	14047620,
				"bits_per_second":	111405370.425253,
				"retransmits":	0,
				"omitted":	false
			}
		}, {
			"streams":	[{
					"socket":	979,
					"start":	8.051444,
					"end":	9.013030,
					"seconds":	0.961586,
					"bytes":	13107200,
					"bits_per_second":	109046512.906527,
					"retransmits":	0,
					"snd_cwnd":	17520,
					"rtt":	562,
					"omitted":	false
				}],
			"sum":	{
				"start":	8.051444,
				"end":	9.013030,
				"seconds":	0.961586,
				"bytes":	13107200,
				"bits_per_second":	109046512.906527,
				"retransmits":	0,
				"omitted":	false
			}
		}, {
			"streams":	[{
					"socket":	979,
					"start":	9.013030,
					"end":	10.036024,
					"seconds":	1.022994,
					"bytes":	14417920,
					"bits_per_second":	112750790.531681,
					"retransmits":	0,
					"snd_cwnd":	17520,
					"rtt":	722,
					"omitted":	false
				}],
			"sum":	{
				"start":	9.013030,
				"end":	10.036024,
				"seconds":	1.022994,
				"bytes":	14417920,
				"bits_per_second":	112750790.531681,
				"retransmits":	0,
				"omitted":	false
			}
		}],
	"end":	{
		"streams":	[{
				"sender":	{
					"socket":	979,
					"start":	0,
					"end":	10.036024,
					"seconds":	10.036024,
					"bytes":	127872560,
					"bits_per_second":	101930853.768249,
					"retransmits":	0,
					"max_snd_cwnd":	17520,
					"max_rtt":	722,
					"min_rtt":	410,
					"mean_rtt":	533
				},
				"receiver":	{
					"socket":	979,
					"start":	0,
					"end":	10.036024,
					"seconds":	10.036024,
					"bytes":	127872560,
					"bits_per_second":	101930853.768249
				}
			}],
		"sum_sent":	{
			"start":	0,
			"end":	10.036024,
			"seconds":	10.036024,
			"bytes":	127872560,
			"bits_per_second":	101930853.768249,
			"retransmits":	0
		},
		"sum_received":	{
			"start":	0,
			"end":	10.036024,
			"seconds":	10.036024,
			"bytes":	127872560,
			"bits_per_second":	101930853.768249
		},
		"cpu_utilization_percent":	{
			"host_total":	159.411324,
			"host_user":	31.494257,
			"host_system":	127.964049,
			"remote_total":	2.351728,
			"remote_user":	0.916970,
			"remote_system":	1.434758
		}
	}
}
