{
	"end": {
		"sum_sent": {
			"start": 0,
			"end": 10.002065000000002,
			"seconds": 10.002065000000002,
			"bytes": 367097282.6666667,
			"bits_per_second": 293619316.61522233,
			"retransmits": 0
		},
		"sum_received": {
			"start": 0,
			"end": 10.002065000000002,
			"seconds": 10.002065000000002,
			"bytes": 366799442.6666667,
			"bits_per_second": 293381096.61242795
		},
		"cpu_utilization_percent": {
			"host_total": 165.15013066666666,
			"host_user": 59.050958666666666,
			"host_system": 106.08801566666666,
			"host_user_normalized": 35.26249131000353,
			"host_system_normalized": 64.73112609141988,
			"remote_total": 0.6150006666666666,
			"remote_user": 0.061176,
			"remote_system": 0.5538253333333333,
			"remote_user_normalized": 9.995696114586247,
			"remote_system_normalized": 90.00415041836725
		}
	}
}
