{
	"start":	{
		"connected":	[{
				"socket":	300,
				"local_host":	"10.0.2.15",
				"local_port":	40654,
				"remote_host":	"128.61.8.181",
				"remote_port":	5201
			}],
		"version":	"iperf 3.1.3",
		"system_info":	"Linux localhost 3.18.48+ #1 SMP PREEMPT Wed Apr 19 00:58:20 UTC 2017 i686",
		"timestamp":	{
			"time":	"Sat, 09 Dec 2017 00:56:08 GMT",
			"timesecs":	1512780968
		},
		"connecting_to":	{
			"host":	"128.61.8.181",
			"port":	5201
		},
		"cookie":	"localhost.1512780968.349225.110e64d4",
		"tcp_mss_default":	1460,
		"test_start":	{
			"protocol":	"TCP",
			"num_streams":	1,
			"blksize":	131072,
			"omit":	0,
			"duration":	10,
			"bytes":	0,
			"blocks":	0,
			"reverse":	0
		}
	},
	"intervals":	[{
			"streams":	[{
					"socket":	300,
					"start":	0,
					"end":	1.004048,
					"seconds":	1.004048,
					"bytes":	5767264,
					"bits_per_second":	45952092.916588,
					"retransmits":	0,
					"snd_cwnd":	17520,
					"rtt":	899,
					"omitted":	false
				}],
			"sum":	{
				"start":	0,
				"end":	1.004048,
				"seconds":	1.004048,
				"bytes":	5767264,
				"bits_per_second":	45952092.916588,
				"retransmits":	0,
				"omitted":	false
			}
		}, {
			"streams":	[{
					"socket":	300,
					"start":	1.004048,
					"end":	2.008944,
					"seconds":	1.004896,
					"bytes":	5101388,
					"bits_per_second":	40612269.353970,
					"retransmits":	0,
					"snd_cwnd":	17520,
					"rtt":	7637,
					"omitted":	false
				}],
			"sum":	{
				"start":	1.004048,
				"end":	2.008944,
				"seconds":	1.004896,
				"bytes":	5101388,
				"bits_per_second":	40612269.353970,
				"retransmits":	0,
				"omitted":	false
			}
		}, {
			"streams":	[{
					"socket":	300,
					"start":	2.008944,
					"end":	3.001677,
					"seconds":	0.992733,
					"bytes":	5672100,
					"bits_per_second":	45708966.984964,
					"retransmits":	0,
					"snd_cwnd":	17520,
					"rtt":	564,
					"omitted":	false
				}],
			"sum":	{
				"start":	2.008944,
				"end":	3.001677,
				"seconds":	0.992733,
				"bytes":	5672100,
				"bits_per_second":	45708966.984964,
				"retransmits":	0,
				"omitted":	false
			}
		}, {
			"streams":	[{
					"socket":	300,
					"start":	3.001677,
					"end":	4.001234,
					"seconds":	0.999557,
					"bytes":	6175800,
					"bits_per_second":	49428295.831503,
					"retransmits":	0,
					"snd_cwnd":	17520,
					"rtt":	858,
					"omitted":	false
				}],
			"sum":	{
				"start":	3.001677,
				"end":	4.001234,
				"seconds":	0.999557,
				"bytes":	6175800,
				"bits_per_second":	49428295.831503,
				"retransmits":	0,
				"omitted":	false
			}
		}, {
			"streams":	[{
					"socket":	300,
					"start":	4.001234,
					"end":	5.008881,
					"seconds":	1.007647,
					"bytes":	6235660,
					"bits_per_second":	49506700.405198,
					"retransmits":	0,
					"snd_cwnd":	17520,
					"rtt":	7820,
					"omitted":	false
				}],
			"sum":	{
				"start":	4.001234,
				"end":	5.008881,
				"seconds":	1.007647,
				"bytes":	6235660,
				"bits_per_second":	49506700.405198,
				"retransmits":	0,
				"omitted":	false
			}
		}, {
			"streams":	[{
					"socket":	300,
					"start":	5.008881,
					"end":	6.000172,
					"seconds":	0.991291,
					"bytes":	6568116,
					"bits_per_second":	53006559.682415,
					"retransmits":	0,
					"snd_cwnd":	17520,
					"rtt":	718,
					"omitted":	false
				}],
			"sum":	{
				"start":	5.008881,
				"end":	6.000172,
				"seconds":	0.991291,
				"bytes":	6568116,
				"bits_per_second":	53006559.682415,
				"retransmits":	0,
				"omitted":	false
			}
		}, {
			"streams":	[{
					"socket":	300,
					"start":	6.000172,
					"end":	7.002559,
					"seconds":	1.002387,
					"bytes":	6359516,
					"bits_per_second":	50754985.574324,
					"retransmits":	0,
					"snd_cwnd":	17520,
					"rtt":	10807,
					"omitted":	false
				}],
			"sum":	{
				"start":	6.000172,
				"end":	7.002559,
				"seconds":	1.002387,
				"bytes":	6359516,
				"bits_per_second":	50754985.574324,
				"retransmits":	0,
				"omitted":	false
			}
		}, {
			"streams":	[{
					"socket":	300,
					"start":	7.002559,
					"end":	8.068788,
					"seconds":	1.066229,
					"bytes":	6710900,
					"bits_per_second":	50352405.264922,
					"retransmits":	0,
					"snd_cwnd":	17520,
					"rtt":	2075,
					"omitted":	false
				}],
			"sum":	{
				"start":	7.002559,
				"end":	8.068788,
				"seconds":	1.066229,
				"bytes":	6710900,
				"bits_per_second":	50352405.264922,
				"retransmits":	0,
				"omitted":	false
			}
		}, {
			"streams":	[{
					"socket":	300,
					"start":	8.068788,
					"end":	9.141416,
					"seconds":	1.072628,
					"bytes":	6827256,
					"bits_per_second":	50919840.726189,
					"retransmits":	0,
					"snd_cwnd":	17520,
					"rtt":	467,
					"omitted":	false
				}],
			"sum":	{
				"start":	8.068788,
				"end":	9.141416,
				"seconds":	1.072628,
				"bytes":	6827256,
				"bits_per_second":	50919840.726189,
				"retransmits":	0,
				"omitted":	false
			}
		}, {
			"streams":	[{
					"socket":	300,
					"start":	9.141416,
					"end":	10.020945,
					"seconds":	0.879529,
					"bytes":	5980984,
					"bits_per_second":	54401699.132746,
					"retransmits":	0,
					"snd_cwnd":	17520,
					"rtt":	683,
					"omitted":	false
				}],
			"sum":	{
				"start":	9.141416,
				"end":	10.020945,
				"seconds":	0.879529,
				"bytes":	5980984,
				"bits_per_second":	54401699.132746,
				"retransmits":	0,
				"omitted":	false
			}
		}],
	"end":	{
		"streams":	[{
				"sender":	{
					"socket":	300,
					"start":	0,
					"end":	10.020945,
					"seconds":	10.020945,
					"bytes":	61398984,
					"bits_per_second":	49016521.741440,
					"retransmits":	0,
					"max_snd_cwnd":	17520,
					"max_rtt":	10807,
					"min_rtt":	467,
					"mean_rtt":	3252
				},
				"receiver":	{
					"socket":	300,
					"start":	0,
					"end":	10.020945,
					"seconds":	10.020945,
					"bytes":	61069024,
					"bits_per_second":	48753105.468725
				}
			}],
		"sum_sent":	{
			"start":	0,
			"end":	10.020945,
			"seconds":	10.020945,
			"bytes":	61398984,
			"bits_per_second":	49016521.741440,
			"retransmits":	0
		},
		"sum_received":	{
			"start":	0,
			"end":	10.020945,
			"seconds":	10.020945,
			"bytes":	61069024,
			"bits_per_second":	48753105.468725
		},
		"cpu_utilization_percent":	{
			"host_total":	161.580247,
			"host_user":	95.638421,
			"host_system":	65.912966,
			"remote_total":	0.755061,
			"remote_user":	0.080685,
			"remote_system":	0.674378
		}
	}
}
