{
	"end": {
		"sum_sent": {
			"start": 0,
			"end": 10.004879666666666,
			"seconds": 10.004879666666666,
			"bytes": 293021372,
			"bits_per_second": 234298961.673488,
			"retransmits": 0
		},
		"sum_received": {
			"start": 0,
			"end": 10.004879666666666,
			"seconds": 10.004879666666666,
			"bytes": 292693358.6666667,
			"bits_per_second": 234036677.97555134
		},
		"cpu_utilization_percent": {
			"host_total": 171.971943,
			"host_user": 82.31493566666667,
			"host_system": 89.657977,
			"host_user_normalized": 47.97233294881196,
			"host_system_normalized": 52.02792613711738,
			"remote_total": 2.241179333333333,
			"remote_user": 0.22522033333333333,
			"remote_system": 2.0159593333333334,
			"remote_user_normalized": 10.060064851934278,
			"remote_system_normalized": 89.93996608955969
		}
	}
}
