{
	"start":	{
		"connected":	[{
				"socket":	936,
				"local_host":	"10.0.2.15",
				"local_port":	54273,
				"remote_host":	"128.61.92.187",
				"remote_port":	5201
			}],
		"version":	"iperf 3.1.3",
		"system_info":	"Linux localhost 3.18.56+ #1 SMP PREEMPT Fri Aug 25 10:56:18 PDT 2017 i686",
		"timestamp":	{
			"time":	"Thu, 07 Dec 2017 03:54:43 GMT",
			"timesecs":	1512618883
		},
		"connecting_to":	{
			"host":	"128.61.92.187",
			"port":	5201
		},
		"cookie":	"localhost.1512618883.114853.35d55c26",
		"tcp_mss_default":	1460,
		"test_start":	{
			"protocol":	"TCP",
			"num_streams":	1,
			"blksize":	131072,
			"omit":	0,
			"duration":	10,
			"bytes":	0,
			"blocks":	0,
			"reverse":	0
		}
	},
	"intervals":	[{
			"streams":	[{
					"socket":	936,
					"start":	0,
					"end":	1.133078,
					"seconds":	1.133078,
					"bytes":	12275032,
					"bits_per_second":	86666802.709878,
					"retransmits":	0,
					"snd_cwnd":	17520,
					"rtt":	595,
					"omitted":	false
				}],
			"sum":	{
				"start":	0,
				"end":	1.133078,
				"seconds":	1.133078,
				"bytes":	12275032,
				"bits_per_second":	86666802.709878,
				"retransmits":	0,
				"omitted":	false
			}
		}, {
			"streams":	[{
					"socket":	936,
					"start":	1.133078,
					"end":	2.109700,
					"seconds":	0.976622,
					"bytes":	11337596,
					"bits_per_second":	92871940.652405,
					"retransmits":	0,
					"snd_cwnd":	17520,
					"rtt":	406,
					"omitted":	false
				}],
			"sum":	{
				"start":	1.133078,
				"end":	2.109700,
				"seconds":	0.976622,
				"bytes":	11337596,
				"bits_per_second":	92871940.652405,
				"retransmits":	0,
				"omitted":	false
			}
		}, {
			"streams":	[{
					"socket":	936,
					"start":	2.109700,
					"end":	3.050602,
					"seconds":	0.940902,
					"bytes":	11796480,
					"bits_per_second":	100299330.356472,
					"retransmits":	0,
					"snd_cwnd":	17520,
					"rtt":	416,
					"omitted":	false
				}],
			"sum":	{
				"start":	2.109700,
				"end":	3.050602,
				"seconds":	0.940902,
				"bytes":	11796480,
				"bits_per_second":	100299330.356472,
				"retransmits":	0,
				"omitted":	false
			}
		}, {
			"streams":	[{
					"socket":	936,
					"start":	3.050602,
					"end":	4.089911,
					"seconds":	1.039309,
					"bytes":	13107200,
					"bits_per_second":	100891647.716703,
					"retransmits":	0,
					"snd_cwnd":	17520,
					"rtt":	346,
					"omitted":	false
				}],
			"sum":	{
				"start":	3.050602,
				"end":	4.089911,
				"seconds":	1.039309,
				"bytes":	13107200,
				"bits_per_second":	100891647.716703,
				"retransmits":	0,
				"omitted":	false
			}
		}, {
			"streams":	[{
					"socket":	936,
					"start":	4.089911,
					"end":	5.056025,
					"seconds":	0.966114,
					"bytes":	13107200,
					"bits_per_second":	108535426.672089,
					"retransmits":	0,
					"snd_cwnd":	17520,
					"rtt":	355,
					"omitted":	false
				}],
			"sum":	{
				"start":	4.089911,
				"end":	5.056025,
				"seconds":	0.966114,
				"bytes":	13107200,
				"bits_per_second":	108535426.672089,
				"retransmits":	0,
				"omitted":	false
			}
		}, {
			"streams":	[{
					"socket":	936,
					"start":	5.056025,
					"end":	6.032582,
					"seconds":	0.976557,
					"bytes":	13107200,
					"bits_per_second":	107374785.334586,
					"retransmits":	0,
					"snd_cwnd":	17520,
					"rtt":	495,
					"omitted":	false
				}],
			"sum":	{
				"start":	5.056025,
				"end":	6.032582,
				"seconds":	0.976557,
				"bytes":	13107200,
				"bits_per_second":	107374785.334586,
				"retransmits":	0,
				"omitted":	false
			}
		}, {
			"streams":	[{
					"socket":	936,
					"start":	6.032582,
					"end":	7.043479,
					"seconds":	1.010897,
					"bytes":	11796480,
					"bits_per_second":	93354562.690636,
					"retransmits":	0,
					"snd_cwnd":	17520,
					"rtt":	433,
					"omitted":	false
				}],
			"sum":	{
				"start":	6.032582,
				"end":	7.043479,
				"seconds":	1.010897,
				"bytes":	11796480,
				"bits_per_second":	93354562.690636,
				"retransmits":	0,
				"omitted":	false
			}
		}, {
			"streams":	[{
					"socket":	936,
					"start":	7.043479,
					"end":	8.023075,
					"seconds":	0.979596,
					"bytes":	12570608,
					"bits_per_second":	102659514.568186,
					"retransmits":	0,
					"snd_cwnd":	17520,
					"rtt":	363,
					"omitted":	false
				}],
			"sum":	{
				"start":	7.043479,
				"end":	8.023075,
				"seconds":	0.979596,
				"bytes":	12570608,
				"bits_per_second":	102659514.568186,
				"retransmits":	0,
				"omitted":	false
			}
		}, {
			"streams":	[{
					"socket":	936,
					"start":	8.023075,
					"end":	9.072845,
					"seconds":	1.049770,
					"bytes":	13179100,
					"bits_per_second":	100434201.981443,
					"retransmits":	0,
					"snd_cwnd":	17520,
					"rtt":	499,
					"omitted":	false
				}],
			"sum":	{
				"start":	8.023075,
				"end":	9.072845,
				"seconds":	1.049770,
				"bytes":	13179100,
				"bits_per_second":	100434201.981443,
				"retransmits":	0,
				"omitted":	false
			}
		}, {
			"streams":	[{
					"socket":	936,
					"start":	9.072845,
					"end":	10.099026,
					"seconds":	1.026181,
					"bytes":	12601268,
					"bits_per_second":	98238172.125925,
					"retransmits":	0,
					"snd_cwnd":	17520,
					"rtt":	412,
					"omitted":	false
				}],
			"sum":	{
				"start":	9.072845,
				"end":	10.099026,
				"seconds":	1.026181,
				"bytes":	12601268,
				"bits_per_second":	98238172.125925,
				"retransmits":	0,
				"omitted":	false
			}
		}],
	"end":	{
		"streams":	[{
				"sender":	{
					"socket":	936,
					"start":	0,
					"end":	10.099026,
					"seconds":	10.099026,
					"bytes":	124878164,
					"bits_per_second":	98922937.270220,
					"retransmits":	0,
					"max_snd_cwnd":	17520,
					"max_rtt":	595,
					"min_rtt":	346,
					"mean_rtt":	432
				},
				"receiver":	{
					"socket":	936,
					"start":	0,
					"end":	10.099026,
					"seconds":	10.099026,
					"bytes":	124878164,
					"bits_per_second":	98922937.270220
				}
			}],
		"sum_sent":	{
			"start":	0,
			"end":	10.099026,
			"seconds":	10.099026,
			"bytes":	124878164,
			"bits_per_second":	98922937.270220,
			"retransmits":	0
		},
		"sum_received":	{
			"start":	0,
			"end":	10.099026,
			"seconds":	10.099026,
			"bytes":	124878164,
			"bits_per_second":	98922937.270220
		},
		"cpu_utilization_percent":	{
			"host_total":	149.803222,
			"host_user":	29.584690,
			"host_system":	120.212458,
			"remote_total":	3.190767,
			"remote_user":	1.412169,
			"remote_system":	1.778597
		}
	}
}
