{
	"start":	{
		"connected":	[{
				"socket":	332,
				"local_host":	"10.0.2.15",
				"local_port":	51839,
				"remote_host":	"10.0.1.18",
				"remote_port":	5201
			}],
		"version":	"iperf 3.1.3",
		"system_info":	"Linux localhost 3.10.0+ #1 SMP PREEMPT Wed Feb 22 08:53:42 PST 2017 i686",
		"timestamp":	{
			"time":	"Fri, 08 Dec 2017 07:56:59 GMT",
			"timesecs":	1512719819
		},
		"connecting_to":	{
			"host":	"10.0.1.18",
			"port":	5201
		},
		"cookie":	"localhost.1512719819.243239.6d743eb9",
		"tcp_mss_default":	1460,
		"test_start":	{
			"protocol":	"TCP",
			"num_streams":	1,
			"blksize":	131072,
			"omit":	0,
			"duration":	10,
			"bytes":	0,
			"blocks":	0,
			"reverse":	0
		}
	},
	"intervals":	[{
			"streams":	[{
					"socket":	332,
					"start":	0,
					"end":	1.017384,
					"seconds":	1.017384,
					"bytes":	9654980,
					"bits_per_second":	75920042.020670,
					"retransmits":	0,
					"snd_cwnd":	14600,
					"rtt":	18750,
					"omitted":	false
				}],
			"sum":	{
				"start":	0,
				"end":	1.017384,
				"seconds":	1.017384,
				"bytes":	9654980,
				"bits_per_second":	75920042.020670,
				"retransmits":	0,
				"omitted":	false
			}
		}, {
			"streams":	[{
					"socket":	332,
					"start":	1.017384,
					"end":	2.000502,
					"seconds":	0.983118,
					"bytes":	10920800,
					"bits_per_second":	88866641.555030,
					"retransmits":	0,
					"snd_cwnd":	14600,
					"rtt":	18750,
					"omitted":	false
				}],
			"sum":	{
				"start":	1.017384,
				"end":	2.000502,
				"seconds":	0.983118,
				"bytes":	10920800,
				"bits_per_second":	88866641.555030,
				"retransmits":	0,
				"omitted":	false
			}
		}, {
			"streams":	[{
					"socket":	332,
					"start":	2.000502,
					"end":	3.040377,
					"seconds":	1.039875,
					"bytes":	10544120,
					"bits_per_second":	81118362.807514,
					"retransmits":	0,
					"snd_cwnd":	14600,
					"rtt":	18750,
					"omitted":	false
				}],
			"sum":	{
				"start":	2.000502,
				"end":	3.040377,
				"seconds":	1.039875,
				"bytes":	10544120,
				"bits_per_second":	81118362.807514,
				"retransmits":	0,
				"omitted":	false
			}
		}, {
			"streams":	[{
					"socket":	332,
					"start":	3.040377,
					"end":	4.000548,
					"seconds":	0.960171,
					"bytes":	9434520,
					"bits_per_second":	78606999.416386,
					"retransmits":	0,
					"snd_cwnd":	14600,
					"rtt":	18750,
					"omitted":	false
				}],
			"sum":	{
				"start":	3.040377,
				"end":	4.000548,
				"seconds":	0.960171,
				"bytes":	9434520,
				"bits_per_second":	78606999.416386,
				"retransmits":	0,
				"omitted":	false
			}
		}, {
			"streams":	[{
					"socket":	332,
					"start":	4.000548,
					"end":	5.000603,
					"seconds":	1.000055,
					"bytes":	10640480,
					"bits_per_second":	85119172.381809,
					"retransmits":	0,
					"snd_cwnd":	14600,
					"rtt":	18750,
					"omitted":	false
				}],
			"sum":	{
				"start":	4.000548,
				"end":	5.000603,
				"seconds":	1.000055,
				"bytes":	10640480,
				"bits_per_second":	85119172.381809,
				"retransmits":	0,
				"omitted":	false
			}
		}, {
			"streams":	[{
					"socket":	332,
					"start":	5.000603,
					"end":	6.002331,
					"seconds":	1.001728,
					"bytes":	7742380,
					"bits_per_second":	61832190.397301,
					"retransmits":	0,
					"snd_cwnd":	14600,
					"rtt":	18750,
					"omitted":	false
				}],
			"sum":	{
				"start":	5.000603,
				"end":	6.002331,
				"seconds":	1.001728,
				"bytes":	7742380,
				"bits_per_second":	61832190.397301,
				"retransmits":	0,
				"omitted":	false
			}
		}, {
			"streams":	[{
					"socket":	332,
					"start":	6.002331,
					"end":	7.004603,
					"seconds":	1.002272,
					"bytes":	9765940,
					"bits_per_second":	77950406.615980,
					"retransmits":	0,
					"snd_cwnd":	14600,
					"rtt":	18750,
					"omitted":	false
				}],
			"sum":	{
				"start":	6.002331,
				"end":	7.004603,
				"seconds":	1.002272,
				"bytes":	9765940,
				"bits_per_second":	77950406.615980,
				"retransmits":	0,
				"omitted":	false
			}
		}, {
			"streams":	[{
					"socket":	332,
					"start":	7.004603,
					"end":	8.001122,
					"seconds":	0.996519,
					"bytes":	11150020,
					"bits_per_second":	89511763.847489,
					"retransmits":	0,
					"snd_cwnd":	14600,
					"rtt":	18750,
					"omitted":	false
				}],
			"sum":	{
				"start":	7.004603,
				"end":	8.001122,
				"seconds":	0.996519,
				"bytes":	11150020,
				"bits_per_second":	89511763.847489,
				"retransmits":	0,
				"omitted":	false
			}
		}, {
			"streams":	[{
					"socket":	332,
					"start":	8.001122,
					"end":	9.000470,
					"seconds":	0.999348,
					"bytes":	11945720,
					"bits_per_second":	95628116.686386,
					"retransmits":	0,
					"snd_cwnd":	14600,
					"rtt":	18750,
					"omitted":	false
				}],
			"sum":	{
				"start":	8.001122,
				"end":	9.000470,
				"seconds":	0.999348,
				"bytes":	11945720,
				"bits_per_second":	95628116.686386,
				"retransmits":	0,
				"omitted":	false
			}
		}, {
			"streams":	[{
					"socket":	332,
					"start":	9.000470,
					"end":	10.014642,
					"seconds":	1.014172,
					"bytes":	11561740,
					"bits_per_second":	91201406.626461,
					"retransmits":	0,
					"snd_cwnd":	14600,
					"rtt":	18750,
					"omitted":	false
				}],
			"sum":	{
				"start":	9.000470,
				"end":	10.014642,
				"seconds":	1.014172,
				"bytes":	11561740,
				"bits_per_second":	91201406.626461,
				"retransmits":	0,
				"omitted":	false
			}
		}],
	"end":	{
		"streams":	[{
				"sender":	{
					"socket":	332,
					"start":	0,
					"end":	10.014642,
					"seconds":	10.014642,
					"bytes":	103360700,
					"bits_per_second":	82567664.424112,
					"retransmits":	0,
					"max_snd_cwnd":	14600,
					"max_rtt":	18750,
					"min_rtt":	18750,
					"mean_rtt":	18750
				},
				"receiver":	{
					"socket":	332,
					"start":	0,
					"end":	10.014642,
					"seconds":	10.014642,
					"bytes":	103027820,
					"bits_per_second":	82301749.776345
				}
			}],
		"sum_sent":	{
			"start":	0,
			"end":	10.014642,
			"seconds":	10.014642,
			"bytes":	103360700,
			"bits_per_second":	82567664.424112,
			"retransmits":	0
		},
		"sum_received":	{
			"start":	0,
			"end":	10.014642,
			"seconds":	10.014642,
			"bytes":	103027820,
			"bits_per_second":	82301749.776345
		},
		"cpu_utilization_percent":	{
			"host_total":	178.766291,
			"host_user":	118.297861,
			"host_system":	60.443436,
			"remote_total":	0.347224,
			"remote_user":	0.032928,
			"remote_system":	0.314297
		}
	}
}
