{
	"end": {
		"sum_sent": {
			"start": 0,
			"end": 10.006670666666666,
			"seconds": 10.006670666666666,
			"bytes": 136989853.33333334,
			"bits_per_second": 109520825.76429267,
			"retransmits": 0
		},
		"sum_received": {
			"start": 0,
			"end": 10.006670666666666,
			"seconds": 10.006670666666666,
			"bytes": 136658920,
			"bits_per_second": 109256256.84224968
		},
		"cpu_utilization_percent": {
			"host_total": 180.71972833333334,
			"host_user": 96.11368933333334,
			"host_system": 84.63377733333334,
			"host_user_normalized": 53.180312609307606,
			"host_system_normalized": 46.834931877255706,
			"remote_total": 0.47582699999999994,
			"remote_user": 0.045455999999999996,
			"remote_system": 0.43037100000000006,
			"remote_user_normalized": 9.5612443653795,
			"remote_system_normalized": 90.43875563462052
		}
	}
}
