{
	"start":	{
		"connected":	[{
				"socket":	480,
				"local_host":	"10.0.2.15",
				"local_port":	46442,
				"remote_host":	"192.168.1.4",
				"remote_port":	5201
			}],
		"version":	"iperf 3.1.3",
		"system_info":	"Linux localhost 3.18.48+ #1 SMP PREEMPT Wed Apr 19 00:58:20 UTC 2017 i686",
		"timestamp":	{
			"time":	"Fri, 08 Dec 2017 02:18:22 GMT",
			"timesecs":	1512699502
		},
		"connecting_to":	{
			"host":	"192.168.1.4",
			"port":	5201
		},
		"cookie":	"localhost.1512699502.192205.0a8df235",
		"tcp_mss_default":	1460,
		"test_start":	{
			"protocol":	"TCP",
			"num_streams":	1,
			"blksize":	131072,
			"omit":	0,
			"duration":	10,
			"bytes":	0,
			"blocks":	0,
			"reverse":	0
		}
	},
	"intervals":	[{
			"streams":	[{
					"socket":	480,
					"start":	0,
					"end":	1.002016,
					"seconds":	1.002016,
					"bytes":	6032212,
					"bits_per_second":	48160612.436636,
					"retransmits":	0,
					"snd_cwnd":	17520,
					"rtt":	731,
					"omitted":	false
				}],
			"sum":	{
				"start":	0,
				"end":	1.002016,
				"seconds":	1.002016,
				"bytes":	6032212,
				"bits_per_second":	48160612.436636,
				"retransmits":	0,
				"omitted":	false
			}
		}, {
			"streams":	[{
					"socket":	480,
					"start":	1.002016,
					"end":	2.013508,
					"seconds":	1.011492,
					"bytes":	5636732,
					"bits_per_second":	44581524.499376,
					"retransmits":	0,
					"snd_cwnd":	17520,
					"rtt":	10130,
					"omitted":	false
				}],
			"sum":	{
				"start":	1.002016,
				"end":	2.013508,
				"seconds":	1.011492,
				"bytes":	5636732,
				"bits_per_second":	44581524.499376,
				"retransmits":	0,
				"omitted":	false
			}
		}, {
			"streams":	[{
					"socket":	480,
					"start":	2.013508,
					"end":	3.002163,
					"seconds":	0.988655,
					"bytes":	5772840,
					"bits_per_second":	46712671.033221,
					"retransmits":	0,
					"snd_cwnd":	17520,
					"rtt":	861,
					"omitted":	false
				}],
			"sum":	{
				"start":	2.013508,
				"end":	3.002163,
				"seconds":	0.988655,
				"bytes":	5772840,
				"bits_per_second":	46712671.033221,
				"retransmits":	0,
				"omitted":	false
			}
		}, {
			"streams":	[{
					"socket":	480,
					"start":	3.002163,
					"end":	4.007638,
					"seconds":	1.005475,
					"bytes":	6045860,
					"bits_per_second":	48103511.147862,
					"retransmits":	0,
					"snd_cwnd":	17520,
					"rtt":	15051,
					"omitted":	false
				}],
			"sum":	{
				"start":	3.002163,
				"end":	4.007638,
				"seconds":	1.005475,
				"bytes":	6045860,
				"bits_per_second":	48103511.147862,
				"retransmits":	0,
				"omitted":	false
			}
		}, {
			"streams":	[{
					"socket":	480,
					"start":	4.007638,
					"end":	5.001614,
					"seconds":	0.993976,
					"bytes":	6426592,
					"bits_per_second":	51724329.684708,
					"retransmits":	0,
					"snd_cwnd":	17520,
					"rtt":	642,
					"omitted":	false
				}],
			"sum":	{
				"start":	4.007638,
				"end":	5.001614,
				"seconds":	0.993976,
				"bytes":	6426592,
				"bits_per_second":	51724329.684708,
				"retransmits":	0,
				"omitted":	false
			}
		}, {
			"streams":	[{
					"socket":	480,
					"start":	5.001614,
					"end":	6.009300,
					"seconds":	1.007686,
					"bytes":	6542704,
					"bits_per_second":	51942395.571635,
					"retransmits":	0,
					"snd_cwnd":	17520,
					"rtt":	6634,
					"omitted":	false
				}],
			"sum":	{
				"start":	5.001614,
				"end":	6.009300,
				"seconds":	1.007686,
				"bytes":	6542704,
				"bits_per_second":	51942395.571635,
				"retransmits":	0,
				"omitted":	false
			}
		}, {
			"streams":	[{
					"socket":	480,
					"start":	6.009300,
					"end":	7.120774,
					"seconds":	1.111474,
					"bytes":	6793464,
					"bits_per_second":	48896979.902749,
					"retransmits":	0,
					"snd_cwnd":	17520,
					"rtt":	12381,
					"omitted":	false
				}],
			"sum":	{
				"start":	6.009300,
				"end":	7.120774,
				"seconds":	1.111474,
				"bytes":	6793464,
				"bits_per_second":	48896979.902749,
				"retransmits":	0,
				"omitted":	false
			}
		}, {
			"streams":	[{
					"socket":	480,
					"start":	7.120774,
					"end":	8.224343,
					"seconds":	1.103569,
					"bytes":	7041600,
					"bits_per_second":	51046013.823999,
					"retransmits":	0,
					"snd_cwnd":	17520,
					"rtt":	526,
					"omitted":	false
				}],
			"sum":	{
				"start":	7.120774,
				"end":	8.224343,
				"seconds":	1.103569,
				"bytes":	7041600,
				"bits_per_second":	51046013.823999,
				"retransmits":	0,
				"omitted":	false
			}
		}, {
			"streams":	[{
					"socket":	480,
					"start":	8.224343,
					"end":	9.005284,
					"seconds":	0.780941,
					"bytes":	5093368,
					"bits_per_second":	52176724.622219,
					"retransmits":	0,
					"snd_cwnd":	17520,
					"rtt":	487,
					"omitted":	false
				}],
			"sum":	{
				"start":	8.224343,
				"end":	9.005284,
				"seconds":	0.780941,
				"bytes":	5093368,
				"bits_per_second":	52176724.622219,
				"retransmits":	0,
				"omitted":	false
			}
		}, {
			"streams":	[{
					"socket":	480,
					"start":	9.005284,
					"end":	10.007788,
					"seconds":	1.002504,
					"bytes":	6348228,
					"bits_per_second":	50658968.353719,
					"retransmits":	0,
					"snd_cwnd":	17520,
					"rtt":	8597,
					"omitted":	false
				}],
			"sum":	{
				"start":	9.005284,
				"end":	10.007788,
				"seconds":	1.002504,
				"bytes":	6348228,
				"bits_per_second":	50658968.353719,
				"retransmits":	0,
				"omitted":	false
			}
		}],
	"end":	{
		"streams":	[{
				"sender":	{
					"socket":	480,
					"start":	0,
					"end":	10.007788,
					"seconds":	10.007788,
					"bytes":	61733600,
					"bits_per_second":	49348447.710770,
					"retransmits":	0,
					"max_snd_cwnd":	17520,
					"max_rtt":	15051,
					"min_rtt":	487,
					"mean_rtt":	5604
				},
				"receiver":	{
					"socket":	480,
					"start":	0,
					"end":	10.007788,
					"seconds":	10.007788,
					"bytes":	61402180,
					"bits_per_second":	49083518.036487
				}
			}],
		"sum_sent":	{
			"start":	0,
			"end":	10.007788,
			"seconds":	10.007788,
			"bytes":	61733600,
			"bits_per_second":	49348447.710770,
			"retransmits":	0
		},
		"sum_received":	{
			"start":	0,
			"end":	10.007788,
			"seconds":	10.007788,
			"bytes":	61402180,
			"bits_per_second":	49083518.036487
		},
		"cpu_utilization_percent":	{
			"host_total":	152.785651,
			"host_user":	97.171444,
			"host_system":	55.611965,
			"remote_total":	0.157074,
			"remote_user":	0.016838,
			"remote_system":	0.140236
		}
	}
}
