{
	"end": {
		"sum_sent": {
			"start": 0,
			"end": 10.007512666666665,
			"seconds": 10.007512666666665,
			"bytes": 13938440,
			"bits_per_second": 11141965.054743001,
			"retransmits": 0
		},
		"sum_received": {
			"start": 0,
			"end": 10.007512666666665,
			"seconds": 10.007512666666665,
			"bytes": 13587066.666666666,
			"bits_per_second": 10861084.589734666
		},
		"cpu_utilization_percent": {
			"host_total": 114.52164666666665,
			"host_user": 87.152054,
			"host_system": 27.339965333333335,
			"host_user_normalized": 76.09643399289014,
			"host_system_normalized": 23.877519468152087,
			"remote_total": 0.251723,
			"remote_user": 0.08262866666666667,
			"remote_system": 0.16909433333333332,
			"remote_user_normalized": 33.42836483550979,
			"remote_system_normalized": 66.57162229965843
		}
	}
}
