{
	"start":	{
		"connected":	[{
				"socket":	231,
				"local_host":	"10.0.2.15",
				"local_port":	53872,
				"remote_host":	"10.0.0.252",
				"remote_port":	5201
			}],
		"version":	"iperf 3.1.3",
		"system_info":	"Linux localhost 3.18.56+ #1 SMP PREEMPT Fri Oct 13 14:54:31 PDT 2017 i686",
		"timestamp":	{
			"time":	"Thu, 07 Dec 2017 05:46:56 GMT",
			"timesecs":	1512625616
		},
		"connecting_to":	{
			"host":	"10.0.0.252",
			"port":	5201
		},
		"cookie":	"localhost.1512625616.904908.55847897",
		"tcp_mss_default":	1460,
		"test_start":	{
			"protocol":	"TCP",
			"num_streams":	1,
			"blksize":	131072,
			"omit":	0,
			"duration":	10,
			"bytes":	0,
			"blocks":	0,
			"reverse":	0
		}
	},
	"intervals":	[{
			"streams":	[{
					"socket":	231,
					"start":	0,
					"end":	1.001838,
					"seconds":	1.001838,
					"bytes":	1252680,
					"bits_per_second":	10003052.316760,
					"retransmits":	0,
					"snd_cwnd":	17520,
					"rtt":	464,
					"omitted":	false
				}],
			"sum":	{
				"start":	0,
				"end":	1.001838,
				"seconds":	1.001838,
				"bytes":	1252680,
				"bits_per_second":	10003052.316760,
				"retransmits":	0,
				"omitted":	false
			}
		}, {
			"streams":	[{
					"socket":	231,
					"start":	1.001838,
					"end":	2.000841,
					"seconds":	0.999003,
					"bytes":	1321300,
					"bits_per_second":	10580949.910671,
					"retransmits":	0,
					"snd_cwnd":	17520,
					"rtt":	488,
					"omitted":	false
				}],
			"sum":	{
				"start":	1.001838,
				"end":	2.000841,
				"seconds":	0.999003,
				"bytes":	1321300,
				"bits_per_second":	10580949.910671,
				"retransmits":	0,
				"omitted":	false
			}
		}, {
			"streams":	[{
					"socket":	231,
					"start":	2.000841,
					"end":	3.001282,
					"seconds":	1.000441,
					"bytes":	1217640,
					"bits_per_second":	9736825.335886,
					"retransmits":	0,
					"snd_cwnd":	17520,
					"rtt":	443,
					"omitted":	false
				}],
			"sum":	{
				"start":	2.000841,
				"end":	3.001282,
				"seconds":	1.000441,
				"bytes":	1217640,
				"bits_per_second":	9736825.335886,
				"retransmits":	0,
				"omitted":	false
			}
		}, {
			"streams":	[{
					"socket":	231,
					"start":	3.001282,
					"end":	4.000988,
					"seconds":	0.999706,
					"bytes":	1118360,
					"bits_per_second":	8949513.023040,
					"retransmits":	0,
					"snd_cwnd":	17520,
					"rtt":	513,
					"omitted":	false
				}],
			"sum":	{
				"start":	3.001282,
				"end":	4.000988,
				"seconds":	0.999706,
				"bytes":	1118360,
				"bits_per_second":	8949513.023040,
				"retransmits":	0,
				"omitted":	false
			}
		}, {
			"streams":	[{
					"socket":	231,
					"start":	4.000988,
					"end":	5.001046,
					"seconds":	1.000058,
					"bytes":	1176760,
					"bits_per_second":	9413532.375913,
					"retransmits":	0,
					"snd_cwnd":	17520,
					"rtt":	534,
					"omitted":	false
				}],
			"sum":	{
				"start":	4.000988,
				"end":	5.001046,
				"seconds":	1.000058,
				"bytes":	1176760,
				"bits_per_second":	9413532.375913,
				"retransmits":	0,
				"omitted":	false
			}
		}, {
			"streams":	[{
					"socket":	231,
					"start":	5.001046,
					"end":	6.001798,
					"seconds":	1.000752,
					"bytes":	1252680,
					"bits_per_second":	10013909.818219,
					"retransmits":	0,
					"snd_cwnd":	17520,
					"rtt":	476,
					"omitted":	false
				}],
			"sum":	{
				"start":	5.001046,
				"end":	6.001798,
				"seconds":	1.000752,
				"bytes":	1252680,
				"bits_per_second":	10013909.818219,
				"retransmits":	0,
				"omitted":	false
			}
		}, {
			"streams":	[{
					"socket":	231,
					"start":	6.001798,
					"end":	7.001828,
					"seconds":	1.000030,
					"bytes":	1497960,
					"bits_per_second":	11983320.012188,
					"retransmits":	0,
					"snd_cwnd":	17520,
					"rtt":	427,
					"omitted":	false
				}],
			"sum":	{
				"start":	6.001798,
				"end":	7.001828,
				"seconds":	1.000030,
				"bytes":	1497960,
				"bits_per_second":	11983320.012188,
				"retransmits":	0,
				"omitted":	false
			}
		}, {
			"streams":	[{
					"socket":	231,
					"start":	7.001828,
					"end":	8.000612,
					"seconds":	0.998784,
					"bytes":	1429340,
					"bits_per_second":	11448643.533121,
					"retransmits":	0,
					"snd_cwnd":	17520,
					"rtt":	503,
					"omitted":	false
				}],
			"sum":	{
				"start":	7.001828,
				"end":	8.000612,
				"seconds":	0.998784,
				"bytes":	1429340,
				"bits_per_second":	11448643.533121,
				"retransmits":	0,
				"omitted":	false
			}
		}, {
			"streams":	[{
					"socket":	231,
					"start":	8.000612,
					"end":	9.001978,
					"seconds":	1.001366,
					"bytes":	1137340,
					"bits_per_second":	9086306.846773,
					"retransmits":	0,
					"snd_cwnd":	17520,
					"rtt":	540,
					"omitted":	false
				}],
			"sum":	{
				"start":	8.000612,
				"end":	9.001978,
				"seconds":	1.001366,
				"bytes":	1137340,
				"bits_per_second":	9086306.846773,
				"retransmits":	0,
				"omitted":	false
			}
		}, {
			"streams":	[{
					"socket":	231,
					"start":	9.001978,
					"end":	10.000866,
					"seconds":	0.998888,
					"bytes":	1143180,
					"bits_per_second":	9155620.906274,
					"retransmits":	0,
					"snd_cwnd":	17520,
					"rtt":	501,
					"omitted":	false
				}],
			"sum":	{
				"start":	9.001978,
				"end":	10.000866,
				"seconds":	0.998888,
				"bytes":	1143180,
				"bits_per_second":	9155620.906274,
				"retransmits":	0,
				"omitted":	false
			}
		}],
	"end":	{
		"streams":	[{
				"sender":	{
					"socket":	231,
					"start":	0,
					"end":	10.000866,
					"seconds":	10.000866,
					"bytes":	12547240,
					"bits_per_second":	10036922.627158,
					"retransmits":	0,
					"max_snd_cwnd":	17520,
					"max_rtt":	540,
					"min_rtt":	427,
					"mean_rtt":	488
				},
				"receiver":	{
					"socket":	231,
					"start":	0,
					"end":	10.000866,
					"seconds":	10.000866,
					"bytes":	12204140,
					"bits_per_second":	9762466.399862
				}
			}],
		"sum_sent":	{
			"start":	0,
			"end":	10.000866,
			"seconds":	10.000866,
			"bytes":	12547240,
			"bits_per_second":	10036922.627158,
			"retransmits":	0
		},
		"sum_received":	{
			"start":	0,
			"end":	10.000866,
			"seconds":	10.000866,
			"bytes":	12204140,
			"bits_per_second":	9762466.399862
		},
		"cpu_utilization_percent":	{
			"host_total":	123.183225,
			"host_user":	97.652573,
			"host_system":	25.500368,
			"remote_total":	0.156892,
			"remote_user":	0.062354,
			"remote_system":	0.094537
		}
	}
}
