{
	"start":	{
		"connected":	[{
				"socket":	63,
				"local_host":	"10.0.2.15",
				"local_port":	40684,
				"remote_host":	"128.61.8.181",
				"remote_port":	5201
			}],
		"version":	"iperf 3.1.3",
		"system_info":	"Linux localhost 3.18.48+ #1 SMP PREEMPT Wed Apr 19 00:58:20 UTC 2017 i686",
		"timestamp":	{
			"time":	"Sat, 09 Dec 2017 01:04:33 GMT",
			"timesecs":	1512781473
		},
		"connecting_to":	{
			"host":	"128.61.8.181",
			"port":	5201
		},
		"cookie":	"localhost.1512781473.446093.1d1baf3b",
		"tcp_mss_default":	1460,
		"test_start":	{
			"protocol":	"TCP",
			"num_streams":	1,
			"blksize":	131072,
			"omit":	0,
			"duration":	10,
			"bytes":	0,
			"blocks":	0,
			"reverse":	0
		}
	},
	"intervals":	[{
			"streams":	[{
					"socket":	63,
					"start":	0,
					"end":	1.000523,
					"seconds":	1.000523,
					"bytes":	4161476,
					"bits_per_second":	33274410.409833,
					"retransmits":	0,
					"snd_cwnd":	17520,
					"rtt":	655,
					"omitted":	false
				}],
			"sum":	{
				"start":	0,
				"end":	1.000523,
				"seconds":	1.000523,
				"bytes":	4161476,
				"bits_per_second":	33274410.409833,
				"retransmits":	0,
				"omitted":	false
			}
		}, {
			"streams":	[{
					"socket":	63,
					"start":	1.000523,
					"end":	2.002470,
					"seconds":	1.001947,
					"bytes":	5511500,
					"bits_per_second":	44006312.469021,
					"retransmits":	0,
					"snd_cwnd":	17520,
					"rtt":	922,
					"omitted":	false
				}],
			"sum":	{
				"start":	1.000523,
				"end":	2.002470,
				"seconds":	1.001947,
				"bytes":	5511500,
				"bits_per_second":	44006312.469021,
				"retransmits":	0,
				"omitted":	false
			}
		}, {
			"streams":	[{
					"socket":	63,
					"start":	2.002470,
					"end":	3.025890,
					"seconds":	1.023420,
					"bytes":	4953780,
					"bits_per_second":	38723344.801220,
					"retransmits":	0,
					"snd_cwnd":	17520,
					"rtt":	4857,
					"omitted":	false
				}],
			"sum":	{
				"start":	2.002470,
				"end":	3.025890,
				"seconds":	1.023420,
				"bytes":	4953780,
				"bits_per_second":	38723344.801220,
				"retransmits":	0,
				"omitted":	false
			}
		}, {
			"streams":	[{
					"socket":	63,
					"start":	3.025890,
					"end":	4.006666,
					"seconds":	0.980776,
					"bytes":	5260380,
					"bits_per_second":	42907898.368237,
					"retransmits":	0,
					"snd_cwnd":	17520,
					"rtt":	10169,
					"omitted":	false
				}],
			"sum":	{
				"start":	3.025890,
				"end":	4.006666,
				"seconds":	0.980776,
				"bytes":	5260380,
				"bits_per_second":	42907898.368237,
				"retransmits":	0,
				"omitted":	false
			}
		}, {
			"streams":	[{
					"socket":	63,
					"start":	4.006666,
					"end":	5.025656,
					"seconds":	1.018990,
					"bytes":	6383120,
					"bits_per_second":	50113306.317251,
					"retransmits":	0,
					"snd_cwnd":	17520,
					"rtt":	6890,
					"omitted":	false
				}],
			"sum":	{
				"start":	4.006666,
				"end":	5.025656,
				"seconds":	1.018990,
				"bytes":	6383120,
				"bits_per_second":	50113306.317251,
				"retransmits":	0,
				"omitted":	false
			}
		}, {
			"streams":	[{
					"socket":	63,
					"start":	5.025656,
					"end":	6.106068,
					"seconds":	1.080412,
					"bytes":	5387040,
					"bits_per_second":	39888786.453384,
					"retransmits":	0,
					"snd_cwnd":	17520,
					"rtt":	659,
					"omitted":	false
				}],
			"sum":	{
				"start":	5.025656,
				"end":	6.106068,
				"seconds":	1.080412,
				"bytes":	5387040,
				"bits_per_second":	39888786.453384,
				"retransmits":	0,
				"omitted":	false
			}
		}, {
			"streams":	[{
					"socket":	63,
					"start":	6.106068,
					"end":	7.003770,
					"seconds":	0.897702,
					"bytes":	6775024,
					"bits_per_second":	60376598.567252,
					"retransmits":	0,
					"snd_cwnd":	17520,
					"rtt":	1187,
					"omitted":	false
				}],
			"sum":	{
				"start":	6.106068,
				"end":	7.003770,
				"seconds":	0.897702,
				"bytes":	6775024,
				"bits_per_second":	60376598.567252,
				"retransmits":	0,
				"omitted":	false
			}
		}, {
			"streams":	[{
					"socket":	63,
					"start":	7.003770,
					"end":	8.016943,
					"seconds":	1.013173,
					"bytes":	5210740,
					"bits_per_second":	41143926.800748,
					"retransmits":	0,
					"snd_cwnd":	17520,
					"rtt":	6154,
					"omitted":	false
				}],
			"sum":	{
				"start":	7.003770,
				"end":	8.016943,
				"seconds":	1.013173,
				"bytes":	5210740,
				"bits_per_second":	41143926.800748,
				"retransmits":	0,
				"omitted":	false
			}
		}, {
			"streams":	[{
					"socket":	63,
					"start":	8.016943,
					"end":	9.022544,
					"seconds":	1.005601,
					"bytes":	6391816,
					"bits_per_second":	50849722.302480,
					"retransmits":	0,
					"snd_cwnd":	17520,
					"rtt":	863,
					"omitted":	false
				}],
			"sum":	{
				"start":	8.016943,
				"end":	9.022544,
				"seconds":	1.005601,
				"bytes":	6391816,
				"bits_per_second":	50849722.302480,
				"retransmits":	0,
				"omitted":	false
			}
		}, {
			"streams":	[{
					"socket":	63,
					"start":	9.022544,
					"end":	10.005389,
					"seconds":	0.982845,
					"bytes":	5224832,
					"bits_per_second":	42528224.805560,
					"retransmits":	0,
					"snd_cwnd":	17520,
					"rtt":	2587,
					"omitted":	false
				}],
			"sum":	{
				"start":	9.022544,
				"end":	10.005389,
				"seconds":	0.982845,
				"bytes":	5224832,
				"bits_per_second":	42528224.805560,
				"retransmits":	0,
				"omitted":	false
			}
		}],
	"end":	{
		"streams":	[{
				"sender":	{
					"socket":	63,
					"start":	0,
					"end":	10.005389,
					"seconds":	10.005389,
					"bytes":	55259708,
					"bits_per_second":	44183955.776058,
					"retransmits":	0,
					"max_snd_cwnd":	17520,
					"max_rtt":	10169,
					"min_rtt":	655,
					"mean_rtt":	3494
				},
				"receiver":	{
					"socket":	63,
					"start":	0,
					"end":	10.005389,
					"seconds":	10.005389,
					"bytes":	54937048,
					"bits_per_second":	43925966.805673
				}
			}],
		"sum_sent":	{
			"start":	0,
			"end":	10.005389,
			"seconds":	10.005389,
			"bytes":	55259708,
			"bits_per_second":	44183955.776058,
			"retransmits":	0
		},
		"sum_received":	{
			"start":	0,
			"end":	10.005389,
			"seconds":	10.005389,
			"bytes":	54937048,
			"bits_per_second":	43925966.805673
		},
		"cpu_utilization_percent":	{
			"host_total":	159.252283,
			"host_user":	112.922627,
			"host_system":	46.362946,
			"remote_total":	0.698320,
			"remote_user":	0.079289,
			"remote_system":	0.619031
		}
	}
}
