{
	"start":	{
		"connected":	[{
<<<<<<< HEAD
				"socket":	63,
				"local_host":	"10.0.2.15",
				"local_port":	40684,
=======
				"socket":	628,
				"local_host":	"10.0.2.15",
				"local_port":	40491,
>>>>>>> 067a8e7... add compression data
				"remote_host":	"128.61.8.181",
				"remote_port":	5201
			}],
		"version":	"iperf 3.1.3",
		"system_info":	"Linux localhost 3.18.48+ #1 SMP PREEMPT Wed Apr 19 00:58:20 UTC 2017 i686",
		"timestamp":	{
<<<<<<< HEAD
			"time":	"Sat, 09 Dec 2017 01:04:33 GMT",
			"timesecs":	1512781473
=======
			"time":	"Fri, 08 Dec 2017 22:19:53 GMT",
			"timesecs":	1512771593
>>>>>>> 067a8e7... add compression data
		},
		"connecting_to":	{
			"host":	"128.61.8.181",
			"port":	5201
		},
<<<<<<< HEAD
		"cookie":	"localhost.1512781473.446093.1d1baf3b",
=======
		"cookie":	"localhost.1512771593.806333.4a9ba807",
>>>>>>> 067a8e7... add compression data
		"tcp_mss_default":	1460,
		"test_start":	{
			"protocol":	"TCP",
			"num_streams":	1,
			"blksize":	131072,
			"omit":	0,
			"duration":	10,
			"bytes":	0,
			"blocks":	0,
			"reverse":	0
		}
	},
	"intervals":	[{
			"streams":	[{
<<<<<<< HEAD
					"socket":	63,
					"start":	0,
					"end":	1.000523,
					"seconds":	1.000523,
					"bytes":	4161476,
					"bits_per_second":	33274410.409833,
					"retransmits":	0,
					"snd_cwnd":	17520,
					"rtt":	655,
=======
					"socket":	628,
					"start":	0,
					"end":	1.016661,
					"seconds":	1.016661,
					"bytes":	11951560,
					"bits_per_second":	94045571.021977,
					"retransmits":	0,
					"snd_cwnd":	17520,
					"rtt":	11419,
>>>>>>> 067a8e7... add compression data
					"omitted":	false
				}],
			"sum":	{
				"start":	0,
<<<<<<< HEAD
				"end":	1.000523,
				"seconds":	1.000523,
				"bytes":	4161476,
				"bits_per_second":	33274410.409833,
=======
				"end":	1.016661,
				"seconds":	1.016661,
				"bytes":	11951560,
				"bits_per_second":	94045571.021977,
>>>>>>> 067a8e7... add compression data
				"retransmits":	0,
				"omitted":	false
			}
		}, {
			"streams":	[{
<<<<<<< HEAD
					"socket":	63,
					"start":	1.000523,
					"end":	2.002470,
					"seconds":	1.001947,
					"bytes":	5511500,
					"bits_per_second":	44006312.469021,
					"retransmits":	0,
					"snd_cwnd":	17520,
					"rtt":	922,
					"omitted":	false
				}],
			"sum":	{
				"start":	1.000523,
				"end":	2.002470,
				"seconds":	1.001947,
				"bytes":	5511500,
				"bits_per_second":	44006312.469021,
=======
					"socket":	628,
					"start":	1.016661,
					"end":	2.000349,
					"seconds":	0.983688,
					"bytes":	12101940,
					"bits_per_second":	98420974.985271,
					"retransmits":	0,
					"snd_cwnd":	17520,
					"rtt":	617,
					"omitted":	false
				}],
			"sum":	{
				"start":	1.016661,
				"end":	2.000349,
				"seconds":	0.983688,
				"bytes":	12101940,
				"bits_per_second":	98420974.985271,
>>>>>>> 067a8e7... add compression data
				"retransmits":	0,
				"omitted":	false
			}
		}, {
			"streams":	[{
<<<<<<< HEAD
					"socket":	63,
					"start":	2.002470,
					"end":	3.025890,
					"seconds":	1.023420,
					"bytes":	4953780,
					"bits_per_second":	38723344.801220,
					"retransmits":	0,
					"snd_cwnd":	17520,
					"rtt":	4857,
					"omitted":	false
				}],
			"sum":	{
				"start":	2.002470,
				"end":	3.025890,
				"seconds":	1.023420,
				"bytes":	4953780,
				"bits_per_second":	38723344.801220,
=======
					"socket":	628,
					"start":	2.000349,
					"end":	3.000667,
					"seconds":	1.000318,
					"bytes":	14221860,
					"bits_per_second":	113738705.361025,
					"retransmits":	0,
					"snd_cwnd":	17520,
					"rtt":	1283,
					"omitted":	false
				}],
			"sum":	{
				"start":	2.000349,
				"end":	3.000667,
				"seconds":	1.000318,
				"bytes":	14221860,
				"bits_per_second":	113738705.361025,
>>>>>>> 067a8e7... add compression data
				"retransmits":	0,
				"omitted":	false
			}
		}, {
			"streams":	[{
<<<<<<< HEAD
					"socket":	63,
					"start":	3.025890,
					"end":	4.006666,
					"seconds":	0.980776,
					"bytes":	5260380,
					"bits_per_second":	42907898.368237,
					"retransmits":	0,
					"snd_cwnd":	17520,
					"rtt":	10169,
					"omitted":	false
				}],
			"sum":	{
				"start":	3.025890,
				"end":	4.006666,
				"seconds":	0.980776,
				"bytes":	5260380,
				"bits_per_second":	42907898.368237,
=======
					"socket":	628,
					"start":	3.000667,
					"end":	4.012378,
					"seconds":	1.011711,
					"bytes":	14727020,
					"bits_per_second":	116452372.224091,
					"retransmits":	0,
					"snd_cwnd":	17520,
					"rtt":	9912,
					"omitted":	false
				}],
			"sum":	{
				"start":	3.000667,
				"end":	4.012378,
				"seconds":	1.011711,
				"bytes":	14727020,
				"bits_per_second":	116452372.224091,
>>>>>>> 067a8e7... add compression data
				"retransmits":	0,
				"omitted":	false
			}
		}, {
			"streams":	[{
<<<<<<< HEAD
					"socket":	63,
					"start":	4.006666,
					"end":	5.025656,
					"seconds":	1.018990,
					"bytes":	6383120,
					"bits_per_second":	50113306.317251,
					"retransmits":	0,
					"snd_cwnd":	17520,
					"rtt":	6890,
					"omitted":	false
				}],
			"sum":	{
				"start":	4.006666,
				"end":	5.025656,
				"seconds":	1.018990,
				"bytes":	6383120,
				"bits_per_second":	50113306.317251,
=======
					"socket":	628,
					"start":	4.012378,
					"end":	5.000489,
					"seconds":	0.988111,
					"bytes":	17103900,
					"bits_per_second":	138477557.025778,
					"retransmits":	0,
					"snd_cwnd":	17520,
					"rtt":	318,
					"omitted":	false
				}],
			"sum":	{
				"start":	4.012378,
				"end":	5.000489,
				"seconds":	0.988111,
				"bytes":	17103900,
				"bits_per_second":	138477557.025778,
>>>>>>> 067a8e7... add compression data
				"retransmits":	0,
				"omitted":	false
			}
		}, {
			"streams":	[{
<<<<<<< HEAD
					"socket":	63,
					"start":	5.025656,
					"end":	6.106068,
					"seconds":	1.080412,
					"bytes":	5387040,
					"bits_per_second":	39888786.453384,
					"retransmits":	0,
					"snd_cwnd":	17520,
					"rtt":	659,
					"omitted":	false
				}],
			"sum":	{
				"start":	5.025656,
				"end":	6.106068,
				"seconds":	1.080412,
				"bytes":	5387040,
				"bits_per_second":	39888786.453384,
=======
					"socket":	628,
					"start":	5.000489,
					"end":	6.000637,
					"seconds":	1.000148,
					"bytes":	15676020,
					"bits_per_second":	125389624.965945,
					"retransmits":	0,
					"snd_cwnd":	17520,
					"rtt":	11393,
					"omitted":	false
				}],
			"sum":	{
				"start":	5.000489,
				"end":	6.000637,
				"seconds":	1.000148,
				"bytes":	15676020,
				"bits_per_second":	125389624.965945,
>>>>>>> 067a8e7... add compression data
				"retransmits":	0,
				"omitted":	false
			}
		}, {
			"streams":	[{
<<<<<<< HEAD
					"socket":	63,
					"start":	6.106068,
					"end":	7.003770,
					"seconds":	0.897702,
					"bytes":	6775024,
					"bits_per_second":	60376598.567252,
					"retransmits":	0,
					"snd_cwnd":	17520,
					"rtt":	1187,
					"omitted":	false
				}],
			"sum":	{
				"start":	6.106068,
				"end":	7.003770,
				"seconds":	0.897702,
				"bytes":	6775024,
				"bits_per_second":	60376598.567252,
=======
					"socket":	628,
					"start":	6.000637,
					"end":	7.008264,
					"seconds":	1.007627,
					"bytes":	16616260,
					"bits_per_second":	131923895.087355,
					"retransmits":	0,
					"snd_cwnd":	17520,
					"rtt":	9780,
					"omitted":	false
				}],
			"sum":	{
				"start":	6.000637,
				"end":	7.008264,
				"seconds":	1.007627,
				"bytes":	16616260,
				"bits_per_second":	131923895.087355,
>>>>>>> 067a8e7... add compression data
				"retransmits":	0,
				"omitted":	false
			}
		}, {
			"streams":	[{
<<<<<<< HEAD
					"socket":	63,
					"start":	7.003770,
					"end":	8.016943,
					"seconds":	1.013173,
					"bytes":	5210740,
					"bits_per_second":	41143926.800748,
					"retransmits":	0,
					"snd_cwnd":	17520,
					"rtt":	6154,
					"omitted":	false
				}],
			"sum":	{
				"start":	7.003770,
				"end":	8.016943,
				"seconds":	1.013173,
				"bytes":	5210740,
				"bits_per_second":	41143926.800748,
=======
					"socket":	628,