{
	"start":	{
		"connected":	[{
				"socket":	526,
				"local_host":	"10.0.2.15",
				"local_port":	50006,
				"remote_host":	"128.61.92.187",
				"remote_port":	5201
			}],
		"version":	"iperf 3.1.3",
		"system_info":	"Linux localhost 3.18.56+ #1 SMP PREEMPT Fri Oct 13 14:54:31 PDT 2017 i686",
		"timestamp":	{
			"time":	"Thu, 07 Dec 2017 06:50:25 GMT",
			"timesecs":	1512629425
		},
		"connecting_to":	{
			"host":	"128.61.92.187",
			"port":	5201
		},
		"cookie":	"localhost.1512629425.280441.3bafc197",
		"tcp_mss_default":	1460,
		"test_start":	{
			"protocol":	"TCP",
			"num_streams":	1,
			"blksize":	131072,
			"omit":	0,
			"duration":	10,
			"bytes":	0,
			"blocks":	0,
			"reverse":	0
		}
	},
	"intervals":	[{
			"streams":	[{
					"socket":	526,
					"start":	0,
					"end":	1.012509,
					"seconds":	1.012509,
					"bytes":	9665600,
					"bits_per_second":	76369503.867457,
					"retransmits":	0,
					"snd_cwnd":	17520,
					"rtt":	505,
					"omitted":	false
				}],
			"sum":	{
				"start":	0,
				"end":	1.012509,
				"seconds":	1.012509,
				"bytes":	9665600,
				"bits_per_second":	76369503.867457,
				"retransmits":	0,
				"omitted":	false
			}
		}, {
			"streams":	[{
					"socket":	526,
					"start":	1.012509,
					"end":	2.027009,
					"seconds":	1.014500,
					"bytes":	11798300,
					"bits_per_second":	93037345.360627,
					"retransmits":	0,
					"snd_cwnd":	17520,
					"rtt":	551,
					"omitted":	false
				}],
			"sum":	{
				"start":	1.012509,
				"end":	2.027009,
				"seconds":	1.014500,
				"bytes":	11798300,
				"bits_per_second":	93037345.360627,
				"retransmits":	0,
				"omitted":	false
			}
		}, {
			"streams":	[{
					"socket":	526,
					"start":	2.027009,
					"end":	3.041533,
					"seconds":	1.014524,
					"bytes":	11022596,
					"bits_per_second":	86918367.113507,
					"retransmits":	0,
					"snd_cwnd":	17520,
					"rtt":	760,
					"omitted":	false
				}],
			"sum":	{
				"start":	2.027009,
				"end":	3.041533,
				"seconds":	1.014524,
				"bytes":	11022596,
				"bits_per_second":	86918367.113507,
				"retransmits":	0,
				"omitted":	false
			}
		}, {
			"streams":	[{
					"socket":	526,
					"start":	3.041533,
					"end":	4.032677,
					"seconds":	0.991144,
					"bytes":	12650316,
					"bits_per_second":	102106791.681654,
					"retransmits":	0,
					"snd_cwnd":	17520,
					"rtt":	441,
					"omitted":	false
				}],
			"sum":	{
				"start":	3.041533,
				"end":	4.032677,
				"seconds":	0.991144,
				"bytes":	12650316,
				"bits_per_second":	102106791.681654,
				"retransmits":	0,
				"omitted":	false
			}
		}, {
			"streams":	[{
					"socket":	526,
					"start":	4.032677,
					"end":	5.072157,
					"seconds":	1.039480,
					"bytes":	14870616,
					"bits_per_second":	114446580.335103,
					"retransmits":	0,
					"snd_cwnd":	17520,
					"rtt":	609,
					"omitted":	false
				}],
			"sum":	{
				"start":	4.032677,
				"end":	5.072157,
				"seconds":	1.039480,
				"bytes":	14870616,
				"bits_per_second":	114446580.335103,
				"retransmits":	0,
				"omitted":	false
			}
		}, {
			"streams":	[{
					"socket":	526,
					"start":	5.072157,
					"end":	6.056338,
					"seconds":	0.984181,
					"bytes":	12162940,
					"bits_per_second":	98867512.368132,
					"retransmits":	0,
					"snd_cwnd":	17520,
					"rtt":	428,
					"omitted":	false
				}],
			"sum":	{
				"start":	5.072157,
				"end":	6.056338,
				"seconds":	0.984181,
				"bytes":	12162940,
				"bits_per_second":	98867512.368132,
				"retransmits":	0,
				"omitted":	false
			}
		}, {
			"streams":	[{
					"socket":	526,
					"start":	6.056338,
					"end":	7.084198,
					"seconds":	1.027860,
					"bytes":	14921368,
					"bits_per_second":	116135392.834820,
					"retransmits":	0,
					"snd_cwnd":	17520,
					"rtt":	422,
					"omitted":	false
				}],
			"sum":	{
				"start":	6.056338,
				"end":	7.084198,
				"seconds":	1.027860,
				"bytes":	14921368,
				"bits_per_second":	116135392.834820,
				"retransmits":	0,
				"omitted":	false
			}
		}, {
			"streams":	[{
					"socket":	526,
					"start":	7.084198,
					"end":	8.084129,
					"seconds":	0.999931,
					"bytes":	12312696,
					"bits_per_second":	98508379.006048,
					"retransmits":	0,
					"snd_cwnd":	20440,
					"rtt":	440,
					"omitted":	false
				}],
			"sum":	{
				"start":	7.084198,
				"end":	8.084129,
				"seconds":	0.999931,
				"bytes":	12312696,
				"bits_per_second":	98508379.006048,
				"retransmits":	0,
				"omitted":	false
			}
		}, {
			"streams":	[{
					"socket":	526,
					"start":	8.084129,
					"end":	9.024198,
					"seconds":	0.940069,
					"bytes":	12201408,
					"bits_per_second":	103834152.741614,
					"retransmits":	0,
					"snd_cwnd":	20440,
					"rtt":	621,
					"omitted":	false
				}],
			"sum":	{
				"start":	8.084129,
				"end":	9.024198,
				"seconds":	0.940069,
				"bytes":	12201408,
				"bits_per_second":	103834152.741614,
				"retransmits":	0,
				"omitted":	false
			}
		}, {
			"streams":	[{
					"socket":	526,
					"start":	9.024198,
					"end":	10.011652,
					"seconds":	0.987454,
					"bytes":	13138136,
					"bits_per_second":	106440471.426411,
					"retransmits":	0,
					"snd_cwnd":	20440,
					"rtt":	431,
					"omitted":	false
				}],
			"sum":	{
				"start":	9.024198,
				"end":	10.011652,
				"seconds":	0.987454,
				"bytes":	13138136,
				"bits_per_second":	106440471.426411,
				"retransmits":	0,
				"omitted":	false
			}
		}],
	"end":	{
		"streams":	[{
				"sender":	{
					"socket":	526,
					"start":	0,
					"end":	10.011652,
					"seconds":	10.011652,
					"bytes":	124743976,
					"bits_per_second":	99679034.860371,
					"retransmits":	0,
					"max_snd_cwnd":	20440,
					"max_rtt":	760,
					"min_rtt":	422,
					"mean_rtt":	520
				},
				"receiver":	{
					"socket":	526,
					"start":	0,
					"end":	10.011652,
					"seconds":	10.011652,
					"bytes":	124743976,
					"bits_per_second":	99679034.860371
				}
			}],
		"sum_sent":	{
			"start":	0,
			"end":	10.011652,
			"seconds":	10.011652,
			"bytes":	124743976,
			"bits_per_second":	99679034.860371,
			"retransmits":	0
		},
		"sum_received":	{
			"start":	0,
			"end":	10.011652,
			"seconds":	10.011652,
			"bytes":	124743976,
			"bits_per_second":	99679034.860371
		},
		"cpu_utilization_percent":	{
			"host_total":	142.182984,
			"host_user":	48.203695,
			"host_system":	93.917530,
			"remote_total":	2.876204,
			"remote_user":	1.140927,
			"remote_system":	1.735277
		}
	}
}
