{
	"start":	{
		"connected":	[{
				"socket":	744,
				"local_host":	"10.0.2.15",
				"local_port":	54243,
				"remote_host":	"128.61.92.187",
				"remote_port":	5201
			}],
		"version":	"iperf 3.1.3",
		"system_info":	"Linux localhost 3.18.56+ #1 SMP PREEMPT Fri Aug 25 10:56:18 PDT 2017 i686",
		"timestamp":	{
			"time":	"Thu, 07 Dec 2017 03:46:41 GMT",
			"timesecs":	1512618401
		},
		"connecting_to":	{
			"host":	"128.61.92.187",
			"port":	5201
		},
		"cookie":	"localhost.1512618401.433543.4b69cea3",
		"tcp_mss_default":	1460,
		"test_start":	{
			"protocol":	"TCP",
			"num_streams":	1,
			"blksize":	131072,
			"omit":	0,
			"duration":	10,
			"bytes":	0,
			"blocks":	0,
			"reverse":	0
		}
	},
	"intervals":	[{
			"streams":	[{
					"socket":	744,
					"start":	0,
					"end":	1.049621,
					"seconds":	1.049621,
					"bytes":	10123236,
					"bits_per_second":	77157277.035462,
					"retransmits":	0,
					"snd_cwnd":	17520,
					"rtt":	461,
					"omitted":	false
				}],
			"sum":	{
				"start":	0,
				"end":	1.049621,
				"seconds":	1.049621,
				"bytes":	10123236,
				"bits_per_second":	77157277.035462,
				"retransmits":	0,
				"omitted":	false
			}
		}, {
			"streams":	[{
					"socket":	744,
					"start":	1.049621,
					"end":	2.024454,
					"seconds":	0.974833,
					"bytes":	11014556,
					"bits_per_second":	90391325.436256,
					"retransmits":	0,
					"snd_cwnd":	17520,
					"rtt":	921,
					"omitted":	false
				}],
			"sum":	{
				"start":	1.049621,
				"end":	2.024454,
				"seconds":	0.974833,
				"bytes":	11014556,
				"bits_per_second":	90391325.436256,
				"retransmits":	0,
				"omitted":	false
			}
		}, {
			"streams":	[{
					"socket":	744,
					"start":	2.024454,
					"end":	3.013994,
					"seconds":	0.989540,
					"bytes":	11607580,
					"bits_per_second":	93842220.230222,
					"retransmits":	0,
					"snd_cwnd":	17520,
					"rtt":	488,
					"omitted":	false
				}],
			"sum":	{
				"start":	2.024454,
				"end":	3.013994,
				"seconds":	0.989540,
				"bytes":	11607580,
				"bits_per_second":	93842220.230222,
				"retransmits":	0,
				"omitted":	false
			}
		}, {
			"streams":	[{
					"socket":	744,
					"start":	3.013994,
					"end":	4.062018,
					"seconds":	1.048024,
					"bytes":	13107200,
					"bits_per_second":	100052676.360405,
					"retransmits":	0,
					"snd_cwnd":	17520,
					"rtt":	476,
					"omitted":	false
				}],
			"sum":	{
				"start":	3.013994,
				"end":	4.062018,
				"seconds":	1.048024,
				"bytes":	13107200,
				"bits_per_second":	100052676.360405,
				"retransmits":	0,
				"omitted":	false
			}
		}, {
			"streams":	[{
					"socket":	744,
					"start":	4.062018,
					"end":	5.014095,
					"seconds":	0.952077,
					"bytes":	12766068,
					"bits_per_second":	107269216.090295,
					"retransmits":	0,
					"snd_cwnd":	17520,
					"rtt":	396,
					"omitted":	false
				}],
			"sum":	{
				"start":	4.062018,
				"end":	5.014095,
				"seconds":	0.952077,
				"bytes":	12766068,
				"bits_per_second":	107269216.090295,
				"retransmits":	0,
				"omitted":	false
			}
		}, {
			"streams":	[{
					"socket":	744,
					"start":	5.014095,
					"end":	6.010769,
					"seconds":	0.996674,
					"bytes":	11660912,
					"bits_per_second":	93598599.248289,
					"retransmits":	0,
					"snd_cwnd":	20440,
					"rtt":	570,
					"omitted":	false
				}],
			"sum":	{
				"start":	5.014095,
				"end":	6.010769,
				"seconds":	0.996674,
				"bytes":	11660912,
				"bits_per_second":	93598599.248289,
				"retransmits":	0,
				"omitted":	false
			}
		}, {
			"streams":	[{
					"socket":	744,
					"start":	6.010769,
					"end":	7.055024,
					"seconds":	1.044255,
					"bytes":	12980752,
					"bits_per_second":	99445072.503070,
					"retransmits":	0,
					"snd_cwnd":	20440,
					"rtt":	404,
					"omitted":	false
				}],
			"sum":	{
				"start":	6.010769,
				"end":	7.055024,
				"seconds":	1.044255,
				"bytes":	12980752,
				"bits_per_second":	99445072.503070,
				"retransmits":	0,
				"omitted":	false
			}
		}, {
			"streams":	[{
					"socket":	744,
					"start":	7.055024,
					"end":	8.075532,
					"seconds":	1.020508,
					"bytes":	11796480,
					"bits_per_second":	92475350.797139,
					"retransmits":	0,
					"snd_cwnd":	20440,
					"rtt":	419,
					"omitted":	false
				}],
			"sum":	{
				"start":	7.055024,
				"end":	8.075532,
				"seconds":	1.020508,
				"bytes":	11796480,
				"bits_per_second":	92475350.797139,
				"retransmits":	0,
				"omitted":	false
			}
		}, {
			"streams":	[{
					"socket":	744,
					"start":	8.075532,
					"end":	9.076940,
					"seconds":	1.001408,
					"bytes":	11916380,
					"bits_per_second":	95196993.101812,
					"retransmits":	0,
					"snd_cwnd":	20440,
					"rtt":	435,
					"omitted":	false
				}],
			"sum":	{
				"start":	8.075532,
				"end":	9.076940,
				"seconds":	1.001408,
				"bytes":	11916380,
				"bits_per_second":	95196993.101812,
				"retransmits":	0,
				"omitted":	false
			}
		}, {
			"streams":	[{
					"socket":	744,
					"start":	9.076940,
					"end":	10.040506,
					"seconds":	0.963566,
					"bytes":	11796480,
					"bits_per_second":	97940210.635132,
					"retransmits":	0,
					"snd_cwnd":	20440,
					"rtt":	534,
					"omitted":	false
				}],
			"sum":	{
				"start":	9.076940,
				"end":	10.040506,
				"seconds":	0.963566,
				"bytes":	11796480,
				"bits_per_second":	97940210.635132,
				"retransmits":	0,
				"omitted":	false
			}
		}],
	"end":	{
		"streams":	[{
				"sender":	{
					"socket":	744,
					"start":	0,
					"end":	10.040506,
					"seconds":	10.040506,
					"bytes":	118769644,
					"bits_per_second":	94632398.285577,
					"retransmits":	0,
					"max_snd_cwnd":	20440,
					"max_rtt":	921,
					"min_rtt":	396,
					"mean_rtt":	510
				},
				"receiver":	{
					"socket":	744,
					"start":	0,
					"end":	10.040506,
					"seconds":	10.040506,
					"bytes":	118769644,
					"bits_per_second":	94632398.285577
				}
			}],
		"sum_sent":	{
			"start":	0,
			"end":	10.040506,
			"seconds":	10.040506,
			"bytes":	118769644,
			"bits_per_second":	94632398.285577,
			"retransmits":	0
		},
		"sum_received":	{
			"start":	0,
			"end":	10.040506,
			"seconds":	10.040506,
			"bytes":	118769644,
			"bits_per_second":	94632398.285577
		},
		"cpu_utilization_percent":	{
			"host_total":	150.167124,
			"host_user":	34.817598,
			"host_system":	115.295987,
			"remote_total":	3.693404,
			"remote_user":	1.398326,
			"remote_system":	2.295078
		}
	}
}
