{
	"end": {
		"sum_sent": {
			"start": 0,
			"end": 10.007689666666668,
			"seconds": 10.007689666666668,
			"bytes": 183438064,
			"bits_per_second": 146640897.39051798,
			"retransmits": 0
		},
		"sum_received": {
			"start": 0,
			"end": 10.007689666666668,
			"seconds": 10.007689666666668,
			"bytes": 183128544,
			"bits_per_second": 146393446.251501
		},
		"cpu_utilization_percent": {
			"host_total": 172.988234,
			"host_user": 108.73073666666669,
			"host_system": 64.22537066666666,
			"host_user_normalized": 62.86621318369891,
			"host_system_normalized": 37.115159317402295,
			"remote_total": 0.785397,
			"remote_user": 0.08063833333333334,
			"remote_system": 0.704759,
			"remote_user_normalized": 10.291823781219216,
			"remote_system_normalized": 89.70822066506234
		}
	}
}
