{
	"start":	{
		"connected":	[{
<<<<<<< HEAD
				"socket":	114,
				"local_host":	"10.0.2.15",
				"local_port":	40539,
=======
				"socket":	556,
				"local_host":	"10.0.2.15",
				"local_port":	40479,
>>>>>>> 067a8e7... add compression data
				"remote_host":	"128.61.8.181",
				"remote_port":	5201
			}],
		"version":	"iperf 3.1.3",
		"system_info":	"Linux localhost 3.18.48+ #1 SMP PREEMPT Wed Apr 19 00:58:20 UTC 2017 i686",
		"timestamp":	{
<<<<<<< HEAD
			"time":	"Sat, 09 Dec 2017 00:12:33 GMT",
			"timesecs":	1512778353
=======
			"time":	"Fri, 08 Dec 2017 22:11:37 GMT",
			"timesecs":	1512771097
>>>>>>> 067a8e7... add compression data
		},
		"connecting_to":	{
			"host":	"128.61.8.181",
			"port":	5201
		},
<<<<<<< HEAD
		"cookie":	"localhost.1512778353.195335.79dc3710",
=======
		"cookie":	"localhost.1512771097.909372.5a120665",
>>>>>>> 067a8e7... add compression data
		"tcp_mss_default":	1460,
		"test_start":	{
			"protocol":	"TCP",
			"num_streams":	1,
			"blksize":	131072,
			"omit":	0,
			"duration":	10,
			"bytes":	0,
			"blocks":	0,
			"reverse":	0
		}
	},
	"intervals":	[{
			"streams":	[{
<<<<<<< HEAD
					"socket":	114,
					"start":	0,
					"end":	1.026739,
					"seconds":	1.026739,
					"bytes":	6996764,
					"bits_per_second":	54516404.294959,
					"retransmits":	0,
					"snd_cwnd":	17520,
					"rtt":	621,
=======
					"socket":	556,
					"start":	0,
					"end":	1.004712,
					"seconds":	1.004712,
					"bytes":	12312180,
					"bits_per_second":	98035509.777552,
					"retransmits":	0,
					"snd_cwnd":	17520,
					"rtt":	2114,
>>>>>>> 067a8e7... add compression data
					"omitted":	false
				}],
			"sum":	{
				"start":	0,
<<<<<<< HEAD
				"end":	1.026739,
				"seconds":	1.026739,
				"bytes":	6996764,
				"bits_per_second":	54516404.294959,
=======
				"end":	1.004712,
				"seconds":	1.004712,
				"bytes":	12312180,
				"bits_per_second":	98035509.777552,
>>>>>>> 067a8e7... add compression data
				"retransmits":	0,
				"omitted":	false
			}
		}, {
			"streams":	[{
<<<<<<< HEAD
					"socket":	114,
					"start":	1.026739,
					"end":	2.005812,
					"seconds":	0.979073,
					"bytes":	5626988,
					"bits_per_second":	45978085.198651,
					"retransmits":	0,
					"snd_cwnd":	17520,
					"rtt":	9579,
					"omitted":	false
				}],
			"sum":	{
				"start":	1.026739,
				"end":	2.005812,
				"seconds":	0.979073,
				"bytes":	5626988,
				"bits_per_second":	45978085.198651,
=======
					"socket":	556,
					"start":	1.004712,
					"end":	2.017158,
					"seconds":	1.012446,
					"bytes":	15116840,
					"bits_per_second":	119448049.852474,
					"retransmits":	0,
					"snd_cwnd":	17520,
					"rtt":	1481,
					"omitted":	false
				}],
			"sum":	{
				"start":	1.004712,
				"end":	2.017158,
				"seconds":	1.012446,
				"bytes":	15116840,
				"bits_per_second":	119448049.852474,
>>>>>>> 067a8e7... add compression data
				"retransmits":	0,
				"omitted":	false
			}
		}, {
			"streams":	[{
<<<<<<< HEAD
					"socket":	114,
					"start":	2.005812,
					"end":	3.080704,
					"seconds":	1.074892,
					"bytes":	6964200,
					"bits_per_second":	51831809.815226,
					"retransmits":	0,
					"snd_cwnd":	17520,
					"rtt":	804,
					"omitted":	false
				}],
			"sum":	{
				"start":	2.005812,
				"end":	3.080704,
				"seconds":	1.074892,
				"bytes":	6964200,
				"bits_per_second":	51831809.815226,
=======
					"socket":	556,
					"start":	2.017158,
					"end":	3.000732,
					"seconds":	0.983574,
					"bytes":	14096300,
					"bits_per_second":	114653711.778714,
					"retransmits":	0,
					"snd_cwnd":	17520,
					"rtt":	526,
					"omitted":	false
				}],
			"sum":	{
				"start":	2.017158,
				"end":	3.000732,
				"seconds":	0.983574,
				"bytes":	14096300,
				"bits_per_second":	114653711.778714,
>>>>>>> 067a8e7... add compression data
				"retransmits":	0,
				"omitted":	false
			}
		}, {
			"streams":	[{
<<<<<<< HEAD
					"socket":	114,
					"start":	3.080704,
					"end":	4.004743,
					"seconds":	0.924039,
					"bytes":	5623920,
					"bits_per_second":	48689898.912052,
					"retransmits":	0,
					"snd_cwnd":	17520,
					"rtt":	5633,
					"omitted":	false
				}],
			"sum":	{
				"start":	3.080704,
				"end":	4.004743,
				"seconds":	0.924039,
				"bytes":	5623920,
				"bits_per_second":	48689898.912052,
=======
					"socket":	556,
					"start":	3.000732,
					"end":	4.004137,
					"seconds":	1.003405,
					"bytes":	13872920,
					"bits_per_second":	110606733.658630,
					"retransmits":	0,
					"snd_cwnd":	17520,
					"rtt":	485,
					"omitted":	false
				}],
			"sum":	{
				"start":	3.000732,
				"end":	4.004137,
				"seconds":	1.003405,
				"bytes":	13872920,
				"bits_per_second":	110606733.658630,
>>>>>>> 067a8e7... add compression data
				"retransmits":	0,
				"omitted":	false
			}
		}, {
			"streams":	[{
<<<<<<< HEAD
					"socket":	114,
					"start":	4.004743,
					"end":	5.001928,
					"seconds":	0.997185,
					"bytes":	6708784,
					"bits_per_second":	53821780.752189,
					"retransmits":	0,
					"snd_cwnd":	17520,
					"rtt":	674,
					"omitted":	false
				}],
			"sum":	{
				"start":	4.004743,
				"end":	5.001928,
				"seconds":	0.997185,
				"bytes":	6708784,
				"bits_per_second":	53821780.752189,
=======
					"socket":	556,
					"start":	4.004137,
					"end":	5.016689,
					"seconds":	1.012552,
					"bytes":	14449620,
					"bits_per_second":	114163998.096479,
					"retransmits":	0,
					"snd_cwnd":	17520,
					"rtt":	11303,
					"omitted":	false
				}],
			"sum":	{
				"start":	4.004137,
				"end":	5.016689,
				"seconds":	1.012552,
				"bytes":	14449620,
				"bits_per_second":	114163998.096479,
>>>>>>> 067a8e7... add compression data
				"retransmits":	0,
				"omitted":	false
			}
		}, {
			"streams":	[{
<<<<<<< HEAD
					"socket":	114,
					"start":	5.001928,
					"end":	6.002017,
					"seconds":	1.000089,
					"bytes":	6342240,
					"bits_per_second":	50733396.176698,
					"retransmits":	0,
					"snd_cwnd":	17520,
					"rtt":	812,
					"omitted":	false
				}],
			"sum":	{
				"start":	5.001928,
				"end":	6.002017,
				"seconds":	1.000089,
				"bytes":	6342240,
				"bits_per_second":	50733396.176698,
=======
					"socket":	556,
					"start":	5.016689,
					"end":	6.000608,
					"seconds":	0.983919,
					"bytes":	15216120,
					"bits_per_second":	123718458.759850,
					"retransmits":	0,
					"snd_cwnd":	17520,
					"rtt":	607,
					"omitted":	false
				}],
			"sum":	{
				"start":	5.016689,
				"end":	6.000608,
				"seconds":	0.983919,
				"bytes":	15216120,
				"bits_per_second":	123718458.759850,
>>>>>>> 067a8e7... add compression data
				"retransmits":	0,
				"omitted":	false
			}
		}, {
			"streams":	[{
<<<<<<< HEAD
					"socket":	114,
					"start":	6.002017,
					"end":	7.013167,
					"seconds":	1.011150,
					"bytes":	6937232,
					"bits_per_second":	54885884.791391,
					"retransmits":	0,
					"snd_cwnd":	17520,
					"rtt":	6741,
					"omitted":	false
				}],
			"sum":	{
				"start":	6.002017,
				"end":	7.013167,
				"seconds":	1.011150,
				"bytes":	6937232,
				"bits_per_second":	54885884.791391,
=======
					"socket":	556,
					"start":	6.000608,
					"end":	7.000582,
					"seconds":	0.999974,
					"bytes":	15773840,
					"bits_per_second":	126193999.482351,
					"retransmits":	0,
					"snd_cwnd":	17520,
					"rtt":	482,
					"omitted":	false
				}],
			"sum":	{
				"start":	6.000608,
				"end":	7.000582,
				"seconds":	0.999974,
				"bytes":	15773840,
				"bits_per_second":	126193999.482351,
>>>>>>> 067a8e7... add compression data
				"retransmits":	0,
				"omitted":	false
			}
		}, {
			"streams":	[{
<<<<<<< HEAD
					"socket":	114,
					"start":	7.013167,
					"end":	8.246030,
					"seconds":	1.232863,
					"bytes":	7648580,
					"bits_per_second":	49631339.826703,
					"retransmits":	0,
					"snd_cwnd":	17520,
					"rtt":	617,
					"omitted":	false
				}],
			"sum":	{
				"start":	7.013167,
				"end":	8.246030,
				"seconds":	1.232863,
				"bytes":	7648580,
				"bits_per_second":	49631339.826703,
=======
					"socket":	556,