{
	"start":	{
		"connected":	[{
				"socket":	114,
				"local_host":	"10.0.2.15",
				"local_port":	40539,
				"remote_host":	"128.61.8.181",
				"remote_port":	5201
			}],
		"version":	"iperf 3.1.3",
		"system_info":	"Linux localhost 3.18.48+ #1 SMP PREEMPT Wed Apr 19 00:58:20 UTC 2017 i686",
		"timestamp":	{
			"time":	"Sat, 09 Dec 2017 00:12:33 GMT",
			"timesecs":	1512778353
		},
		"connecting_to":	{
			"host":	"128.61.8.181",
			"port":	5201
		},
		"cookie":	"localhost.1512778353.195335.79dc3710",
		"tcp_mss_default":	1460,
		"test_start":	{
			"protocol":	"TCP",
			"num_streams":	1,
			"blksize":	131072,
			"omit":	0,
			"duration":	10,
			"bytes":	0,
			"blocks":	0,
			"reverse":	0
		}
	},
	"intervals":	[{
			"streams":	[{
					"socket":	114,
					"start":	0,
					"end":	1.026739,
					"seconds":	1.026739,
					"bytes":	6996764,
					"bits_per_second":	54516404.294959,
					"retransmits":	0,
					"snd_cwnd":	17520,
					"rtt":	621,
					"omitted":	false
				}],
			"sum":	{
				"start":	0,
				"end":	1.026739,
				"seconds":	1.026739,
				"bytes":	6996764,
				"bits_per_second":	54516404.294959,
				"retransmits":	0,
				"omitted":	false
			}
		}, {
			"streams":	[{
					"socket":	114,
					"start":	1.026739,
					"end":	2.005812,
					"seconds":	0.979073,
					"bytes":	5626988,
					"bits_per_second":	45978085.198651,
					"retransmits":	0,
					"snd_cwnd":	17520,
					"rtt":	9579,
					"omitted":	false
				}],
			"sum":	{
				"start":	1.026739,
				"end":	2.005812,
				"seconds":	0.979073,
				"bytes":	5626988,
				"bits_per_second":	45978085.198651,
				"retransmits":	0,
				"omitted":	false
			}
		}, {
			"streams":	[{
					"socket":	114,
					"start":	2.005812,
					"end":	3.080704,
					"seconds":	1.074892,
					"bytes":	6964200,
					"bits_per_second":	51831809.815226,
					"retransmits":	0,
					"snd_cwnd":	17520,
					"rtt":	804,
					"omitted":	false
				}],
			"sum":	{
				"start":	2.005812,
				"end":	3.080704,
				"seconds":	1.074892,
				"bytes":	6964200,
				"bits_per_second":	51831809.815226,
				"retransmits":	0,
				"omitted":	false
			}
		}, {
			"streams":	[{
					"socket":	114,
					"start":	3.080704,
					"end":	4.004743,
					"seconds":	0.924039,
					"bytes":	5623920,
					"bits_per_second":	48689898.912052,
					"retransmits":	0,
					"snd_cwnd":	17520,
					"rtt":	5633,
					"omitted":	false
				}],
			"sum":	{
				"start":	3.080704,
				"end":	4.004743,
				"seconds":	0.924039,
				"bytes":	5623920,
				"bits_per_second":	48689898.912052,
				"retransmits":	0,
				"omitted":	false
			}
		}, {
			"streams":	[{
					"socket":	114,
					"start":	4.004743,
					"end":	5.001928,
					"seconds":	0.997185,
					"bytes":	6708784,
					"bits_per_second":	53821780.752189,
					"retransmits":	0,
					"snd_cwnd":	17520,
					"rtt":	674,
					"omitted":	false
				}],
			"sum":	{
				"start":	4.004743,
				"end":	5.001928,
				"seconds":	0.997185,
				"bytes":	6708784,
				"bits_per_second":	53821780.752189,
				"retransmits":	0,
				"omitted":	false
			}
		}, {
			"streams":	[{
					"socket":	114,
					"start":	5.001928,
					"end":	6.002017,
					"seconds":	1.000089,
					"bytes":	6342240,
					"bits_per_second":	50733396.176698,
					"retransmits":	0,
					"snd_cwnd":	17520,
					"rtt":	812,
					"omitted":	false
				}],
			"sum":	{
				"start":	5.001928,
				"end":	6.002017,
				"seconds":	1.000089,
				"bytes":	6342240,
				"bits_per_second":	50733396.176698,
				"retransmits":	0,
				"omitted":	false
			}
		}, {
			"streams":	[{
					"socket":	114,
					"start":	6.002017,
					"end":	7.013167,
					"seconds":	1.011150,
					"bytes":	6937232,
					"bits_per_second":	54885884.791391,
					"retransmits":	0,
					"snd_cwnd":	17520,
					"rtt":	6741,
					"omitted":	false
				}],
			"sum":	{
				"start":	6.002017,
				"end":	7.013167,
				"seconds":	1.011150,
				"bytes":	6937232,
				"bits_per_second":	54885884.791391,
				"retransmits":	0,
				"omitted":	false
			}
		}, {
			"streams":	[{
					"socket":	114,
					"start":	7.013167,
					"end":	8.246030,
					"seconds":	1.232863,
					"bytes":	7648580,
					"bits_per_second":	49631339.826703,
					"retransmits":	0,
					"snd_cwnd":	17520,
					"rtt":	617,
					"omitted":	false
				}],
			"sum":	{
				"start":	7.013167,
				"end":	8.246030,
				"seconds":	1.232863,
				"bytes":	7648580,
				"bits_per_second":	49631339.826703,
				"retransmits":	0,
				"omitted":	false
			}
		}, {
			"streams":	[{
					"socket":	114,
					"start":	8.246030,
					"end":	9.092945,
					"seconds":	0.846915,
					"bytes":	6017844,
					"bits_per_second":	56844844.668813,
					"retransmits":	0,
					"snd_cwnd":	17520,
					"rtt":	864,
					"omitted":	false
				}],
			"sum":	{
				"start":	8.246030,
				"end":	9.092945,
				"seconds":	0.846915,
				"bytes":	6017844,
				"bits_per_second":	56844844.668813,
				"retransmits":	0,
				"omitted":	false
			}
		}, {
			"streams":	[{
					"socket":	114,
					"start":	9.092945,
					"end":	10.038841,
					"seconds":	0.945896,
					"bytes":	5528660,
					"bits_per_second":	46759128.961087,
					"retransmits":	0,
					"snd_cwnd":	17520,
					"rtt":	553,
					"omitted":	false
				}],
			"sum":	{
				"start":	9.092945,
				"end":	10.038841,
				"seconds":	0.945896,
				"bytes":	5528660,
				"bits_per_second":	46759128.961087,
				"retransmits":	0,
				"omitted":	false
			}
		}],
	"end":	{
		"streams":	[{
				"sender":	{
					"socket":	114,
					"start":	0,
					"end":	10.038841,
					"seconds":	10.038841,
					"bytes":	64395212,
					"bits_per_second":	51316849.776878,
					"retransmits":	0,
					"max_snd_cwnd":	17520,
					"max_rtt":	9579,
					"min_rtt":	553,
					"mean_rtt":	2689
				},
				"receiver":	{
					"socket":	114,
					"start":	0,
					"end":	10.038841,
					"seconds":	10.038841,
					"bytes":	64395212,
					"bits_per_second":	51316849.776878
				}
			}],
		"sum_sent":	{
			"start":	0,
			"end":	10.038841,
			"seconds":	10.038841,
			"bytes":	64395212,
			"bits_per_second":	51316849.776878,
			"retransmits":	0
		},
		"sum_received":	{
			"start":	0,
			"end":	10.038841,
			"seconds":	10.038841,
			"bytes":	64395212,
			"bits_per_second":	51316849.776878
		},
		"cpu_utilization_percent":	{
			"host_total":	162.682592,
			"host_user":	107.954055,
			"host_system":	54.723254,
			"remote_total":	0.643319,
			"remote_user":	0.070342,
			"remote_system":	0.572978
		}
	}
}