{
	"start":	{
		"connected":	[{
				"socket":	111,
				"local_host":	"10.0.2.15",
				"local_port":	54100,
				"remote_host":	"128.61.92.187",
				"remote_port":	5201
			}],
		"version":	"iperf 3.1.3",
		"system_info":	"Linux localhost 3.18.56+ #1 SMP PREEMPT Fri Aug 25 10:56:18 PDT 2017 i686",
		"timestamp":	{
			"time":	"Thu, 07 Dec 2017 01:28:14 GMT",
			"timesecs":	1512610094
		},
		"connecting_to":	{
			"host":	"128.61.92.187",
			"port":	5201
		},
		"cookie":	"localhost.1512610094.925112.67f55a81",
		"tcp_mss_default":	1460,
		"test_start":	{
			"protocol":	"TCP",
			"num_streams":	1,
			"blksize":	131072,
			"omit":	0,
			"duration":	10,
			"bytes":	0,
			"blocks":	0,
			"reverse":	0
		}
	},
	"intervals":	[{
			"streams":	[{
					"socket":	111,
					"start":	0,
					"end":	1.011470,
					"seconds":	1.011470,
					"bytes":	8344216,
					"bits_per_second":	65996740.148899,
					"retransmits":	0,
					"snd_cwnd":	17520,
					"rtt":	497,
					"omitted":	false
				}],
			"sum":	{
				"start":	0,
				"end":	1.011470,
				"seconds":	1.011470,
				"bytes":	8344216,
				"bits_per_second":	65996740.148899,
				"retransmits":	0,
				"omitted":	false
			}
		}, {
			"streams":	[{
					"socket":	111,
					"start":	1.011470,
					"end":	2.027609,
					"seconds":	1.016139,
					"bytes":	8724440,
					"bits_per_second":	68686978.757859,
					"retransmits":	0,
					"snd_cwnd":	17520,
					"rtt":	500,
					"omitted":	false
				}],
			"sum":	{
				"start":	1.011470,
				"end":	2.027609,
				"seconds":	1.016139,
				"bytes":	8724440,
				"bits_per_second":	68686978.757859,
				"retransmits":	0,
				"omitted":	false
			}
		}, {
			"streams":	[{
					"socket":	111,
					"start":	2.027609,
					"end":	3.003696,
					"seconds":	0.976087,
					"bytes":	9475864,
					"bits_per_second":	77664105.009458,
					"retransmits":	0,
					"snd_cwnd":	20440,
					"rtt":	2331,
					"omitted":	false
				}],
			"sum":	{
				"start":	2.027609,
				"end":	3.003696,
				"seconds":	0.976087,
				"bytes":	9475864,
				"bits_per_second":	77664105.009458,
				"retransmits":	0,
				"omitted":	false
			}
		}, {
			"streams":	[{
					"socket":	111,
					"start":	3.003696,
					"end":	4.006399,
					"seconds":	1.002703,
					"bytes":	9330436,
					"bits_per_second":	74442256.447970,
					"retransmits":	0,
					"snd_cwnd":	20440,
					"rtt":	494,
					"omitted":	false
				}],
			"sum":	{
				"start":	3.003696,
				"end":	4.006399,
				"seconds":	1.002703,
				"bytes":	9330436,
				"bits_per_second":	74442256.447970,
				"retransmits":	0,
				"omitted":	false
			}
		}, {
			"streams":	[{
					"socket":	111,
					"start":	4.006399,
					"end":	5.018405,
					"seconds":	1.012006,
					"bytes":	11705792,
					"bits_per_second":	92535374.251446,
					"retransmits":	0,
					"snd_cwnd":	20440,
					"rtt":	366,
					"omitted":	false
				}],
			"sum":	{
				"start":	4.006399,
				"end":	5.018405,
				"seconds":	1.012006,
				"bytes":	11705792,
				"bits_per_second":	92535374.251446,
				"retransmits":	0,
				"omitted":	false
			}
		}, {
			"streams":	[{
					"socket":	111,
					"start":	5.018405,
					"end":	6.020203,
					"seconds":	1.001798,
					"bytes":	10485760,
					"bits_per_second":	83735510.746543,
					"retransmits":	0,
					"snd_cwnd":	20440,
					"rtt":	590,
					"omitted":	false
				}],
			"sum":	{
				"start":	5.018405,
				"end":	6.020203,
				"seconds":	1.001798,
				"bytes":	10485760,
				"bits_per_second":	83735510.746543,
				"retransmits":	0,
				"omitted":	false
			}
		}, {
			"streams":	[{
					"socket":	111,
					"start":	6.020203,
					"end":	7.000482,
					"seconds":	0.980279,
					"bytes":	13974716,
					"bits_per_second":	114046849.475510,
					"retransmits":	0,
					"snd_cwnd":	20440,
					"rtt":	559,
					"omitted":	false
				}],
			"sum":	{
				"start":	6.020203,
				"end":	7.000482,
				"seconds":	0.980279,
				"bytes":	13974716,
				"bits_per_second":	114046849.475510,
				"retransmits":	0,
				"omitted":	false
			}
		}, {
			"streams":	[{
					"socket":	111,
					"start":	7.000482,
					"end":	8.127261,
					"seconds":	1.126779,
					"bytes":	12575772,
					"bits_per_second":	89286513.954666,
					"retransmits":	0,
					"snd_cwnd":	20440,
					"rtt":	486,
					"omitted":	false
				}],
			"sum":	{
				"start":	7.000482,
				"end":	8.127261,
				"seconds":	1.126779,
				"bytes":	12575772,
				"bits_per_second":	89286513.954666,
				"retransmits":	0,
				"omitted":	false
			}
		}, {
			"streams":	[{
					"socket":	111,
					"start":	8.127261,
					"end":	9.062026,
					"seconds":	0.934765,
					"bytes":	10622556,
					"bits_per_second":	90911042.390568,
					"retransmits":	0,
					"snd_cwnd":	20440,
					"rtt":	553,
					"omitted":	false
				}],
			"sum":	{
				"start":	8.127261,
				"end":	9.062026,
				"seconds":	0.934765,
				"bytes":	10622556,
				"bits_per_second":	90911042.390568,
				"retransmits":	0,
				"omitted":	false
			}
		}, {
			"streams":	[{
					"socket":	111,
					"start":	9.062026,
					"end":	10.014523,
					"seconds":	0.952497,
					"bytes":	10620080,
					"bits_per_second":	89197802.736118,
					"retransmits":	0,
					"snd_cwnd":	20440,
					"rtt":	435,
					"omitted":	false
				}],
			"sum":	{
				"start":	9.062026,
				"end":	10.014523,
				"seconds":	0.952497,
				"bytes":	10620080,
				"bits_per_second":	89197802.736118,
				"retransmits":	0,
				"omitted":	false
			}
		}],
	"end":	{
		"streams":	[{
				"sender":	{
					"socket":	111,
					"start":	0,
					"end":	10.014523,
					"seconds":	10.014523,
					"bytes":	105859632,
					"bits_per_second":	84564891.759691,
					"retransmits":	0,
					"max_snd_cwnd":	20440,
					"max_rtt":	2331,
					"min_rtt":	366,
					"mean_rtt":	681
				},
				"receiver":	{
					"socket":	111,
					"start":	0,
					"end":	10.014523,
					"seconds":	10.014523,
					"bytes":	105859632,
					"bits_per_second":	84564891.759691
				}
			}],
		"sum_sent":	{
			"start":	0,
			"end":	10.014523,
			"seconds":	10.014523,
			"bytes":	105859632,
			"bits_per_second":	84564891.759691,
			"retransmits":	0
		},
		"sum_received":	{
			"start":	0,
			"end":	10.014523,
			"seconds":	10.014523,
			"bytes":	105859632,
			"bits_per_second":	84564891.759691
		},
		"cpu_utilization_percent":	{
			"host_total":	123.623259,
			"host_user":	54.683263,
			"host_system":	69.026414,
			"remote_total":	1.372683,
			"remote_user":	0.500025,
			"remote_system":	0.872659
		}
	}
}
