{
	"start":	{
		"connected":	[{
<<<<<<< HEAD
				"socket":	333,
				"local_host":	"10.0.2.15",
				"local_port":	40564,
=======
				"socket":	445,
				"local_host":	"10.0.2.15",
				"local_port":	40469,
>>>>>>> 067a8e7... add compression data
				"remote_host":	"128.61.8.181",
				"remote_port":	5201
			}],
		"version":	"iperf 3.1.3",
		"system_info":	"Linux localhost 3.18.48+ #1 SMP PREEMPT Wed Apr 19 00:58:20 UTC 2017 i686",
		"timestamp":	{
<<<<<<< HEAD
			"time":	"Sat, 09 Dec 2017 00:22:27 GMT",
			"timesecs":	1512778947
=======
			"time":	"Fri, 08 Dec 2017 22:08:25 GMT",
			"timesecs":	1512770905
>>>>>>> 067a8e7... add compression data
		},
		"connecting_to":	{
			"host":	"128.61.8.181",
			"port":	5201
		},
<<<<<<< HEAD
		"cookie":	"localhost.1512778947.775049.27d6632f",
=======
		"cookie":	"localhost.1512770905.146541.725a1df7",
>>>>>>> 067a8e7... add compression data
		"tcp_mss_default":	1460,
		"test_start":	{
			"protocol":	"TCP",
			"num_streams":	1,
			"blksize":	131072,
			"omit":	0,
			"duration":	10,
			"bytes":	0,
			"blocks":	0,
			"reverse":	0
		}
	},
	"intervals":	[{
			"streams":	[{
<<<<<<< HEAD
					"socket":	333,
					"start":	0,
					"end":	1.012417,
					"seconds":	1.012417,
					"bytes":	5894496,
					"bits_per_second":	46577610.180488,
					"retransmits":	0,
					"snd_cwnd":	17520,
					"rtt":	3067,
=======
					"socket":	445,
					"start":	0,
					"end":	1.013809,
					"seconds":	1.013809,
					"bytes":	12367660,
					"bits_per_second":	97593613.145200,
					"retransmits":	0,
					"snd_cwnd":	17520,
					"rtt":	771,
>>>>>>> 067a8e7... add compression data
					"omitted":	false
				}],
			"sum":	{
				"start":	0,
<<<<<<< HEAD
				"end":	1.012417,
				"seconds":	1.012417,
				"bytes":	5894496,
				"bits_per_second":	46577610.180488,
=======
				"end":	1.013809,
				"seconds":	1.013809,
				"bytes":	12367660,
				"bits_per_second":	97593613.145200,
>>>>>>> 067a8e7... add compression data
				"retransmits":	0,
				"omitted":	false
			}
		}, {
			"streams":	[{
<<<<<<< HEAD
					"socket":	333,
					"start":	1.012417,
					"end":	2.003668,
					"seconds":	0.991251,
					"bytes":	6076520,
					"bits_per_second":	49041222.052834,
					"retransmits":	0,
					"snd_cwnd":	17520,
					"rtt":	724,
					"omitted":	false
				}],
			"sum":	{
				"start":	1.012417,
				"end":	2.003668,
				"seconds":	0.991251,
				"bytes":	6076520,
				"bits_per_second":	49041222.052834,
=======
					"socket":	445,
					"start":	1.013809,
					"end":	2.005643,
					"seconds":	0.991834,
					"bytes":	12808580,
					"bits_per_second":	103312295.931460,
					"retransmits":	0,
					"snd_cwnd":	17520,
					"rtt":	464,
					"omitted":	false
				}],
			"sum":	{
				"start":	1.013809,
				"end":	2.005643,
				"seconds":	0.991834,
				"bytes":	12808580,
				"bits_per_second":	103312295.931460,
>>>>>>> 067a8e7... add compression data
				"retransmits":	0,
				"omitted":	false
			}
		}, {
			"streams":	[{
<<<<<<< HEAD
					"socket":	333,
					"start":	2.003668,
					"end":	3.009504,
					"seconds":	1.005836,
					"bytes":	6172880,
					"bits_per_second":	49096512.264478,
					"retransmits":	0,
					"snd_cwnd":	17520,
					"rtt":	6450,
					"omitted":	false
				}],
			"sum":	{
				"start":	2.003668,
				"end":	3.009504,
				"seconds":	1.005836,
				"bytes":	6172880,
				"bits_per_second":	49096512.264478,
=======
					"socket":	445,
					"start":	2.005643,
					"end":	3.000495,
					"seconds":	0.994852,
					"bytes":	14506560,
					"bits_per_second":	116653001.950271,
					"retransmits":	0,
					"snd_cwnd":	17520,
					"rtt":	1242,
					"omitted":	false
				}],
			"sum":	{
				"start":	2.005643,
				"end":	3.000495,
				"seconds":	0.994852,
				"bytes":	14506560,
				"bits_per_second":	116653001.950271,
>>>>>>> 067a8e7... add compression data
				"retransmits":	0,
				"omitted":	false
			}
		}, {
			"streams":	[{
<<<<<<< HEAD
					"socket":	333,
					"start":	3.009504,
					"end":	4.001570,
					"seconds":	0.992066,
					"bytes":	6240040,
					"bits_per_second":	50319560.093419,
					"retransmits":	0,
					"snd_cwnd":	17520,
					"rtt":	510,
					"omitted":	false
				}],
			"sum":	{
				"start":	3.009504,
				"end":	4.001570,
				"seconds":	0.992066,
				"bytes":	6240040,
				"bits_per_second":	50319560.093419,
=======
					"socket":	445,
					"start":	3.000495,
					"end":	4.016652,
					"seconds":	1.016157,
					"bytes":	12928300,
					"bits_per_second":	101781918.514638,
					"retransmits":	0,
					"snd_cwnd":	17520,
					"rtt":	9377,
					"omitted":	false
				}],
			"sum":	{
				"start":	3.000495,
				"end":	4.016652,
				"seconds":	1.016157,
				"bytes":	12928300,
				"bits_per_second":	101781918.514638,
>>>>>>> 067a8e7... add compression data
				"retransmits":	0,
				"omitted":	false
			}
		}, {
			"streams":	[{
<<<<<<< HEAD
					"socket":	333,
					"start":	4.001570,
					"end":	5.008289,
					"seconds":	1.006719,
					"bytes":	6419620,
					"bits_per_second":	51014189.924097,
					"retransmits":	0,
					"snd_cwnd":	17520,
					"rtt":	4320,
					"omitted":	false
				}],
			"sum":	{
				"start":	4.001570,
				"end":	5.008289,
				"seconds":	1.006719,
				"bytes":	6419620,
				"bits_per_second":	51014189.924097,
=======
					"socket":	445,
					"start":	4.016652,
					"end":	5.000378,
					"seconds":	0.983726,
					"bytes":	14208720,
					"bits_per_second":	115550221.458277,
					"retransmits":	0,
					"snd_cwnd":	17520,
					"rtt":	320,
					"omitted":	false
				}],
			"sum":	{
				"start":	4.016652,
				"end":	5.000378,
				"seconds":	0.983726,
				"bytes":	14208720,
				"bits_per_second":	115550221.458277,
>>>>>>> 067a8e7... add compression data
				"retransmits":	0,
				"omitted":	false
			}
		}, {
			"streams":	[{
<<<<<<< HEAD
					"socket":	333,
					"start":	5.008289,
					"end":	6.000654,
					"seconds":	0.992365,
					"bytes":	6605336,
					"bits_per_second":	53249252.248564,
					"retransmits":	0,
					"snd_cwnd":	17520,
					"rtt":	796,
					"omitted":	false
				}],
			"sum":	{
				"start":	5.008289,
				"end":	6.000654,
				"seconds":	0.992365,
				"bytes":	6605336,
				"bits_per_second":	53249252.248564,
=======
					"socket":	445,
					"start":	5.000378,
					"end":	6.007997,
					"seconds":	1.007619,
					"bytes":	13067000,
					"bits_per_second":	103745547.883578,
					"retransmits":	0,
					"snd_cwnd":	17520,
					"rtt":	395,
					"omitted":	false
				}],
			"sum":	{
				"start":	5.000378,
				"end":	6.007997,
				"seconds":	1.007619,
				"bytes":	13067000,
				"bits_per_second":	103745547.883578,
>>>>>>> 067a8e7... add compression data
				"retransmits":	0,
				"omitted":	false
			}
		}, {
			"streams":	[{
<<<<<<< HEAD
					"socket":	333,
					"start":	6.000654,
					"end":	7.001342,
					"seconds":	1.000688,
					"bytes":	6483912,
					"bits_per_second":	51835629.146640,
					"retransmits":	0,
					"snd_cwnd":	17520,
					"rtt":	10201,
					"omitted":	false
				}],
			"sum":	{
				"start":	6.000654,
				"end":	7.001342,
				"seconds":	1.000688,
				"bytes":	6483912,
				"bits_per_second":	51835629.146640,
=======
					"socket":	445,
					"start":	6.007997,
					"end":	7.000695,
					"seconds":	0.992698,
					"bytes":	16245420,
					"bits_per_second":	130919339.012474,
					"retransmits":	0,
					"snd_cwnd":	17520,
					"rtt":	361,
					"omitted":	false
				}],
			"sum":	{
				"start":	6.007997,
				"end":	7.000695,
				"seconds":	0.992698,
				"bytes":	16245420,
				"bits_per_second":	130919339.012474,
>>>>>>> 067a8e7... add compression data
				"retransmits":	0,
				"omitted":	false
			}
		}, {
			"streams":	[{
<<<<<<< HEAD
					"socket":	333,
					"start":	7.001342,
					"end":	8.067146,
					"seconds":	1.065804,
					"bytes":	6868284,
					"bits_per_second":	51553823.929433,
					"retransmits":	0,
					"snd_cwnd":	17520,
					"rtt":	909,
					"omitted":	false
				}],
			"sum":	{
				"start":	7.001342,
				"end":	8.067146,
				"seconds":	1.065804,
				"bytes":	6868284,
				"bits_per_second":	51553823.929433,
=======
					"socket":	445,