{
	"start":	{
		"connected":	[{
				"socket":	136,
				"local_host":	"10.0.2.15",
				"local_port":	54136,
				"remote_host":	"10.0.0.252",
				"remote_port":	5201
			}],
		"version":	"iperf 3.1.3",
		"system_info":	"Linux localhost 3.18.56+ #1 SMP PREEMPT Fri Oct 13 14:54:31 PDT 2017 i686",
		"timestamp":	{
			"time":	"Thu, 07 Dec 2017 07:53:54 GMT",
			"timesecs":	1512633234
		},
		"connecting_to":	{
			"host":	"10.0.0.252",
			"port":	5201
		},
		"cookie":	"localhost.1512633234.265627.6319dcd3",
		"tcp_mss_default":	1460,
		"test_start":	{
			"protocol":	"TCP",
			"num_streams":	1,
			"blksize":	131072,
			"omit":	0,
			"duration":	10,
			"bytes":	0,
			"blocks":	0,
			"reverse":	0
		}
	},
	"intervals":	[{
			"streams":	[{
					"socket":	136,
					"start":	0,
					"end":	1.001206,
					"seconds":	1.001206,
					"bytes":	1178220,
					"bits_per_second":	9414406.967306,
					"retransmits":	0,
					"snd_cwnd":	17520,
					"rtt":	392,
					"omitted":	false
				}],
			"sum":	{
				"start":	0,
				"end":	1.001206,
				"seconds":	1.001206,
				"bytes":	1178220,
				"bits_per_second":	9414406.967306,
				"retransmits":	0,
				"omitted":	false
			}
		}, {
			"streams":	[{
					"socket":	136,
					"start":	1.001206,
					"end":	2.000495,
					"seconds":	0.999289,
					"bytes":	1150480,
					"bits_per_second":	9210388.256345,
					"retransmits":	0,
					"snd_cwnd":	17520,
					"rtt":	327,
					"omitted":	false
				}],
			"sum":	{
				"start":	1.001206,
				"end":	2.000495,
				"seconds":	0.999289,
				"bytes":	1150480,
				"bits_per_second":	9210388.256345,
				"retransmits":	0,
				"omitted":	false
			}
		}, {
			"streams":	[{
					"socket":	136,
					"start":	2.000495,
					"end":	3.001080,
					"seconds":	1.000585,
					"bytes":	1194280,
					"bits_per_second":	9548653.281643,
					"retransmits":	0,
					"snd_cwnd":	17520,
					"rtt":	486,
					"omitted":	false
				}],
			"sum":	{
				"start":	2.000495,
				"end":	3.001080,
				"seconds":	1.000585,
				"bytes":	1194280,
				"bits_per_second":	9548653.281643,
				"retransmits":	0,
				"omitted":	false
			}
		}, {
			"streams":	[{
					"socket":	136,
					"start":	3.001080,
					"end":	4.001874,
					"seconds":	1.000794,
					"bytes":	1335900,
					"bits_per_second":	10678721.801091,
					"retransmits":	0,
					"snd_cwnd":	17520,
					"rtt":	418,
					"omitted":	false
				}],
			"sum":	{
				"start":	3.001080,
				"end":	4.001874,
				"seconds":	1.000794,
				"bytes":	1335900,
				"bits_per_second":	10678721.801091,
				"retransmits":	0,
				"omitted":	false
			}
		}, {
			"streams":	[{
					"socket":	136,
					"start":	4.001874,
					"end":	5.001390,
					"seconds":	0.999516,
					"bytes":	1351960,
					"bits_per_second":	10820917.212644,
					"retransmits":	0,
					"snd_cwnd":	17520,
					"rtt":	465,
					"omitted":	false
				}],
			"sum":	{
				"start":	4.001874,
				"end":	5.001390,
				"seconds":	0.999516,
				"bytes":	1351960,
				"bits_per_second":	10820917.212644,
				"retransmits":	0,
				"omitted":	false
			}
		}, {
			"streams":	[{
					"socket":	136,
					"start":	5.001390,
					"end":	6.000852,
					"seconds":	0.999462,
					"bytes":	1280420,
					"bits_per_second":	10248872.584818,
					"retransmits":	0,
					"snd_cwnd":	17520,
					"rtt":	462,
					"omitted":	false
				}],
			"sum":	{
				"start":	5.001390,
				"end":	6.000852,
				"seconds":	0.999462,
				"bytes":	1280420,
				"bits_per_second":	10248872.584818,
				"retransmits":	0,
				"omitted":	false
			}
		}, {
			"streams":	[{
					"socket":	136,
					"start":	6.000852,
					"end":	7.039964,
					"seconds":	1.039112,
					"bytes":	1730100,
					"bits_per_second":	13319836.516884,
					"retransmits":	0,
					"snd_cwnd":	17520,
					"rtt":	474,
					"omitted":	false
				}],
			"sum":	{
				"start":	6.000852,
				"end":	7.039964,
				"seconds":	1.039112,
				"bytes":	1730100,
				"bits_per_second":	13319836.516884,
				"retransmits":	0,
				"omitted":	false
			}
		}, {
			"streams":	[{
					"socket":	136,
					"start":	7.039964,
					"end":	8.000554,
					"seconds":	0.960590,
					"bytes":	1201580,
					"bits_per_second":	10007015.227961,
					"retransmits":	0,
					"snd_cwnd":	17520,
					"rtt":	604,
					"omitted":	false
				}],
			"sum":	{
				"start":	7.039964,
				"end":	8.000554,
				"seconds":	0.960590,
				"bytes":	1201580,
				"bits_per_second":	10007015.227961,
				"retransmits":	0,
				"omitted":	false
			}
		}, {
			"streams":	[{
					"socket":	136,
					"start":	8.000554,
					"end":	9.001357,
					"seconds":	1.000803,
					"bytes":	1816240,
					"bits_per_second":	14518261.926058,
					"retransmits":	0,
					"snd_cwnd":	17520,
					"rtt":	2428,
					"omitted":	false
				}],
			"sum":	{
				"start":	8.000554,
				"end":	9.001357,
				"seconds":	1.000803,
				"bytes":	1816240,
				"bits_per_second":	14518261.926058,
				"retransmits":	0,
				"omitted":	false
			}
		}, {
			"streams":	[{
					"socket":	136,
					"start":	9.001357,
					"end":	10.000658,
					"seconds":	0.999301,
					"bytes":	1927200,
					"bits_per_second":	15428385.108838,
					"retransmits":	0,
					"snd_cwnd":	17520,
					"rtt":	394,
					"omitted":	false
				}],
			"sum":	{
				"start":	9.001357,
				"end":	10.000658,
				"seconds":	0.999301,
				"bytes":	1927200,
				"bits_per_second":	15428385.108838,
				"retransmits":	0,
				"omitted":	false
			}
		}],
	"end":	{
		"streams":	[{
				"sender":	{
					"socket":	136,
					"start":	0,
					"end":	10.000658,
					"seconds":	10.000658,
					"bytes":	14166380,
					"bits_per_second":	11332358.290846,
					"retransmits":	0,
					"max_snd_cwnd":	17520,
					"max_rtt":	2428,
					"min_rtt":	327,
					"mean_rtt":	645
				},
				"receiver":	{
					"socket":	136,
					"start":	0,
					"end":	10.000658,
					"seconds":	10.000658,
					"bytes":	13760500,
					"bits_per_second":	11007675.656109
				}
			}],
		"sum_sent":	{
			"start":	0,
			"end":	10.000658,
			"seconds":	10.000658,
			"bytes":	14166380,
			"bits_per_second":	11332358.290846,
			"retransmits":	0
		},
		"sum_received":	{
			"start":	0,
			"end":	10.000658,
			"seconds":	10.000658,
			"bytes":	13760500,
			"bits_per_second":	11007675.656109
		},
		"cpu_utilization_percent":	{
			"host_total":	114.683991,
			"host_user":	85.427163,
			"host_system":	29.331639,
			"remote_total":	0.214066,
			"remote_user":	0.106351,
			"remote_system":	0.107715
		}
	}
}
