{
	"end": {
		"sum_sent": {
			"start": 0,
			"end": 10.003422333333333,
			"seconds": 10.003422333333333,
			"bytes": 12163260,
			"bits_per_second": 9727293.997808333,
			"retransmits": 0
		},
		"sum_received": {
			"start": 0,
			"end": 10.003422333333333,
			"seconds": 10.003422333333333,
			"bytes": 11820160,
			"bits_per_second": 9452907.883702332
		},
		"cpu_utilization_percent": {
			"host_total": 118.87380066666667,
			"host_user": 92.51937,
			"host_system": 26.354096333333334,
			"host_user_normalized": 77.8277159640848,
			"host_system_normalized": 22.171925416559873,
			"remote_total": 0.20738266666666663,
			"remote_user": 0.11414533333333332,
			"remote_system": 0.093237,
			"remote_user_normalized": 51.61291934158141,
			"remote_system_normalized": 48.38695453481494
		}
	}
}
