{
	"end": {
		"sum_sent": {
			"start": 0,
			"end": 10.003292,
			"seconds": 10.003292,
			"bytes": 64794533.333333336,
			"bits_per_second": 51818577.810936995,
			"retransmits": 0
		},
		"sum_received": {
			"start": 0,
			"end": 10.003292,
			"seconds": 10.003292,
			"bytes": 64463113.333333336,
			"bits_per_second": 51553529.06351801
		},
		"cpu_utilization_percent": {
			"host_total": 160.538031,
			"host_user": 104.360089,
			"host_system": 56.21689833333334,
			"host_user_normalized": 65.05152746396094,
			"host_system_normalized": 34.972606530542635,
			"remote_total": 0.5642246666666667,
			"remote_user": 0.061165666666666674,
			"remote_system": 0.5030586666666667,
			"remote_user_normalized": 10.841440669063621,
			"remote_system_normalized": 89.15852700598184
		}
	}
}
