{
	"start":	{
		"connected":	[{
				"socket":	222,
				"local_host":	"10.0.2.15",
				"local_port":	46410,
				"remote_host":	"192.168.1.4",
				"remote_port":	5201
			}],
		"version":	"iperf 3.1.3",
		"system_info":	"Linux localhost 3.18.48+ #1 SMP PREEMPT Wed Apr 19 00:58:20 UTC 2017 i686",
		"timestamp":	{
			"time":	"Fri, 08 Dec 2017 02:06:21 GMT",
			"timesecs":	1512698781
		},
		"connecting_to":	{
			"host":	"192.168.1.4",
			"port":	5201
		},
		"cookie":	"localhost.1512698781.731553.7c7b4f04",
		"tcp_mss_default":	1460,
		"test_start":	{
			"protocol":	"TCP",
			"num_streams":	1,
			"blksize":	131072,
			"omit":	0,
			"duration":	10,
			"bytes":	0,
			"blocks":	0,
			"reverse":	0
		}
	},
	"intervals":	[{
			"streams":	[{
					"socket":	222,
					"start":	0,
					"end":	1.007072,
					"seconds":	1.007072,
					"bytes":	5756600,
					"bits_per_second":	45729402.947656,
					"retransmits":	0,
					"snd_cwnd":	17520,
					"rtt":	10750,
					"omitted":	false
				}],
			"sum":	{
				"start":	0,
				"end":	1.007072,
				"seconds":	1.007072,
				"bytes":	5756600,
				"bits_per_second":	45729402.947656,
				"retransmits":	0,
				"omitted":	false
			}
		}, {
			"streams":	[{
					"socket":	222,
					"start":	1.007072,
					"end":	2.000900,
					"seconds":	0.993828,
					"bytes":	4881256,
					"bits_per_second":	39292559.388034,
					"retransmits":	0,
					"snd_cwnd":	17520,
					"rtt":	565,
					"omitted":	false
				}],
			"sum":	{
				"start":	1.007072,
				"end":	2.000900,
				"seconds":	0.993828,
				"bytes":	4881256,
				"bits_per_second":	39292559.388034,
				"retransmits":	0,
				"omitted":	false
			}
		}, {
			"streams":	[{
					"socket":	222,
					"start":	2.000900,
					"end":	3.001412,
					"seconds":	1.000512,
					"bytes":	5001960,
					"bits_per_second":	39995207.065856,
					"retransmits":	0,
					"snd_cwnd":	17520,
					"rtt":	7986,
					"omitted":	false
				}],
			"sum":	{
				"start":	2.000900,
				"end":	3.001412,
				"seconds":	1.000512,
				"bytes":	5001960,
				"bits_per_second":	39995207.065856,
				"retransmits":	0,
				"omitted":	false
			}
		}, {
			"streams":	[{
					"socket":	222,
					"start":	3.001412,
					"end":	4.001302,
					"seconds":	0.999890,
					"bytes":	6591900,
					"bits_per_second":	52740996.813853,
					"retransmits":	0,
					"snd_cwnd":	17520,
					"rtt":	623,
					"omitted":	false
				}],
			"sum":	{
				"start":	3.001412,
				"end":	4.001302,
				"seconds":	0.999890,
				"bytes":	6591900,
				"bits_per_second":	52740996.813853,
				"retransmits":	0,
				"omitted":	false
			}
		}, {
			"streams":	[{
					"socket":	222,
					"start":	4.001302,
					"end":	5.010334,
					"seconds":	1.009032,
					"bytes":	7263500,
					"bits_per_second":	57587865.761130,
					"retransmits":	0,
					"snd_cwnd":	17520,
					"rtt":	968,
					"omitted":	false
				}],
			"sum":	{
				"start":	4.001302,
				"end":	5.010334,
				"seconds":	1.009032,
				"bytes":	7263500,
				"bits_per_second":	57587865.761130,
				"retransmits":	0,
				"omitted":	false
			}
		}, {
			"streams":	[{
					"socket":	222,
					"start":	5.010334,
					"end":	6.020184,
					"seconds":	1.009850,
					"bytes":	6646840,
					"bits_per_second":	52656056.517580,
					"retransmits":	0,
					"snd_cwnd":	17520,
					"rtt":	4839,
					"omitted":	false
				}],
			"sum":	{
				"start":	5.010334,
				"end":	6.020184,
				"seconds":	1.009850,
				"bytes":	6646840,
				"bits_per_second":	52656056.517580,
				"retransmits":	0,
				"omitted":	false
			}
		}, {
			"streams":	[{
					"socket":	222,
					"start":	6.020184,
					"end":	7.045504,
					"seconds":	1.025320,
					"bytes":	6227788,
					"bits_per_second":	48591953.165586,
					"retransmits":	0,
					"snd_cwnd":	17520,
					"rtt":	824,
					"omitted":	false
				}],
			"sum":	{
				"start":	6.020184,
				"end":	7.045504,
				"seconds":	1.025320,
				"bytes":	6227788,
				"bits_per_second":	48591953.165586,
				"retransmits":	0,
				"omitted":	false
			}
		}, {
			"streams":	[{
					"socket":	222,
					"start":	7.045504,
					"end":	8.009638,
					"seconds":	0.964134,
					"bytes":	6391880,
					"bits_per_second":	53037276.117898,
					"retransmits":	0,
					"snd_cwnd":	17520,
					"rtt":	5606,
					"omitted":	false
				}],
			"sum":	{
				"start":	7.045504,
				"end":	8.009638,
				"seconds":	0.964134,
				"bytes":	6391880,
				"bits_per_second":	53037276.117898,
				"retransmits":	0,
				"omitted":	false
			}
		}, {
			"streams":	[{
					"socket":	222,
					"start":	8.009638,
					"end":	9.175532,
					"seconds":	1.165894,
					"bytes":	8677880,
					"bits_per_second":	59544896.982802,
					"retransmits":	0,
					"snd_cwnd":	17520,
					"rtt":	731,
					"omitted":	false
				}],
			"sum":	{
				"start":	8.009638,
				"end":	9.175532,
				"seconds":	1.165894,
				"bytes":	8677880,
				"bits_per_second":	59544896.982802,
				"retransmits":	0,
				"omitted":	false
			}
		}, {
			"streams":	[{
					"socket":	222,
					"start":	9.175532,
					"end":	10.013725,
					"seconds":	0.838193,
					"bytes":	5937100,
					"bits_per_second":	56665712.328353,
					"retransmits":	0,
					"snd_cwnd":	17520,
					"rtt":	4246,
					"omitted":	false
				}],
			"sum":	{
				"start":	9.175532,
				"end":	10.013725,
				"seconds":	0.838193,
				"bytes":	5937100,
				"bits_per_second":	56665712.328353,
				"retransmits":	0,
				"omitted":	false
			}
		}],
	"end":	{
		"streams":	[{
				"sender":	{
					"socket":	222,
					"start":	0,
					"end":	10.013725,
					"seconds":	10.013725,
					"bytes":	63376704,
					"bits_per_second":	50631870.743014,
					"retransmits":	0,
					"max_snd_cwnd":	17520,
					"max_rtt":	10750,
					"min_rtt":	565,
					"mean_rtt":	3713
				},
				"receiver":	{
					"socket":	222,
					"start":	0,
					"end":	10.013725,
					"seconds":	10.013725,
					"bytes":	63045284,
					"bits_per_second":	50367098.144527
				}
			}],
		"sum_sent":	{
			"start":	0,
			"end":	10.013725,
			"seconds":	10.013725,
			"bytes":	63376704,
			"bits_per_second":	50631870.743014,
			"retransmits":	0
		},
		"sum_received":	{
			"start":	0,
			"end":	10.013725,
			"seconds":	10.013725,
			"bytes":	63045284,
			"bits_per_second":	50367098.144527
		},
		"cpu_utilization_percent":	{
			"host_total":	164.053257,
			"host_user":	103.364000,
			"host_system":	60.644197,
			"remote_total":	0.670091,
			"remote_user":	0.072683,
			"remote_system":	0.597409
		}
	}
}
