{
	"start":	{
		"connected":	[{
				"socket":	665,
				"local_host":	"10.0.2.15",
				"local_port":	58976,
				"remote_host":	"192.168.1.4",
				"remote_port":	5201
			}],
		"version":	"iperf 3.1.3",
		"system_info":	"Linux localhost 3.18.48+ #1 SMP PREEMPT Wed Apr 19 00:58:20 UTC 2017 i686",
		"timestamp":	{
			"time":	"Thu, 07 Dec 2017 04:06:25 GMT",
			"timesecs":	1512619585
		},
		"connecting_to":	{
			"host":	"192.168.1.4",
			"port":	5201
		},
		"cookie":	"localhost.1512619585.697532.616c4841",
		"tcp_mss_default":	1460,
		"test_start":	{
			"protocol":	"TCP",
			"num_streams":	1,
			"blksize":	131072,
			"omit":	0,
			"duration":	10,
			"bytes":	0,
			"blocks":	0,
			"reverse":	0
		}
	},
	"intervals":	[{
			"streams":	[{
					"socket":	665,
					"start":	0,
					"end":	1.017625,
					"seconds":	1.017625,
					"bytes":	18445312,
					"bits_per_second":	145006738.678450,
					"retransmits":	0,
					"snd_cwnd":	17520,
					"rtt":	10625,
					"omitted":	false
				}],
			"sum":	{
				"start":	0,
				"end":	1.017625,
				"seconds":	1.017625,
				"bytes":	18445312,
				"bits_per_second":	145006738.678450,
				"retransmits":	0,
				"omitted":	false
			}
		}, {
			"streams":	[{
					"socket":	665,
					"start":	1.017625,
					"end":	2.000490,
					"seconds":	0.982865,
					"bytes":	19666200,
					"bits_per_second":	160072464.616389,
					"retransmits":	0,
					"snd_cwnd":	17520,
					"rtt":	135,
					"omitted":	false
				}],
			"sum":	{
				"start":	1.017625,
				"end":	2.000490,
				"seconds":	0.982865,
				"bytes":	19666200,
				"bits_per_second":	160072464.616389,
				"retransmits":	0,
				"omitted":	false
			}
		}, {
			"streams":	[{
					"socket":	665,
					"start":	2.000490,
					"end":	3.000272,
					"seconds":	0.999782,
					"bytes":	27655320,
					"bits_per_second":	221290782.488211,
					"retransmits":	0,
					"snd_cwnd":	17520,
					"rtt":	187,
					"omitted":	false
				}],
			"sum":	{
				"start":	2.000490,
				"end":	3.000272,
				"seconds":	0.999782,
				"bytes":	27655320,
				"bits_per_second":	221290782.488211,
				"retransmits":	0,
				"omitted":	false
			}
		}, {
			"streams":	[{
					"socket":	665,
					"start":	3.000272,
					"end":	4.016229,
					"seconds":	1.015957,
					"bytes":	19067600,
					"bits_per_second":	150144955.168646,
					"retransmits":	0,
					"snd_cwnd":	17520,
					"rtt":	522,
					"omitted":	false
				}],
			"sum":	{
				"start":	3.000272,
				"end":	4.016229,
				"seconds":	1.015957,
				"bytes":	19067600,
				"bits_per_second":	150144955.168646,
				"retransmits":	0,
				"omitted":	false
			}
		}, {
			"streams":	[{
					"socket":	665,
					"start":	4.016229,
					"end":	5.000394,
					"seconds":	0.984165,
					"bytes":	27116252,
					"bits_per_second":	220420329.676790,
					"retransmits":	0,
					"snd_cwnd":	17520,
					"rtt":	277,
					"omitted":	false
				}],
			"sum":	{
				"start":	4.016229,
				"end":	5.000394,
				"seconds":	0.984165,
				"bytes":	27116252,
				"bits_per_second":	220420329.676790,
				"retransmits":	0,
				"omitted":	false
			}
		}, {
			"streams":	[{
					"socket":	665,
					"start":	5.000394,
					"end":	6.014180,
					"seconds":	1.013786,
					"bytes":	30897980,
					"bits_per_second":	243822541.676178,
					"retransmits":	0,
					"snd_cwnd":	17520,
					"rtt":	10167,
					"omitted":	false
				}],
			"sum":	{
				"start":	5.000394,
				"end":	6.014180,
				"seconds":	1.013786,
				"bytes":	30897980,
				"bits_per_second":	243822541.676178,
				"retransmits":	0,
				"omitted":	false
			}
		}, {
			"streams":	[{
					"socket":	665,
					"start":	6.014180,
					"end":	7.002183,
					"seconds":	0.988003,
					"bytes":	18755160,
					"bits_per_second":	151863180.216415,
					"retransmits":	0,
					"snd_cwnd":	17520,
					"rtt":	591,
					"omitted":	false
				}],
			"sum":	{
				"start":	6.014180,
				"end":	7.002183,
				"seconds":	0.988003,
				"bytes":	18755160,
				"bits_per_second":	151863180.216415,
				"retransmits":	0,
				"omitted":	false
			}
		}, {
			"streams":	[{
					"socket":	665,
					"start":	7.002183,
					"end":	8.003353,
					"seconds":	1.001170,
					"bytes":	26615800,
					"bits_per_second":	212677584.247517,
					"retransmits":	0,
					"snd_cwnd":	17520,
					"rtt":	9094,
					"omitted":	false
				}],
			"sum":	{
				"start":	7.002183,
				"end":	8.003353,
				"seconds":	1.001170,
				"bytes":	26615800,
				"bits_per_second":	212677584.247517,
				"retransmits":	0,
				"omitted":	false
			}
		}, {
			"streams":	[{
					"socket":	665,
					"start":	8.003353,
					"end":	9.014471,
					"seconds":	1.011118,
					"bytes":	31944800,
					"bits_per_second":	252748300.517928,
					"retransmits":	0,
					"snd_cwnd":	17520,
					"rtt":	279,
					"omitted":	false
				}],
			"sum":	{
				"start":	8.003353,
				"end":	9.014471,
				"seconds":	1.011118,
				"bytes":	31944800,
				"bits_per_second":	252748300.517928,
				"retransmits":	0,
				"omitted":	false
			}
		}, {
			"streams":	[{
					"socket":	665,
					"start":	9.014471,
					"end":	10.000981,
					"seconds":	0.986510,
					"bytes":	32320824,
					"bits_per_second":	262102342.542497,
					"retransmits":	0,
					"snd_cwnd":	17520,
					"rtt":	266,
					"omitted":	false
				}],
			"sum":	{
				"start":	9.014471,
				"end":	10.000981,
				"seconds":	0.986510,
				"bytes":	32320824,
				"bits_per_second":	262102342.542497,
				"retransmits":	0,
				"omitted":	false
			}
		}],
	"end":	{
		"streams":	[{
				"sender":	{
					"socket":	665,
					"start":	0,
					"end":	10.000981,
					"seconds":	10.000981,
					"bytes":	252485248,
					"bits_per_second":	201968383.434327,
					"retransmits":	0,
					"max_snd_cwnd":	17520,
					"max_rtt":	10625,
					"min_rtt":	135,
					"mean_rtt":	3214
				},
				"receiver":	{
					"socket":	665,
					"start":	0,
					"end":	10.000981,
					"seconds":	10.000981,
					"bytes":	252172808,
					"bits_per_second":	201718455.954523
				}
			}],
		"sum_sent":	{
			"start":	0,
			"end":	10.000981,
			"seconds":	10.000981,
			"bytes":	252485248,
			"bits_per_second":	201968383.434327,
			"retransmits":	0
		},
		"sum_received":	{
			"start":	0,
			"end":	10.000981,
			"seconds":	10.000981,
			"bytes":	252172808,
			"bits_per_second":	201718455.954523
		},
		"cpu_utilization_percent":	{
			"host_total":	174.687316,
			"host_user":	82.350905,
			"host_system":	92.420447,
			"remote_total":	0.487586,
			"remote_user":	0.049679,
			"remote_system":	0.437908
		}
	}
}
