{
	"end": {
		"sum_sent": {
			"start": 0,
			"end": 10.075598999999999,
			"seconds": 10.075598999999999,
			"bytes": 55754152,
			"bits_per_second": 44295760.55740834,
			"retransmits": 0
		},
		"sum_received": {
			"start": 0,
			"end": 10.075598999999999,
			"seconds": 10.075598999999999,
			"bytes": 55424192,
			"bits_per_second": 44033776.614847004
		},
		"cpu_utilization_percent": {
			"host_total": 172.93177966666667,
			"host_user": 105.730757,
			"host_system": 67.20138533333333,
			"host_user_normalized": 61.57362047521493,
			"host_system_normalized": 38.42725090490244,
			"remote_total": 0.8102713333333332,
			"remote_user": 0.09072200000000001,
			"remote_system": 0.7195496666666666,
			"remote_user_normalized": 11.213853901903382,
			"remote_system_normalized": 88.78618228675096
		}
	}
}
