{
	"end": {
		"sum_sent": {
			"start": 0,
			"end": 10.000807333333334,
			"seconds": 10.000807333333334,
			"bytes": 13202780,
			"bits_per_second": 10561378.937003331,
			"retransmits": 0
		},
		"sum_received": {
			"start": 0,
			"end": 10.000807333333334,
			"seconds": 10.000807333333334,
			"bytes": 12838753.333333334,
			"bits_per_second": 10270180.861778334
		},
		"cpu_utilization_percent": {
			"host_total": 117.715773,
			"host_user": 89.415528,
			"host_system": 28.356572333333332,
			"host_user_normalized": 75.926149063816,
			"host_system_normalized": 24.1220695996254,
			"remote_total": 0.16412666666666667,
			"remote_user": 0.07322866666666666,
			"remote_system": 0.09089799999999999,
			"remote_user_normalized": 45.85713446291936,
			"remote_system_normalized": 54.142865537080645
		}
	}
}
