{
	"end": {
		"sum_sent": {
			"start": 0,
			"end": 10.071094333333335,
			"seconds": 10.071094333333335,
			"bytes": 127479005.33333333,
			"bits_per_second": 101252242.53886266,
			"retransmits": 0
		},
		"sum_received": {
			"start": 0,
			"end": 10.071094333333335,
			"seconds": 10.071094333333335,
			"bytes": 127479005.33333333,
			"bits_per_second": 101252242.53886266
		},
		"cpu_utilization_percent": {
			"host_total": 130.60146733333332,
			"host_user": 51.608834,
			"host_system": 79.01301166666667,
			"host_user_normalized": 39.514458325848324,
			"host_system_normalized": 60.5016385042779,
			"remote_total": 3.516406,
			"remote_user": 1.3957816666666665,
			"remote_system": 2.120624,
			"remote_user_normalized": 38.51871411454905,
			"remote_system_normalized": 61.48127403176151
		}
	}
}
