{
	"end": {
		"sum_sent": {
			"start": 0,
			"end": 10.001767000000001,
			"seconds": 10.001767000000001,
			"bytes": 12621700,
			"bits_per_second": 10095577.681951666,
			"retransmits": 0
		},
		"sum_received": {
			"start": 0,
			"end": 10.001767000000001,
			"seconds": 10.001767000000001,
			"bytes": 12273733.333333334,
			"bits_per_second": 9817253.571322
		},
		"cpu_utilization_percent": {
			"host_total": 116.61440600000002,
			"host_user": 85.63439866666666,
			"host_system": 30.960064,
			"host_user_normalized": 73.41900811867822,
			"host_system_normalized": 26.563822958746126,
			"remote_total": 0.16230533333333333,
			"remote_user": 0.049343,
			"remote_system": 0.112962,
			"remote_user_normalized": 27.09966333780787,
			"remote_system_normalized": 72.90015856811928
		}
	}
}
