{
	"start":	{
		"connected":	[{
				"socket":	441,
				"local_host":	"10.0.2.15",
				"local_port":	46446,
				"remote_host":	"192.168.1.4",
				"remote_port":	5201
			}],
		"version":	"iperf 3.1.3",
		"system_info":	"Linux localhost 3.18.48+ #1 SMP PREEMPT Wed Apr 19 00:58:20 UTC 2017 i686",
		"timestamp":	{
			"time":	"Fri, 08 Dec 2017 02:20:03 GMT",
			"timesecs":	1512699603
		},
		"connecting_to":	{
			"host":	"192.168.1.4",
			"port":	5201
		},
		"cookie":	"localhost.1512699603.640404.4b180bb4",
		"tcp_mss_default":	1460,
		"test_start":	{
			"protocol":	"TCP",
			"num_streams":	1,
			"blksize":	131072,
			"omit":	0,
			"duration":	10,
			"bytes":	0,
			"blocks":	0,
			"reverse":	0
		}
	},
	"intervals":	[{
			"streams":	[{
					"socket":	441,
					"start":	0,
					"end":	1.013364,
					"seconds":	1.013364,
					"bytes":	6048780,
					"bits_per_second":	47752077.576768,
					"retransmits":	0,
					"snd_cwnd":	17520,
					"rtt":	7988,
					"omitted":	false
				}],
			"sum":	{
				"start":	0,
				"end":	1.013364,
				"seconds":	1.013364,
				"bytes":	6048780,
				"bits_per_second":	47752077.576768,
				"retransmits":	0,
				"omitted":	false
			}
		}, {
			"streams":	[{
					"socket":	441,
					"start":	1.013364,
					"end":	2.002608,
					"seconds":	0.989244,
					"bytes":	5701300,
					"bits_per_second":	46106320.308687,
					"retransmits":	0,
					"snd_cwnd":	17520,
					"rtt":	1544,
					"omitted":	false
				}],
			"sum":	{
				"start":	1.013364,
				"end":	2.002608,
				"seconds":	0.989244,
				"bytes":	5701300,
				"bits_per_second":	46106320.308687,
				"retransmits":	0,
				"omitted":	false
			}
		}, {
			"streams":	[{
					"socket":	441,
					"start":	2.002608,
					"end":	3.017833,
					"seconds":	1.015225,
					"bytes":	6096960,
					"bits_per_second":	48044210.090344,
					"retransmits":	0,
					"snd_cwnd":	17520,
					"rtt":	691,
					"omitted":	false
				}],
			"sum":	{
				"start":	2.002608,
				"end":	3.017833,
				"seconds":	1.015225,
				"bytes":	6096960,
				"bits_per_second":	48044210.090344,
				"retransmits":	0,
				"omitted":	false
			}
		}, {
			"streams":	[{
					"socket":	441,
					"start":	3.017833,
					"end":	4.000610,
					"seconds":	0.982777,
					"bytes":	6022500,
					"bits_per_second":	49024340.396296,
					"retransmits":	0,
					"snd_cwnd":	17520,
					"rtt":	675,
					"omitted":	false
				}],
			"sum":	{
				"start":	3.017833,
				"end":	4.000610,
				"seconds":	0.982777,
				"bytes":	6022500,
				"bits_per_second":	49024340.396296,
				"retransmits":	0,
				"omitted":	false
			}
		}, {
			"streams":	[{
					"socket":	441,
					"start":	4.000610,
					"end":	5.011930,
					"seconds":	1.011320,
					"bytes":	6440060,
					"bits_per_second":	50943802.487284,
					"retransmits":	0,
					"snd_cwnd":	17520,
					"rtt":	2866,
					"omitted":	false
				}],
			"sum":	{
				"start":	4.000610,
				"end":	5.011930,
				"seconds":	1.011320,
				"bytes":	6440060,
				"bits_per_second":	50943802.487284,
				"retransmits":	0,
				"omitted":	false
			}
		}, {
			"streams":	[{
					"socket":	441,
					"start":	5.011930,
					"end":	6.178297,
					"seconds":	1.166367,
					"bytes":	7348624,
					"bits_per_second":	50403508.740333,
					"retransmits":	0,
					"snd_cwnd":	17520,
					"rtt":	452,
					"omitted":	false
				}],
			"sum":	{
				"start":	5.011930,
				"end":	6.178297,
				"seconds":	1.166367,
				"bytes":	7348624,
				"bits_per_second":	50403508.740333,
				"retransmits":	0,
				"omitted":	false
			}
		}, {
			"streams":	[{
					"socket":	441,
					"start":	6.178297,
					"end":	7.109573,
					"seconds":	0.931276,
					"bytes":	6148080,
					"bits_per_second":	52814241.553322,
					"retransmits":	0,
					"snd_cwnd":	17520,
					"rtt":	569,
					"omitted":	false
				}],
			"sum":	{
				"start":	6.178297,
				"end":	7.109573,
				"seconds":	0.931276,
				"bytes":	6148080,
				"bits_per_second":	52814241.553322,
				"retransmits":	0,
				"omitted":	false
			}
		}, {
			"streams":	[{
					"socket":	441,
					"start":	7.109573,
					"end":	8.001038,
					"seconds":	0.891465,
					"bytes":	6094272,
					"bits_per_second":	54689952.839540,
					"retransmits":	0,
					"snd_cwnd":	17520,
					"rtt":	591,
					"omitted":	false
				}],
			"sum":	{
				"start":	7.109573,
				"end":	8.001038,
				"seconds":	0.891465,
				"bytes":	6094272,
				"bits_per_second":	54689952.839540,
				"retransmits":	0,
				"omitted":	false
			}
		}, {
			"streams":	[{
					"socket":	441,
					"start":	8.001038,
					"end":	9.004836,
					"seconds":	1.003798,
					"bytes":	6267864,
					"bits_per_second":	49953189.388820,
					"retransmits":	0,
					"snd_cwnd":	17520,
					"rtt":	442,
					"omitted":	false
				}],
			"sum":	{
				"start":	8.001038,
				"end":	9.004836,
				"seconds":	1.003798,
				"bytes":	6267864,
				"bits_per_second":	49953189.388820,
				"retransmits":	0,
				"omitted":	false
			}
		}, {
			"streams":	[{
					"socket":	441,
					"start":	9.004836,
					"end":	10.055183,
					"seconds":	1.050347,
					"bytes":	7038976,
					"bits_per_second":	53612583.241130,
					"retransmits":	0,
					"snd_cwnd":	17520,
					"rtt":	4850,
					"omitted":	false
				}],
			"sum":	{
				"start":	9.004836,
				"end":	10.055183,
				"seconds":	1.050347,
				"bytes":	7038976,
				"bits_per_second":	53612583.241130,
				"retransmits":	0,
				"omitted":	false
			}
		}],
	"end":	{
		"streams":	[{
				"sender":	{
					"socket":	441,
					"start":	0,
					"end":	10.055183,
					"seconds":	10.055183,
					"bytes":	63207416,
					"bits_per_second":	50288426.508868,
					"retransmits":	0,
					"max_snd_cwnd":	17520,
					"max_rtt":	7988,
					"min_rtt":	442,
					"mean_rtt":	2066
				},
				"receiver":	{
					"socket":	441,
					"start":	0,
					"end":	10.055183,
					"seconds":	10.055183,
					"bytes":	63207416,
					"bits_per_second":	50288426.508868
				}
			}],
		"sum_sent":	{
			"start":	0,
			"end":	10.055183,
			"seconds":	10.055183,
			"bytes":	63207416,
			"bits_per_second":	50288426.508868,
			"retransmits":	0
		},
		"sum_received":	{
			"start":	0,
			"end":	10.055183,
			"seconds":	10.055183,
			"bytes":	63207416,
			"bits_per_second":	50288426.508868
		},
		"cpu_utilization_percent":	{
			"host_total":	156.904031,
			"host_user":	96.991774,
			"host_system":	59.924221,
			"remote_total":	0.446676,
			"remote_user":	0.047506,
			"remote_system":	0.399171
		}
	}
}
