{
	"end": {
		"sum_sent": {
			"start": 0,
			"end": 10.004599333333333,
			"seconds": 10.004599333333333,
			"bytes": 118594826.66666667,
			"bits_per_second": 94832270.11982632,
			"retransmits": 0
		},
		"sum_received": {
			"start": 0,
			"end": 10.004599333333333,
			"seconds": 10.004599333333333,
			"bytes": 118257080,
			"bits_per_second": 94562196.33106233
		},
		"cpu_utilization_percent": {
			"host_total": 138.37948933333334,
			"host_user": 103.46961399999999,
			"host_system": 34.88361,
			"host_user_normalized": 74.81030602342365,
			"host_system_normalized": 25.170665575539388,
			"remote_total": 0.399067,
			"remote_user": 0.03790166666666667,
			"remote_system": 0.36116466666666663,
			"remote_user_normalized": 9.526016374917862,
			"remote_system_normalized": 90.4738636094081
		}
	}
}
