{
	"start":	{
		"connected":	[{
				"socket":	92,
				"local_host":	"10.0.2.15",
				"local_port":	54003,
				"remote_host":	"10.0.0.252",
				"remote_port":	5201
			}],
		"version":	"iperf 3.1.3",
		"system_info":	"Linux localhost 3.18.56+ #1 SMP PREEMPT Fri Oct 13 14:54:31 PDT 2017 i686",
		"timestamp":	{
			"time":	"Thu, 07 Dec 2017 06:53:59 GMT",
			"timesecs":	1512629639
		},
		"connecting_to":	{
			"host":	"10.0.0.252",
			"port":	5201
		},
		"cookie":	"localhost.1512629639.839082.12ced6e7",
		"tcp_mss_default":	1460,
		"test_start":	{
			"protocol":	"TCP",
			"num_streams":	1,
			"blksize":	131072,
			"omit":	0,
			"duration":	10,
			"bytes":	0,
			"blocks":	0,
			"reverse":	0
		}
	},
	"intervals":	[{
			"streams":	[{
					"socket":	92,
					"start":	0,
					"end":	1.001579,
					"seconds":	1.001579,
					"bytes":	1557820,
					"bits_per_second":	12442912.066370,
					"retransmits":	0,
					"snd_cwnd":	17520,
					"rtt":	488,
					"omitted":	false
				}],
			"sum":	{
				"start":	0,
				"end":	1.001579,
				"seconds":	1.001579,
				"bytes":	1557820,
				"bits_per_second":	12442912.066370,
				"retransmits":	0,
				"omitted":	false
			}
		}, {
			"streams":	[{
					"socket":	92,
					"start":	1.001579,
					"end":	2.001067,
					"seconds":	0.999488,
					"bytes":	1153400,
					"bits_per_second":	9231927.883600,
					"retransmits":	0,
					"snd_cwnd":	17520,
					"rtt":	440,
					"omitted":	false
				}],
			"sum":	{
				"start":	1.001579,
				"end":	2.001067,
				"seconds":	0.999488,
				"bytes":	1153400,
				"bits_per_second":	9231927.883600,
				"retransmits":	0,
				"omitted":	false
			}
		}, {
			"streams":	[{
					"socket":	92,
					"start":	2.001067,
					"end":	3.002220,
					"seconds":	1.001153,
					"bytes":	1116900,
					"bits_per_second":	8924909.648357,
					"retransmits":	0,
					"snd_cwnd":	17520,
					"rtt":	586,
					"omitted":	false
				}],
			"sum":	{
				"start":	2.001067,
				"end":	3.002220,
				"seconds":	1.001153,
				"bytes":	1116900,
				"bits_per_second":	8924909.648357,
				"retransmits":	0,
				"omitted":	false
			}
		}, {
			"streams":	[{
					"socket":	92,
					"start":	3.002220,
					"end":	4.002401,
					"seconds":	1.000181,
					"bytes":	1325680,
					"bits_per_second":	10603521.189970,
					"retransmits":	0,
					"snd_cwnd":	17520,
					"rtt":	491,
					"omitted":	false
				}],
			"sum":	{
				"start":	3.002220,
				"end":	4.002401,
				"seconds":	1.000181,
				"bytes":	1325680,
				"bits_per_second":	10603521.189970,
				"retransmits":	0,
				"omitted":	false
			}
		}, {
			"streams":	[{
					"socket":	92,
					"start":	4.002401,
					"end":	5.001224,
					"seconds":	0.998823,
					"bytes":	1178220,
					"bits_per_second":	9436865.625326,
					"retransmits":	0,
					"snd_cwnd":	17520,
					"rtt":	416,
					"omitted":	false
				}],
			"sum":	{
				"start":	4.002401,
				"end":	5.001224,
				"seconds":	0.998823,
				"bytes":	1178220,
				"bits_per_second":	9436865.625326,
				"retransmits":	0,
				"omitted":	false
			}
		}, {
			"streams":	[{
					"socket":	92,
					"start":	5.001224,
					"end":	6.002536,
					"seconds":	1.001312,
					"bytes":	1270200,
					"bits_per_second":	10148285.272728,
					"retransmits":	0,
					"snd_cwnd":	17520,
					"rtt":	353,
					"omitted":	false
				}],
			"sum":	{
				"start":	5.001224,
				"end":	6.002536,
				"seconds":	1.001312,
				"bytes":	1270200,
				"bits_per_second":	10148285.272728,
				"retransmits":	0,
				"omitted":	false
			}
		}, {
			"streams":	[{
					"socket":	92,
					"start":	6.002536,
					"end":	7.003501,
					"seconds":	1.000965,
					"bytes":	1181140,
					"bits_per_second":	9440011.521781,
					"retransmits":	0,
					"snd_cwnd":	17520,
					"rtt":	484,
					"omitted":	false
				}],
			"sum":	{
				"start":	6.002536,
				"end":	7.003501,
				"seconds":	1.000965,
				"bytes":	1181140,
				"bits_per_second":	9440011.521781,
				"retransmits":	0,
				"omitted":	false
			}
		}, {
			"streams":	[{
					"socket":	92,
					"start":	7.003501,
					"end":	8.001909,
					"seconds":	0.998408,
					"bytes":	1350500,
					"bits_per_second":	10821226.536174,
					"retransmits":	0,
					"snd_cwnd":	17520,
					"rtt":	1298,
					"omitted":	false
				}],
			"sum":	{
				"start":	7.003501,
				"end":	8.001909,
				"seconds":	0.998408,
				"bytes":	1350500,
				"bits_per_second":	10821226.536174,
				"retransmits":	0,
				"omitted":	false
			}
		}, {
			"streams":	[{
					"socket":	92,
					"start":	8.001909,
					"end":	9.001991,
					"seconds":	1.000082,
					"bytes":	1103760,
					"bits_per_second":	8829355.851628,
					"retransmits":	0,
					"snd_cwnd":	17520,
					"rtt":	636,
					"omitted":	false
				}],
			"sum":	{
				"start":	8.001909,
				"end":	9.001991,
				"seconds":	1.000082,
				"bytes":	1103760,
				"bits_per_second":	8829355.851628,
				"retransmits":	0,
				"omitted":	false
			}
		}, {
			"streams":	[{
					"socket":	92,
					"start":	9.001991,
					"end":	10.002152,
					"seconds":	1.000161,
					"bytes":	1365100,
					"bits_per_second":	10919042.770703,
					"retransmits":	0,
					"snd_cwnd":	17520,
					"rtt":	648,
					"omitted":	false
				}],
			"sum":	{
				"start":	9.001991,
				"end":	10.002152,
				"seconds":	1.000161,
				"bytes":	1365100,
				"bits_per_second":	10919042.770703,
				"retransmits":	0,
				"omitted":	false
			}
		}],
	"end":	{
		"streams":	[{
				"sender":	{
					"socket":	92,
					"start":	0,
					"end":	10.002152,
					"seconds":	10.002152,
					"bytes":	12602720,
					"bits_per_second":	10080006.816709,
					"retransmits":	0,
					"max_snd_cwnd":	17520,
					"max_rtt":	1298,
					"min_rtt":	353,
					"mean_rtt":	584
				},
				"receiver":	{
					"socket":	92,
					"start":	0,
					"end":	10.002152,
					"seconds":	10.002152,
					"bytes":	12259620,
					"bits_per_second":	9805585.871166
				}
			}],
		"sum_sent":	{
			"start":	0,
			"end":	10.002152,
			"seconds":	10.002152,
			"bytes":	12602720,
			"bits_per_second":	10080006.816709,
			"retransmits":	0
		},
		"sum_received":	{
			"start":	0,
			"end":	10.002152,
			"seconds":	10.002152,
			"bytes":	12259620,
			"bits_per_second":	9805585.871166
		},
		"cpu_utilization_percent":	{
			"host_total":	118.909690,
			"host_user":	89.147049,
			"host_system":	29.748627,
			"remote_total":	0.282213,
			"remote_user":	0.052201,
			"remote_system":	0.230012
		}
	}
}
