{
	"end": {
		"sum_sent": {
			"start": 0,
			"end": 10.007602333333333,
			"seconds": 10.007602333333333,
			"bytes": 266599156,
			"bits_per_second": 213109042.9159533,
			"retransmits": 0
		},
		"sum_received": {
			"start": 0,
			"end": 10.007602333333333,
			"seconds": 10.007602333333333,
			"bytes": 266270656,
			"bits_per_second": 212846443.36914834
		},
		"cpu_utilization_percent": {
			"host_total": 166.656086,
			"host_user": 96.86340533333333,
			"host_system": 69.76679899999999,
			"host_user_normalized": 58.55574820503204,
			"host_system_normalized": 41.42784641045614,
			"remote_total": 1.1259976666666667,
			"remote_user": 0.11430033333333334,
			"remote_system": 1.0116966666666667,
			"remote_user_normalized": 10.083988596831395,
			"remote_system_normalized": 89.91595544353777
		}
	}
}
