{
	"end": {
		"sum_sent": {
			"start": 0,
			"end": 10.028790666666668,
			"seconds": 10.028790666666668,
			"bytes": 124581937.33333333,
			"bits_per_second": 99379524.079159,
			"retransmits": 0
		},
		"sum_received": {
			"start": 0,
			"end": 10.028790666666668,
			"seconds": 10.028790666666668,
			"bytes": 124470490.66666667,
			"bits_per_second": 99290635.14593966
		},
		"cpu_utilization_percent": {
			"host_total": 139.39885133333334,
			"host_user": 56.930702999999994,
			"host_system": 82.47673333333334,
			"host_user_normalized": 40.836810787343325,
			"host_system_normalized": 59.16937322055029,
			"remote_total": 3.4180830000000006,
			"remote_user": 1.3439203333333332,
			"remote_system": 2.0741623333333337,
			"remote_user_normalized": 39.17569609994222,
			"remote_system_normalized": 60.824289669505184
		}
	}
}
