{
	"start":	{
		"connected":	[{
				"socket":	878,
				"local_host":	"10.0.2.15",
				"local_port":	59008,
				"remote_host":	"192.168.1.4",
				"remote_port":	5201
			}],
		"version":	"iperf 3.1.3",
		"system_info":	"Linux localhost 3.18.48+ #1 SMP PREEMPT Wed Apr 19 00:58:20 UTC 2017 i686",
		"timestamp":	{
			"time":	"Thu, 07 Dec 2017 04:44:33 GMT",
			"timesecs":	1512621873
		},
		"connecting_to":	{
			"host":	"192.168.1.4",
			"port":	5201
		},
		"cookie":	"localhost.1512621873.125554.464b881d",
		"tcp_mss_default":	1460,
		"test_start":	{
			"protocol":	"TCP",
			"num_streams":	1,
			"blksize":	131072,
			"omit":	0,
			"duration":	10,
			"bytes":	0,
			"blocks":	0,
			"reverse":	0
		}
	},
	"intervals":	[{
			"streams":	[{
					"socket":	878,
					"start":	0,
					"end":	1.008510,
					"seconds":	1.008510,
					"bytes":	28541540,
					"bits_per_second":	226405636.482787,
					"retransmits":	0,
					"snd_cwnd":	17520,
					"rtt":	8565,
					"omitted":	false
				}],
			"sum":	{
				"start":	0,
				"end":	1.008510,
				"seconds":	1.008510,
				"bytes":	28541540,
				"bits_per_second":	226405636.482787,
				"retransmits":	0,
				"omitted":	false
			}
		}, {
			"streams":	[{
					"socket":	878,
					"start":	1.008510,
					"end":	2.000638,
					"seconds":	0.992128,
					"bytes":	32928512,
					"bits_per_second":	265518219.907731,
					"retransmits":	0,
					"snd_cwnd":	17520,
					"rtt":	105,
					"omitted":	false
				}],
			"sum":	{
				"start":	1.008510,
				"end":	2.000638,
				"seconds":	0.992128,
				"bytes":	32928512,
				"bits_per_second":	265518219.907731,
				"retransmits":	0,
				"omitted":	false
			}
		}, {
			"streams":	[{
					"socket":	878,
					"start":	2.000638,
					"end":	3.006420,
					"seconds":	1.005782,
					"bytes":	32089340,
					"bits_per_second":	255238956.693674,
					"retransmits":	0,
					"snd_cwnd":	17520,
					"rtt":	138,
					"omitted":	false
				}],
			"sum":	{
				"start":	2.000638,
				"end":	3.006420,
				"seconds":	1.005782,
				"bytes":	32089340,
				"bits_per_second":	255238956.693674,
				"retransmits":	0,
				"omitted":	false
			}
		}, {
			"streams":	[{
					"socket":	878,
					"start":	3.006420,
					"end":	4.019375,
					"seconds":	1.012955,
					"bytes":	29348920,
					"bits_per_second":	231788550.836242,
					"retransmits":	0,
					"snd_cwnd":	17520,
					"rtt":	5367,
					"omitted":	false
				}],
			"sum":	{
				"start":	3.006420,
				"end":	4.019375,
				"seconds":	1.012955,
				"bytes":	29348920,
				"bits_per_second":	231788550.836242,
				"retransmits":	0,
				"omitted":	false
			}
		}, {
			"streams":	[{
					"socket":	878,
					"start":	4.019375,
					"end":	5.001843,
					"seconds":	0.982468,
					"bytes":	30150460,
					"bits_per_second":	245507892.903200,
					"retransmits":	0,
					"snd_cwnd":	17520,
					"rtt":	187,
					"omitted":	false
				}],
			"sum":	{
				"start":	4.019375,
				"end":	5.001843,
				"seconds":	0.982468,
				"bytes":	30150460,
				"bits_per_second":	245507892.903200,
				"retransmits":	0,
				"omitted":	false
			}
		}, {
			"streams":	[{
					"socket":	878,
					"start":	5.001843,
					"end":	6.000322,
					"seconds":	0.998479,
					"bytes":	33892112,
					"bits_per_second":	271549953.494950,
					"retransmits":	0,
					"snd_cwnd":	17520,
					"rtt":	166,
					"omitted":	false
				}],
			"sum":	{
				"start":	5.001843,
				"end":	6.000322,
				"seconds":	0.998479,
				"bytes":	33892112,
				"bits_per_second":	271549953.494950,
				"retransmits":	0,
				"omitted":	false
			}
		}, {
			"streams":	[{
					"socket":	878,
					"start":	6.000322,
					"end":	7.014273,
					"seconds":	1.013951,
					"bytes":	34202764,
					"bits_per_second":	269857315.547652,
					"retransmits":	0,
					"snd_cwnd":	17520,
					"rtt":	531,
					"omitted":	false
				}],
			"sum":	{
				"start":	6.000322,
				"end":	7.014273,
				"seconds":	1.013951,
				"bytes":	34202764,
				"bits_per_second":	269857315.547652,
				"retransmits":	0,
				"omitted":	false
			}
		}, {
			"streams":	[{
					"socket":	878,
					"start":	7.014273,
					"end":	8.019058,
					"seconds":	1.004785,
					"bytes":	31711200,
					"bits_per_second":	252481460.838170,
					"retransmits":	0,
					"snd_cwnd":	17520,
					"rtt":	11087,
					"omitted":	false
				}],
			"sum":	{
				"start":	7.014273,
				"end":	8.019058,
				"seconds":	1.004785,
				"bytes":	31711200,
				"bits_per_second":	252481460.838170,
				"retransmits":	0,
				"omitted":	false
			}
		}, {
			"streams":	[{
					"socket":	878,
					"start":	8.019058,
					"end":	9.003198,
					"seconds":	0.984140,
					"bytes":	34518780,
					"bits_per_second":	280600587.975082,
					"retransmits":	0,
					"snd_cwnd":	17520,
					"rtt":	216,
					"omitted":	false
				}],
			"sum":	{
				"start":	8.019058,
				"end":	9.003198,
				"seconds":	0.984140,
				"bytes":	34518780,
				"bits_per_second":	280600587.975082,
				"retransmits":	0,
				"omitted":	false
			}
		}, {
			"streams":	[{
					"socket":	878,
					"start":	9.003198,
					"end":	10.001771,
					"seconds":	0.998573,
					"bytes":	32410540,
					"bits_per_second":	259654830.616598,
					"retransmits":	0,
					"snd_cwnd":	17520,
					"rtt":	4865,
					"omitted":	false
				}],
			"sum":	{
				"start":	9.003198,
				"end":	10.001771,
				"seconds":	0.998573,
				"bytes":	32410540,
				"bits_per_second":	259654830.616598,
				"retransmits":	0,
				"omitted":	false
			}
		}],
	"end":	{
		"streams":	[{
				"sender":	{
					"socket":	878,
					"start":	0,
					"end":	10.001771,
					"seconds":	10.001771,
					"bytes":	319794168,
					"bits_per_second":	255790034.670235,
					"retransmits":	0,
					"max_snd_cwnd":	17520,
					"max_rtt":	11087,
					"min_rtt":	105,
					"mean_rtt":	3122
				},
				"receiver":	{
					"socket":	878,
					"start":	0,
					"end":	10.001771,
					"seconds":	10.001771,
					"bytes":	319468588,
					"bits_per_second":	255529616.789544
				}
			}],
		"sum_sent":	{
			"start":	0,
			"end":	10.001771,
			"seconds":	10.001771,
			"bytes":	319794168,
			"bits_per_second":	255790034.670235,
			"retransmits":	0
		},
		"sum_received":	{
			"start":	0,
			"end":	10.001771,
			"seconds":	10.001771,
			"bytes":	319468588,
			"bits_per_second":	255529616.789544
		},
		"cpu_utilization_percent":	{
			"host_total":	177.205974,
			"host_user":	77.258490,
			"host_system":	99.987439,
			"remote_total":	5.817397,
			"remote_user":	0.579162,
			"remote_system":	5.238235
		}
	}
}
