{
	"start":	{
		"connected":	[{
				"socket":	734,
				"local_host":	"10.0.2.15",
				"local_port":	40613,
				"remote_host":	"128.61.8.181",
				"remote_port":	5201
			}],
		"version":	"iperf 3.1.3",
		"system_info":	"Linux localhost 3.18.48+ #1 SMP PREEMPT Wed Apr 19 00:58:20 UTC 2017 i686",
		"timestamp":	{
			"time":	"Sat, 09 Dec 2017 00:38:28 GMT",
			"timesecs":	1512779908
		},
		"connecting_to":	{
			"host":	"128.61.8.181",
			"port":	5201
		},
		"cookie":	"localhost.1512779908.541371.784142c8",
		"tcp_mss_default":	1460,
		"test_start":	{
			"protocol":	"TCP",
			"num_streams":	1,
			"blksize":	131072,
			"omit":	0,
			"duration":	10,
			"bytes":	0,
			"blocks":	0,
			"reverse":	0
		}
	},
	"intervals":	[{
			"streams":	[{
					"socket":	734,
					"start":	0,
					"end":	1.001449,
					"seconds":	1.001449,
					"bytes":	7005080,
					"bits_per_second":	55959548.563574,
					"retransmits":	0,
					"snd_cwnd":	17520,
					"rtt":	634,
					"omitted":	false
				}],
			"sum":	{
				"start":	0,
				"end":	1.001449,
				"seconds":	1.001449,
				"bytes":	7005080,
				"bits_per_second":	55959548.563574,
				"retransmits":	0,
				"omitted":	false
			}
		}, {
			"streams":	[{
					"socket":	734,
					"start":	1.001449,
					"end":	2.002874,
					"seconds":	1.001425,
					"bytes":	6015200,
					"bits_per_second":	48053134.402087,
					"retransmits":	0,
					"snd_cwnd":	17520,
					"rtt":	5010,
					"omitted":	false
				}],
			"sum":	{
				"start":	1.001449,
				"end":	2.002874,
				"seconds":	1.001425,
				"bytes":	6015200,
				"bits_per_second":	48053134.402087,
				"retransmits":	0,
				"omitted":	false
			}
		}, {
			"streams":	[{
					"socket":	734,
					"start":	2.002874,
					"end":	3.019308,
					"seconds":	1.016434,
					"bytes":	6200620,
					"bits_per_second":	48802923.355331,
					"retransmits":	0,
					"snd_cwnd":	17520,
					"rtt":	6222,
					"omitted":	false
				}],
			"sum":	{
				"start":	2.002874,
				"end":	3.019308,
				"seconds":	1.016434,
				"bytes":	6200620,
				"bits_per_second":	48802923.355331,
				"retransmits":	0,
				"omitted":	false
			}
		}, {
			"streams":	[{
					"socket":	734,
					"start":	3.019308,
					"end":	4.001542,
					"seconds":	0.982234,
					"bytes":	6348080,
					"bits_per_second":	51703198.972996,
					"retransmits":	0,
					"snd_cwnd":	17520,
					"rtt":	603,
					"omitted":	false
				}],
			"sum":	{
				"start":	3.019308,
				"end":	4.001542,
				"seconds":	0.982234,
				"bytes":	6348080,
				"bits_per_second":	51703198.972996,
				"retransmits":	0,
				"omitted":	false
			}
		}, {
			"streams":	[{
					"socket":	734,
					"start":	4.001542,
					"end":	5.011973,
					"seconds":	1.010431,
					"bytes":	6372900,
					"bits_per_second":	50456893.586726,
					"retransmits":	0,
					"snd_cwnd":	17520,
					"rtt":	10813,
					"omitted":	false
				}],
			"sum":	{
				"start":	4.001542,
				"end":	5.011973,
				"seconds":	1.010431,
				"bytes":	6372900,
				"bits_per_second":	50456893.586726,
				"retransmits":	0,
				"omitted":	false
			}
		}, {
			"streams":	[{
					"socket":	734,
					"start":	5.011973,
					"end":	6.000941,
					"seconds":	0.988968,
					"bytes":	6625956,
					"bits_per_second":	53598944.376043,
					"retransmits":	0,
					"snd_cwnd":	17520,
					"rtt":	644,
					"omitted":	false
				}],
			"sum":	{
				"start":	5.011973,
				"end":	6.000941,
				"seconds":	0.988968,
				"bytes":	6625956,
				"bits_per_second":	53598944.376043,
				"retransmits":	0,
				"omitted":	false
			}
		}, {
			"streams":	[{
					"socket":	734,
					"start":	6.000941,
					"end":	7.116869,
					"seconds":	1.115928,
					"bytes":	6556500,
					"bits_per_second":	47003035.206400,
					"retransmits":	0,
					"snd_cwnd":	17520,
					"rtt":	648,
					"omitted":	false
				}],
			"sum":	{
				"start":	6.000941,
				"end":	7.116869,
				"seconds":	1.115928,
				"bytes":	6556500,
				"bits_per_second":	47003035.206400,
				"retransmits":	0,
				"omitted":	false
			}
		}, {
			"streams":	[{
					"socket":	734,
					"start":	7.116869,
					"end":	8.043359,
					"seconds":	0.926490,
					"bytes":	6680028,
					"bits_per_second":	57680298.818779,
					"retransmits":	0,
					"snd_cwnd":	17520,
					"rtt":	637,
					"omitted":	false
				}],
			"sum":	{
				"start":	7.116869,
				"end":	8.043359,
				"seconds":	0.926490,
				"bytes":	6680028,
				"bits_per_second":	57680298.818779,
				"retransmits":	0,
				"omitted":	false
			}
		}, {
			"streams":	[{
					"socket":	734,
					"start":	8.043359,
					"end":	9.144458,
					"seconds":	1.101099,
					"bytes":	7922964,
					"bits_per_second":	57564043.903280,
					"retransmits":	0,
					"snd_cwnd":	17520,
					"rtt":	435,
					"omitted":	false
				}],
			"sum":	{
				"start":	8.043359,
				"end":	9.144458,
				"seconds":	1.101099,
				"bytes":	7922964,
				"bits_per_second":	57564043.903280,
				"retransmits":	0,
				"omitted":	false
			}
		}, {
			"streams":	[{
					"socket":	734,
					"start":	9.144458,
					"end":	10.000509,
					"seconds":	0.856051,
					"bytes":	5360792,
					"bits_per_second":	50097876.872531,
					"retransmits":	0,
					"snd_cwnd":	17520,
					"rtt":	704,
					"omitted":	false
				}],
			"sum":	{
				"start":	9.144458,
				"end":	10.000509,
				"seconds":	0.856051,
				"bytes":	5360792,
				"bits_per_second":	50097876.872531,
				"retransmits":	0,
				"omitted":	false
			}
		}],
	"end":	{
		"streams":	[{
				"sender":	{
					"socket":	734,
					"start":	0,
					"end":	10.000509,
					"seconds":	10.000509,
					"bytes":	65088120,
					"bits_per_second":	52067845.623432,
					"retransmits":	0,
					"max_snd_cwnd":	17520,
					"max_rtt":	10813,
					"min_rtt":	435,
					"mean_rtt":	2635
				},
				"receiver":	{
					"socket":	734,
					"start":	0,
					"end":	10.000509,
					"seconds":	10.000509,
					"bytes":	64761080,
					"bits_per_second":	51806226.940442
				}
			}],
		"sum_sent":	{
			"start":	0,
			"end":	10.000509,
			"seconds":	10.000509,
			"bytes":	65088120,
			"bits_per_second":	52067845.623432,
			"retransmits":	0
		},
		"sum_received":	{
			"start":	0,
			"end":	10.000509,
			"seconds":	10.000509,
			"bytes":	64761080,
			"bits_per_second":	51806226.940442
		},
		"cpu_utilization_percent":	{
			"host_total":	152.111488,
			"host_user":	101.796229,
			"host_system":	50.348675,
			"remote_total":	2.807729,
			"remote_user":	0.303840,
			"remote_system":	2.503890
		}
	}
}
