{
	"end": {
		"sum_sent": {
			"start": 0,
			"end": 10.084373,
			"seconds": 10.084373,
			"bytes": 62787290.666666664,
			"bits_per_second": 49802330.96603,
			"retransmits": 0
		},
		"sum_received": {
			"start": 0,
			"end": 10.084373,
			"seconds": 10.084373,
			"bytes": 62677304,
			"bits_per_second": 49714525.54179167
		},
		"cpu_utilization_percent": {
			"host_total": 153.31273299999998,
			"host_user": 100.96971133333334,
			"host_system": 52.34838666666667,
			"host_user_normalized": 66.07290415607547,
			"host_system_normalized": 33.931698940406164,
			"remote_total": 0.4938976666666666,
			"remote_user": 0.05304066666666667,
			"remote_system": 0.4408573333333334,
			"remote_user_normalized": 10.76149290811984,
			"remote_system_normalized": 89.23848596440389
		}
	}
}
