{
	"end": {
		"sum_sent": {
			"start": 0,
			"end": 10.024708333333331,
			"seconds": 10.024708333333331,
			"bytes": 124014894.66666667,
			"bits_per_second": 98973760.87751533,
			"retransmits": 0
		},
		"sum_received": {
			"start": 0,
			"end": 10.024708333333331,
			"seconds": 10.024708333333331,
			"bytes": 123886037.33333333,
			"bits_per_second": 98870801.42773734
		},
		"cpu_utilization_percent": {
			"host_total": 126.15769733333333,
			"host_user": 50.39561966666667,
			"host_system": 75.751891,
			"host_user_normalized": 39.92828319599237,
			"host_system_normalized": 60.064367204294776,
			"remote_total": 0.804631,
			"remote_user": 0.2605033333333333,
			"remote_system": 0.5441276666666667,
			"remote_user_normalized": 34.2911026749604,
			"remote_system_normalized": 65.70889732503962
		}
	}
}
