{
	"end": {
		"sum_sent": {
			"start": 0,
			"end": 10.083010333333332,
			"seconds": 10.083010333333332,
			"bytes": 119157649.33333333,
			"bits_per_second": 94549728.30775468,
			"retransmits": 0
		},
		"sum_received": {
			"start": 0,
			"end": 10.083010333333332,
			"seconds": 10.083010333333332,
			"bytes": 119157649.33333333,
			"bits_per_second": 94549728.30775468
		},
		"cpu_utilization_percent": {
			"host_total": 131.82145,
			"host_user": 50.68313799999999,
			"host_system": 81.105732,
			"host_user_normalized": 38.39654683677006,
			"host_system_normalized": 61.578065146798544,
			"remote_total": 3.0134616666666667,
			"remote_user": 1.156159,
			"remote_system": 1.8573023333333332,
			"remote_user_normalized": 39.528865502675586,
			"remote_system_normalized": 60.471126654067206
		}
	}
}
