{
	"end": {
		"sum_sent": {
			"start": 0,
			"end": 10.004792,
			"seconds": 10.004792,
			"bytes": 356590110.6666667,
			"bits_per_second": 285127606.04796803,
			"retransmits": 0
		},
		"sum_received": {
			"start": 0,
			"end": 10.004792,
			"seconds": 10.004792,
			"bytes": 356270370.6666667,
			"bits_per_second": 284871935.4075853
		},
		"cpu_utilization_percent": {
			"host_total": 174.91056733333335,
			"host_user": 75.825564,
			"host_system": 99.11309299999999,
			"host_user_normalized": 43.35245195828352,
			"host_system_normalized": 56.66355461281705,
			"remote_total": 7.360255333333334,
			"remote_user": 0.7303853333333333,
			"remote_system": 6.629870666666668,
			"remote_user_normalized": 9.935022789932615,
			"remote_system_normalized": 90.06500096239597
		}
	}
}
