{
	"start":	{
		"connected":	[{
				"socket":	171,
				"local_host":	"10.0.2.15",
				"local_port":	53860,
				"remote_host":	"10.0.0.252",
				"remote_port":	5201
			}],
		"version":	"iperf 3.1.3",
		"system_info":	"Linux localhost 3.18.56+ #1 SMP PREEMPT Fri Oct 13 14:54:31 PDT 2017 i686",
		"timestamp":	{
			"time":	"Thu, 07 Dec 2017 05:41:29 GMT",
			"timesecs":	1512625289
		},
		"connecting_to":	{
			"host":	"10.0.0.252",
			"port":	5201
		},
		"cookie":	"localhost.1512625289.582614.5f78c3ea",
		"tcp_mss_default":	1460,
		"test_start":	{
			"protocol":	"TCP",
			"num_streams":	1,
			"blksize":	131072,
			"omit":	0,
			"duration":	10,
			"bytes":	0,
			"blocks":	0,
			"reverse":	0
		}
	},
	"intervals":	[{
			"streams":	[{
					"socket":	171,
					"start":	0,
					"end":	1.000803,
					"seconds":	1.000803,
					"bytes":	1441020,
					"bits_per_second":	11518910.386671,
					"retransmits":	0,
					"snd_cwnd":	17520,
					"rtt":	451,
					"omitted":	false
				}],
			"sum":	{
				"start":	0,
				"end":	1.000803,
				"seconds":	1.000803,
				"bytes":	1441020,
				"bits_per_second":	11518910.386671,
				"retransmits":	0,
				"omitted":	false
			}
		}, {
			"streams":	[{
					"socket":	171,
					"start":	1.000803,
					"end":	2.003022,
					"seconds":	1.002219,
					"bytes":	1089160,
					"bits_per_second":	8693986.304426,
					"retransmits":	0,
					"snd_cwnd":	17520,
					"rtt":	537,
					"omitted":	false
				}],
			"sum":	{
				"start":	1.000803,
				"end":	2.003022,
				"seconds":	1.002219,
				"bytes":	1089160,
				"bits_per_second":	8693986.304426,
				"retransmits":	0,
				"omitted":	false
			}
		}, {
			"streams":	[{
					"socket":	171,
					"start":	2.003022,
					"end":	3.000860,
					"seconds":	0.997838,
					"bytes":	1338820,
					"bits_per_second":	10733768.749005,
					"retransmits":	0,
					"snd_cwnd":	17520,
					"rtt":	537,
					"omitted":	false
				}],
			"sum":	{
				"start":	2.003022,
				"end":	3.000860,
				"seconds":	0.997838,
				"bytes":	1338820,
				"bits_per_second":	10733768.749005,
				"retransmits":	0,
				"omitted":	false
			}
		}, {
			"streams":	[{
					"socket":	171,
					"start":	3.000860,
					"end":	4.001653,
					"seconds":	1.000793,
					"bytes":	1227860,
					"bits_per_second":	9815094.484370,
					"retransmits":	0,
					"snd_cwnd":	17520,
					"rtt":	361,
					"omitted":	false
				}],
			"sum":	{
				"start":	3.000860,
				"end":	4.001653,
				"seconds":	1.000793,
				"bytes":	1227860,
				"bits_per_second":	9815094.484370,
				"retransmits":	0,
				"omitted":	false
			}
		}, {
			"streams":	[{
					"socket":	171,
					"start":	4.001653,
					"end":	5.001297,
					"seconds":	0.999644,
					"bytes":	1255600,
					"bits_per_second":	10048379.206117,
					"retransmits":	0,
					"snd_cwnd":	17520,
					"rtt":	499,
					"omitted":	false
				}],
			"sum":	{
				"start":	4.001653,
				"end":	5.001297,
				"seconds":	0.999644,
				"bytes":	1255600,
				"bits_per_second":	10048379.206117,
				"retransmits":	0,
				"omitted":	false
			}
		}, {
			"streams":	[{
					"socket":	171,
					"start":	5.001297,
					"end":	6.003256,
					"seconds":	1.001959,
					"bytes":	1116900,
					"bits_per_second":	8917729.405945,
					"retransmits":	0,
					"snd_cwnd":	17520,
					"rtt":	369,
					"omitted":	false
				}],
			"sum":	{
				"start":	5.001297,
				"end":	6.003256,
				"seconds":	1.001959,
				"bytes":	1116900,
				"bits_per_second":	8917729.405945,
				"retransmits":	0,
				"omitted":	false
			}
		}, {
			"streams":	[{
					"socket":	171,
					"start":	6.003256,
					"end":	7.001523,
					"seconds":	0.998267,
					"bytes":	1214720,
					"bits_per_second":	9734630.744438,
					"retransmits":	0,
					"snd_cwnd":	17520,
					"rtt":	1122,
					"omitted":	false
				}],
			"sum":	{
				"start":	6.003256,
				"end":	7.001523,
				"seconds":	0.998267,
				"bytes":	1214720,
				"bits_per_second":	9734630.744438,
				"retransmits":	0,
				"omitted":	false
			}
		}, {
			"streams":	[{
					"socket":	171,
					"start":	7.001523,
					"end":	8.005992,
					"seconds":	1.004469,
					"bytes":	1369480,
					"bits_per_second":	10907094.490323,
					"retransmits":	0,
					"snd_cwnd":	17520,
					"rtt":	1112,
					"omitted":	false
				}],
			"sum":	{
				"start":	7.001523,
				"end":	8.005992,
				"seconds":	1.004469,
				"bytes":	1369480,
				"bits_per_second":	10907094.490323,
				"retransmits":	0,
				"omitted":	false
			}
		}, {
			"streams":	[{
					"socket":	171,
					"start":	8.005992,
					"end":	9.000499,
					"seconds":	0.994507,
					"bytes":	1292100,
					"bits_per_second":	10393895.372530,
					"retransmits":	0,
					"snd_cwnd":	17520,
					"rtt":	421,
					"omitted":	false
				}],
			"sum":	{
				"start":	8.005992,
				"end":	9.000499,
				"seconds":	0.994507,
				"bytes":	1292100,
				"bits_per_second":	10393895.372530,
				"retransmits":	0,
				"omitted":	false
			}
		}, {
			"streams":	[{
					"socket":	171,
					"start":	9.000499,
					"end":	10.002880,
					"seconds":	1.002381,
					"bytes":	1109600,
					"bits_per_second":	8855713.780802,
					"retransmits":	0,
					"snd_cwnd":	17520,
					"rtt":	458,
					"omitted":	false
				}],
			"sum":	{
				"start":	9.000499,
				"end":	10.002880,
				"seconds":	1.002381,
				"bytes":	1109600,
				"bits_per_second":	8855713.780802,
				"retransmits":	0,
				"omitted":	false
			}
		}],
	"end":	{
		"streams":	[{
				"sender":	{
					"socket":	171,
					"start":	0,
					"end":	10.002880,
					"seconds":	10.002880,
					"bytes":	12455260,
					"bits_per_second":	9961339.038294,
					"retransmits":	0,
					"max_snd_cwnd":	17520,
					"max_rtt":	1122,
					"min_rtt":	361,
					"mean_rtt":	586
				},
				"receiver":	{
					"socket":	171,
					"start":	0,
					"end":	10.002880,
					"seconds":	10.002880,
					"bytes":	12112160,
					"bits_per_second":	9686938.068420
				}
			}],
		"sum_sent":	{
			"start":	0,
			"end":	10.002880,
			"seconds":	10.002880,
			"bytes":	12455260,
			"bits_per_second":	9961339.038294,
			"retransmits":	0
		},
		"sum_received":	{
			"start":	0,
			"end":	10.002880,
			"seconds":	10.002880,
			"bytes":	12112160,
			"bits_per_second":	9686938.068420
		},
		"cpu_utilization_percent":	{
			"host_total":	119.977565,
			"host_user":	93.505667,
			"host_system":	26.434091,
			"remote_total":	0.225970,
			"remote_user":	0.070129,
			"remote_system":	0.155841
		}
	}
}
