{
	"end": {
		"sum_sent": {
			"start": 0,
			"end": 10.003307333333334,
			"seconds": 10.003307333333334,
			"bytes": 119276078.66666667,
			"bits_per_second": 95411377.71077065,
			"retransmits": 4.333333333333333
		},
		"sum_received": {
			"start": 0,
			"end": 10.003307333333334,
			"seconds": 10.003307333333334,
			"bytes": 118986998.66666667,
			"bits_per_second": 95180177.62604801
		},
		"cpu_utilization_percent": {
			"host_total": 147.45304333333334,
			"host_user": 102.888546,
			"host_system": 44.554731000000004,
			"host_user_normalized": 70.74142804985432,
			"host_system_normalized": 29.249187742473172,
			"remote_total": 0.6785983333333334,
			"remote_user": 0.07019666666666667,
			"remote_system": 0.608403,
			"remote_user_normalized": 14.14663657763399,
			"remote_system_normalized": 85.87260350133948
		}
	}
}
