{
	"end": {
		"sum_sent": {
			"start": 0,
			"end": 10.081507222222221,
			"seconds": 10.081507222222221,
			"bytes": 101908852.44444443,
			"bits_per_second": 81088057.98909189,
			"retransmits": 0
		},
		"sum_received": {
			"start": 0,
			"end": 10.081507222222221,
			"seconds": 10.081507222222221,
			"bytes": 101779021.77777778,
			"bits_per_second": 80984490.37174578
		},
		"cpu_utilization_percent": {
			"host_total": 166.18054522222224,
			"host_user": 102.12840933333332,
			"host_system": 64.02824433333332,
			"host_user_normalized": 61.585426141252874,
			"host_system_normalized": 38.400303135878495,
			"remote_total": 0.4773075555555555,
			"remote_user": 0.05073,
			"remote_system": 0.42657733333333336,
			"remote_user_normalized": 10.705688751676648,
			"remote_system_normalized": 89.29428020526045
		}
	}
}
