{
	"start":	{
		"connected":	[{
				"socket":	213,
				"local_host":	"10.0.2.15",
				"local_port":	39872,
				"remote_host":	"10.0.1.18",
				"remote_port":	5201
			}],
		"version":	"iperf 3.1.3",
		"system_info":	"Linux localhost 3.10.0+ #1 SMP PREEMPT Wed Feb 22 08:53:42 PST 2017 i686",
		"timestamp":	{
			"time":	"Fri, 08 Dec 2017 06:54:21 GMT",
			"timesecs":	1512716061
		},
		"connecting_to":	{
			"host":	"10.0.1.18",
			"port":	5201
		},
		"cookie":	"localhost.1512716061.786063.5b675a57",
		"tcp_mss_default":	1460,
		"test_start":	{
			"protocol":	"TCP",
			"num_streams":	1,
			"blksize":	131072,
			"omit":	0,
			"duration":	10,
			"bytes":	0,
			"blocks":	0,
			"reverse":	0
		}
	},
	"intervals":	[{
			"streams":	[{
					"socket":	213,
					"start":	0,
					"end":	1.000337,
					"seconds":	1.000337,
					"bytes":	12671340,
					"bits_per_second":	101336557.027636,
					"retransmits":	0,
					"snd_cwnd":	14600,
					"rtt":	18750,
					"omitted":	false
				}],
			"sum":	{
				"start":	0,
				"end":	1.000337,
				"seconds":	1.000337,
				"bytes":	12671340,
				"bits_per_second":	101336557.027636,
				"retransmits":	0,
				"omitted":	false
			}
		}, {
			"streams":	[{
					"socket":	213,
					"start":	1.000337,
					"end":	2.001559,
					"seconds":	1.001222,
					"bytes":	13830580,
					"bits_per_second":	110509608.837430,
					"retransmits":	0,
					"snd_cwnd":	14600,
					"rtt":	18750,
					"omitted":	false
				}],
			"sum":	{
				"start":	1.000337,
				"end":	2.001559,
				"seconds":	1.001222,
				"bytes":	13830580,
				"bits_per_second":	110509608.837430,
				"retransmits":	0,
				"omitted":	false
			}
		}, {
			"streams":	[{
					"socket":	213,
					"start":	2.001559,
					"end":	3.012254,
					"seconds":	1.010695,
					"bytes":	14239380,
					"bits_per_second":	112709612.874469,
					"retransmits":	0,
					"snd_cwnd":	14600,
					"rtt":	18750,
					"omitted":	false
				}],
			"sum":	{
				"start":	2.001559,
				"end":	3.012254,
				"seconds":	1.010695,
				"bytes":	14239380,
				"bits_per_second":	112709612.874469,
				"retransmits":	0,
				"omitted":	false
			}
		}, {
			"streams":	[{
					"socket":	213,
					"start":	3.012254,
					"end":	4.000763,
					"seconds":	0.988509,
					"bytes":	15849760,
					"bits_per_second":	128272031.055708,
					"retransmits":	0,
					"snd_cwnd":	14600,
					"rtt":	18750,
					"omitted":	false
				}],
			"sum":	{
				"start":	3.012254,
				"end":	4.000763,
				"seconds":	0.988509,
				"bytes":	15849760,
				"bits_per_second":	128272031.055708,
				"retransmits":	0,
				"omitted":	false
			}
		}, {
			"streams":	[{
					"socket":	213,
					"start":	4.000763,
					"end":	5.000304,
					"seconds":	0.999541,
					"bytes":	14169300,
					"bits_per_second":	113406475.593947,
					"retransmits":	0,
					"snd_cwnd":	14600,
					"rtt":	18750,
					"omitted":	false
				}],
			"sum":	{
				"start":	4.000763,
				"end":	5.000304,
				"seconds":	0.999541,
				"bytes":	14169300,
				"bits_per_second":	113406475.593947,
				"retransmits":	0,
				"omitted":	false
			}
		}, {
			"streams":	[{
					"socket":	213,
					"start":	5.000304,
					"end":	6.011286,
					"seconds":	1.010982,
					"bytes":	9754260,
					"bits_per_second":	77186415.955679,
					"retransmits":	0,
					"snd_cwnd":	14600,
					"rtt":	20000,
					"omitted":	false
				}],
			"sum":	{
				"start":	5.000304,
				"end":	6.011286,
				"seconds":	1.010982,
				"bytes":	9754260,
				"bits_per_second":	77186415.955679,
				"retransmits":	0,
				"omitted":	false
			}
		}, {
			"streams":	[{
					"socket":	213,
					"start":	6.011286,
					"end":	7.000649,
					"seconds":	0.989363,
					"bytes":	11852280,
					"bits_per_second":	95837669.595230,
					"retransmits":	0,
					"snd_cwnd":	14600,
					"rtt":	18750,
					"omitted":	false
				}],
			"sum":	{
				"start":	6.011286,
				"end":	7.000649,
				"seconds":	0.989363,
				"bytes":	11852280,
				"bits_per_second":	95837669.595230,
				"retransmits":	0,
				"omitted":	false
			}
		}, {
			"streams":	[{
					"socket":	213,
					"start":	7.000649,
					"end":	8.000896,
					"seconds":	1.000247,
					"bytes":	12207060,
					"bits_per_second":	97632364.645039,
					"retransmits":	0,
					"snd_cwnd":	14600,
					"rtt":	18750,
					"omitted":	false
				}],
			"sum":	{
				"start":	7.000649,
				"end":	8.000896,
				"seconds":	1.000247,
				"bytes":	12207060,
				"bits_per_second":	97632364.645039,
				"retransmits":	0,
				"omitted":	false
			}
		}, {
			"streams":	[{
					"socket":	213,
					"start":	8.000896,
					"end":	9.010532,
					"seconds":	1.009636,
					"bytes":	14090460,
					"bits_per_second":	111647823.296675,
					"retransmits":	0,
					"snd_cwnd":	14600,
					"rtt":	26250,
					"omitted":	false
				}],
			"sum":	{
				"start":	8.000896,
				"end":	9.010532,
				"seconds":	1.009636,
				"bytes":	14090460,
				"bits_per_second":	111647823.296675,
				"retransmits":	0,
				"omitted":	false
			}
		}, {
			"streams":	[{
					"socket":	213,
					"start":	9.010532,
					"end":	10.017759,
					"seconds":	1.007227,
					"bytes":	13937160,
					"bits_per_second":	110697276.981652,
					"retransmits":	0,
					"snd_cwnd":	14600,
					"rtt":	18750,
					"omitted":	false
				}],
			"sum":	{
				"start":	9.010532,
				"end":	10.017759,
				"seconds":	1.007227,
				"bytes":	13937160,
				"bits_per_second":	110697276.981652,
				"retransmits":	0,
				"omitted":	false
			}
		}],
	"end":	{
		"streams":	[{
				"sender":	{
					"socket":	213,
					"start":	0,
					"end":	10.017759,
					"seconds":	10.017759,
					"bytes":	132601580,
					"bits_per_second":	105893207.356125,
					"retransmits":	0,
					"max_snd_cwnd":	14600,
					"max_rtt":	26250,
					"min_rtt":	18750,
					"mean_rtt":	19625
				},
				"receiver":	{
					"socket":	213,
					"start":	0,
					"end":	10.017759,
					"seconds":	10.017759,
					"bytes":	132267240,
					"bits_per_second":	105626209.519843
				}
			}],
		"sum_sent":	{
			"start":	0,
			"end":	10.017759,
			"seconds":	10.017759,
			"bytes":	132601580,
			"bits_per_second":	105893207.356125,
			"retransmits":	0
		},
		"sum_received":	{
			"start":	0,
			"end":	10.017759,
			"seconds":	10.017759,
			"bytes":	132267240,
			"bits_per_second":	105626209.519843
		},
		"cpu_utilization_percent":	{
			"host_total":	179.503847,
			"host_user":	93.477952,
			"host_system":	85.995726,
			"remote_total":	0.313337,
			"remote_user":	0.030098,
			"remote_system":	0.283239
		}
	}
}
