{
	"end": {
		"sum_sent": {
			"start": 0,
			"end": 10.002859333333333,
			"seconds": 10.002859333333333,
			"bytes": 13097064,
			"bits_per_second": 10474660.763023334,
			"retransmits": 0
		},
		"sum_received": {
			"start": 0,
			"end": 10.002859333333333,
			"seconds": 10.002859333333333,
			"bytes": 12722817.333333334,
			"bits_per_second": 10175349.156315334
		},
		"cpu_utilization_percent": {
			"host_total": 107.42722333333332,
			"host_user": 82.16382566666665,
			"host_system": 25.268497333333332,
			"host_user_normalized": 76.49647707807536,
			"host_system_normalized": 23.507889939404865,
			"remote_total": 0.4212213333333334,
			"remote_user": 0.13017533333333334,
			"remote_system": 0.29104666666666673,
			"remote_user_normalized": 32.973010867079374,
			"remote_system_normalized": 67.02716383027818
		}
	}
}
