{
	"end": {
		"sum_sent": {
			"start": 0,
			"end": 10.048865666666666,
			"seconds": 10.048865666666666,
			"bytes": 69502234.66666667,
			"bits_per_second": 55319573.16259267,
			"retransmits": 0
		},
		"sum_received": {
			"start": 0,
			"end": 10.048865666666666,
			"seconds": 10.048865666666666,
			"bytes": 69283234.66666667,
			"bits_per_second": 55144400.04264333
		},
		"cpu_utilization_percent": {
			"host_total": 156.76112066666667,
			"host_user": 98.78362766666667,
			"host_system": 57.97810166666667,
			"host_user_normalized": 63.07659673188608,
			"host_system_normalized": 36.92408551610139,
			"remote_total": 1.8205843333333334,
			"remote_user": 0.19611599999999998,
			"remote_system": 1.6244690000000002,
			"remote_user_normalized": 10.71843965162404,
			"remote_system_normalized": 89.28158591817146
		}
	}
}
