{
	"start":	{
		"connected":	[{
				"socket":	65,
				"local_host":	"10.0.2.15",
				"local_port":	54081,
				"remote_host":	"10.0.0.252",
				"remote_port":	5201
			}],
		"version":	"iperf 3.1.3",
		"system_info":	"Linux localhost 3.18.56+ #1 SMP PREEMPT Fri Oct 13 14:54:31 PDT 2017 i686",
		"timestamp":	{
			"time":	"Thu, 07 Dec 2017 07:16:28 GMT",
			"timesecs":	1512630988
		},
		"connecting_to":	{
			"host":	"10.0.0.252",
			"port":	5201
		},
		"cookie":	"localhost.1512630988.795500.2d3b07eb",
		"tcp_mss_default":	1460,
		"test_start":	{
			"protocol":	"TCP",
			"num_streams":	1,
			"blksize":	131072,
			"omit":	0,
			"duration":	10,
			"bytes":	0,
			"blocks":	0,
			"reverse":	0
		}
	},
	"intervals":	[{
			"streams":	[{
					"socket":	65,
					"start":	0,
					"end":	1.001202,
					"seconds":	1.001202,
					"bytes":	1566580,
					"bits_per_second":	12517595.501813,
					"retransmits":	0,
					"snd_cwnd":	17520,
					"rtt":	437,
					"omitted":	false
				}],
			"sum":	{
				"start":	0,
				"end":	1.001202,
				"seconds":	1.001202,
				"bytes":	1566580,
				"bits_per_second":	12517595.501813,
				"retransmits":	0,
				"omitted":	false
			}
		}, {
			"streams":	[{
					"socket":	65,
					"start":	1.001202,
					"end":	2.001974,
					"seconds":	1.000772,
					"bytes":	1261440,
					"bits_per_second":	10083735.362762,
					"retransmits":	0,
					"snd_cwnd":	17520,
					"rtt":	427,
					"omitted":	false
				}],
			"sum":	{
				"start":	1.001202,
				"end":	2.001974,
				"seconds":	1.000772,
				"bytes":	1261440,
				"bits_per_second":	10083735.362762,
				"retransmits":	0,
				"omitted":	false
			}
		}, {
			"streams":	[{
					"socket":	65,
					"start":	2.001974,
					"end":	3.001302,
					"seconds":	0.999328,
					"bytes":	1278960,
					"bits_per_second":	10238558.914600,
					"retransmits":	0,
					"snd_cwnd":	17520,
					"rtt":	433,
					"omitted":	false
				}],
			"sum":	{
				"start":	2.001974,
				"end":	3.001302,
				"seconds":	0.999328,
				"bytes":	1278960,
				"bits_per_second":	10238558.914600,
				"retransmits":	0,
				"omitted":	false
			}
		}, {
			"streams":	[{
					"socket":	65,
					"start":	3.001302,
					"end":	4.002716,
					"seconds":	1.001414,
					"bytes":	1521320,
					"bits_per_second":	12153374.392204,
					"retransmits":	0,
					"snd_cwnd":	17520,
					"rtt":	600,
					"omitted":	false
				}],
			"sum":	{
				"start":	3.001302,
				"end":	4.002716,
				"seconds":	1.001414,
				"bytes":	1521320,
				"bits_per_second":	12153374.392204,
				"retransmits":	0,
				"omitted":	false
			}
		}, {
			"streams":	[{
					"socket":	65,
					"start":	4.002716,
					"end":	5.001112,
					"seconds":	0.998396,
					"bytes":	1176760,
					"bits_per_second":	9429205.201367,
					"retransmits":	0,
					"snd_cwnd":	17520,
					"rtt":	470,
					"omitted":	false
				}],
			"sum":	{
				"start":	4.002716,
				"end":	5.001112,
				"seconds":	0.998396,
				"bytes":	1176760,
				"bits_per_second":	9429205.201367,
				"retransmits":	0,
				"omitted":	false
			}
		}, {
			"streams":	[{
					"socket":	65,
					"start":	5.001112,
					"end":	6.001399,
					"seconds":	1.000287,
					"bytes":	1338820,
					"bits_per_second":	10707486.352127,
					"retransmits":	0,
					"snd_cwnd":	17520,
					"rtt":	609,
					"omitted":	false
				}],
			"sum":	{
				"start":	5.001112,
				"end":	6.001399,
				"seconds":	1.000287,
				"bytes":	1338820,
				"bits_per_second":	10707486.352127,
				"retransmits":	0,
				"omitted":	false
			}
		}, {
			"streams":	[{
					"socket":	65,
					"start":	6.001399,
					"end":	7.001372,
					"seconds":	0.999973,
					"bytes":	1160700,
					"bits_per_second":	9285852.386849,
					"retransmits":	0,
					"snd_cwnd":	17520,
					"rtt":	500,
					"omitted":	false
				}],
			"sum":	{
				"start":	6.001399,
				"end":	7.001372,
				"seconds":	0.999973,
				"bytes":	1160700,
				"bits_per_second":	9285852.386849,
				"retransmits":	0,
				"omitted":	false
			}
		}, {
			"streams":	[{
					"socket":	65,
					"start":	7.001372,
					"end":	8.001251,
					"seconds":	0.999879,
					"bytes":	1540300,
					"bits_per_second":	12323889.689844,
					"retransmits":	0,
					"snd_cwnd":	17520,
					"rtt":	440,
					"omitted":	false
				}],
			"sum":	{
				"start":	7.001372,
				"end":	8.001251,
				"seconds":	0.999879,
				"bytes":	1540300,
				"bits_per_second":	12323889.689844,
				"retransmits":	0,
				"omitted":	false
			}
		}, {
			"streams":	[{
					"socket":	65,
					"start":	8.001251,
					"end":	9.000588,
					"seconds":	0.999337,
					"bytes":	1095000,
					"bits_per_second":	8765812.102188,
					"retransmits":	0,
					"snd_cwnd":	17520,
					"rtt":	440,
					"omitted":	false
				}],
			"sum":	{
				"start":	8.001251,
				"end":	9.000588,
				"seconds":	0.999337,
				"bytes":	1095000,
				"bits_per_second":	8765812.102188,
				"retransmits":	0,
				"omitted":	false
			}
		}, {
			"streams":	[{
					"socket":	65,
					"start":	9.000588,
					"end":	10.000468,
					"seconds":	0.999880,
					"bytes":	1222020,
					"bits_per_second":	9777332.542159,
					"retransmits":	0,
					"snd_cwnd":	17520,
					"rtt":	501,
					"omitted":	false
				}],
			"sum":	{
				"start":	9.000588,
				"end":	10.000468,
				"seconds":	0.999880,
				"bytes":	1222020,
				"bits_per_second":	9777332.542159,
				"retransmits":	0,
				"omitted":	false
			}
		}],
	"end":	{
		"streams":	[{
				"sender":	{
					"socket":	65,
					"start":	0,
					"end":	10.000468,
					"seconds":	10.000468,
					"bytes":	13161900,
					"bits_per_second":	10529027.225026,
					"retransmits":	0,
					"max_snd_cwnd":	17520,
					"max_rtt":	609,
					"min_rtt":	427,
					"mean_rtt":	485
				},
				"receiver":	{
					"socket":	65,
					"start":	0,
					"end":	10.000468,
					"seconds":	10.000468,
					"bytes":	12818800,
					"bits_per_second":	10254560.070519
				}
			}],
		"sum_sent":	{
			"start":	0,
			"end":	10.000468,
			"seconds":	10.000468,
			"bytes":	13161900,
			"bits_per_second":	10529027.225026,
			"retransmits":	0
		},
		"sum_received":	{
			"start":	0,
			"end":	10.000468,
			"seconds":	10.000468,
			"bytes":	12818800,
			"bits_per_second":	10254560.070519
		},
		"cpu_utilization_percent":	{
			"host_total":	114.390179,
			"host_user":	82.727342,
			"host_system":	31.726973,
			"remote_total":	0.287533,
			"remote_user":	0.096529,
			"remote_system":	0.191004
		}
	}
}
