{
	"start":	{
		"connected":	[{
				"socket":	77,
				"local_host":	"10.0.2.15",
				"local_port":	40421,
				"remote_host":	"128.61.8.181",
				"remote_port":	5201
			}],
		"version":	"iperf 3.1.3",
		"system_info":	"Linux localhost 3.18.48+ #1 SMP PREEMPT Wed Apr 19 00:58:20 UTC 2017 i686",
		"timestamp":	{
			"time":	"Fri, 08 Dec 2017 21:39:40 GMT",
			"timesecs":	1512769180
		},
		"connecting_to":	{
			"host":	"128.61.8.181",
			"port":	5201
		},
		"cookie":	"localhost.1512769180.719589.24f4a6ad",
		"tcp_mss_default":	1460,
		"test_start":	{
			"protocol":	"TCP",
			"num_streams":	1,
			"blksize":	131072,
			"omit":	0,
			"duration":	10,
			"bytes":	0,
			"blocks":	0,
			"reverse":	0
		}
	},
	"intervals":	[{
			"streams":	[{
					"socket":	77,
					"start":	0,
					"end":	1.000141,
					"seconds":	1.000141,
					"bytes":	16045400,
					"bits_per_second":	128345115.482700,
					"retransmits":	0,
					"snd_cwnd":	17520,
					"rtt":	786,
					"omitted":	false
				}],
			"sum":	{
				"start":	0,
				"end":	1.000141,
				"seconds":	1.000141,
				"bytes":	16045400,
				"bits_per_second":	128345115.482700,
				"retransmits":	0,
				"omitted":	false
			}
		}, {
			"streams":	[{
					"socket":	77,
					"start":	1.000141,
					"end":	2.008287,
					"seconds":	1.008146,
					"bytes":	16206148,
					"bits_per_second":	128601589.332867,
					"retransmits":	0,
					"snd_cwnd":	17520,
					"rtt":	9918,
					"omitted":	false
				}],
			"sum":	{
				"start":	1.000141,
				"end":	2.008287,
				"seconds":	1.008146,
				"bytes":	16206148,
				"bits_per_second":	128601589.332867,
				"retransmits":	0,
				"omitted":	false
			}
		}, {
			"streams":	[{
					"socket":	77,
					"start":	2.008287,
					"end":	3.000569,
					"seconds":	0.992282,
					"bytes":	17025060,
					"bits_per_second":	137259830.484037,
					"retransmits":	0,
					"snd_cwnd":	17520,
					"rtt":	546,
					"omitted":	false
				}],
			"sum":	{
				"start":	2.008287,
				"end":	3.000569,
				"seconds":	0.992282,
				"bytes":	17025060,
				"bits_per_second":	137259830.484037,
				"retransmits":	0,
				"omitted":	false
			}
		}, {
			"streams":	[{
					"socket":	77,
					"start":	3.000569,
					"end":	4.000644,
					"seconds":	1.000075,
					"bytes":	17134560,
					"bits_per_second":	137066218.752201,
					"retransmits":	0,
					"snd_cwnd":	17520,
					"rtt":	440,
					"omitted":	false
				}],
			"sum":	{
				"start":	3.000569,
				"end":	4.000644,
				"seconds":	1.000075,
				"bytes":	17134560,
				"bits_per_second":	137066218.752201,
				"retransmits":	0,
				"omitted":	false
			}
		}, {
			"streams":	[{
					"socket":	77,
					"start":	4.000644,
					"end":	5.003759,
					"seconds":	1.003115,
					"bytes":	17122880,
					"bits_per_second":	136557671.220223,
					"retransmits":	0,
					"snd_cwnd":	17520,
					"rtt":	737,
					"omitted":	false
				}],
			"sum":	{
				"start":	4.000644,
				"end":	5.003759,
				"seconds":	1.003115,
				"bytes":	17122880,
				"bits_per_second":	136557671.220223,
				"retransmits":	0,
				"omitted":	false
			}
		}, {
			"streams":	[{
					"socket":	77,
					"start":	5.003759,
					"end":	6.001094,
					"seconds":	0.997335,
					"bytes":	17950044,
					"bits_per_second":	143984041.315267,
					"retransmits":	0,
					"snd_cwnd":	17520,
					"rtt":	10183,
					"omitted":	false
				}],
			"sum":	{
				"start":	5.003759,
				"end":	6.001094,
				"seconds":	0.997335,
				"bytes":	17950044,
				"bits_per_second":	143984041.315267,
				"retransmits":	0,
				"omitted":	false
			}
		}, {
			"streams":	[{
					"socket":	77,
					"start":	6.001094,
					"end":	7.021910,
					"seconds":	1.020816,
					"bytes":	17899600,
					"bits_per_second":	140276818.877376,
					"retransmits":	0,
					"snd_cwnd":	17520,
					"rtt":	374,
					"omitted":	false
				}],
			"sum":	{
				"start":	6.001094,
				"end":	7.021910,
				"seconds":	1.020816,
				"bytes":	17899600,
				"bits_per_second":	140276818.877376,
				"retransmits":	0,
				"omitted":	false
			}
		}, {
			"streams":	[{
					"socket":	77,
					"start":	7.021910,
					"end":	8.005847,
					"seconds":	0.983937,
					"bytes":	16622100,
					"bits_per_second":	135147673.694375,
					"retransmits":	0,
					"snd_cwnd":	17520,
					"rtt":	433,
					"omitted":	false
				}],
			"sum":	{
				"start":	7.021910,
				"end":	8.005847,
				"seconds":	0.983937,
				"bytes":	16622100,
				"bits_per_second":	135147673.694375,
				"retransmits":	0,
				"omitted":	false
			}
		}, {
			"streams":	[{
					"socket":	77,
					"start":	8.005847,
					"end":	9.007958,
					"seconds":	1.002111,
					"bytes":	16441060,
					"bits_per_second":	131251413.765060,
					"retransmits":	0,
					"snd_cwnd":	17520,
					"rtt":	1726,
					"omitted":	false
				}],
			"sum":	{
				"start":	8.005847,
				"end":	9.007958,
				"seconds":	1.002111,
				"bytes":	16441060,
				"bits_per_second":	131251413.765060,
				"retransmits":	0,
				"omitted":	false
			}
		}, {
			"streams":	[{
					"socket":	77,
					"start":	9.007958,
					"end":	10.000469,
					"seconds":	0.992511,
					"bytes":	18085020,
					"bits_per_second":	145771840.354446,
					"retransmits":	0,
					"snd_cwnd":	17520,
					"rtt":	357,
					"omitted":	false
				}],
			"sum":	{
				"start":	9.007958,
				"end":	10.000469,
				"seconds":	0.992511,
				"bytes":	18085020,
				"bits_per_second":	145771840.354446,
				"retransmits":	0,
				"omitted":	false
			}
		}],
	"end":	{
		"streams":	[{
				"sender":	{
					"socket":	77,
					"start":	0,
					"end":	10.000469,
					"seconds":	10.000469,
					"bytes":	170531872,
					"bits_per_second":	136419099.962403,
					"retransmits":	0,
					"max_snd_cwnd":	17520,
					"max_rtt":	10183,
					"min_rtt":	357,
					"mean_rtt":	2550
				},
				"receiver":	{
					"socket":	77,
					"start":	0,
					"end":	10.000469,
					"seconds":	10.000469,
					"bytes":	170197532,
					"bits_per_second":	136151640.505432
				}
			}],
		"sum_sent":	{
			"start":	0,
			"end":	10.000469,
			"seconds":	10.000469,
			"bytes":	170531872,
			"bits_per_second":	136419099.962403,
			"retransmits":	0
		},
		"sum_received":	{
			"start":	0,
			"end":	10.000469,
			"seconds":	10.000469,
			"bytes":	170197532,
			"bits_per_second":	136151640.505432
		},
		"cpu_utilization_percent":	{
			"host_total":	157.655136,
			"host_user":	110.680299,
			"host_system":	46.949224,
			"remote_total":	0.001273,
			"remote_user":	0.000132,
			"remote_system":	0.001142
		}
	}
}
