{
	"end": {
		"sum_sent": {
			"start": 0,
			"end": 10.039644000000001,
			"seconds": 10.039644000000001,
			"bytes": 94992779.1111111,
			"bits_per_second": 75801706.85042155,
			"retransmits": 0
		},
		"sum_received": {
			"start": 0,
			"end": 10.039644000000001,
			"seconds": 10.039644000000001,
			"bytes": 94708890.22222222,
			"bits_per_second": 75575381.54420955
		},
		"cpu_utilization_percent": {
			"host_total": 163.439313,
			"host_user": 104.33709477777778,
			"host_system": 59.08902488888889,
			"host_user_normalized": 63.88930684337214,
			"host_system_normalized": 36.10246979195725,
			"remote_total": 0.7945726666666667,
			"remote_user": 0.08633355555555555,
			"remote_system": 0.7082391111111112,
			"remote_user_normalized": 10.798574026530053,
			"remote_system_normalized": 89.2014301344219
		}
	}
}
