{
	"start":	{
		"connected":	[{
				"socket":	438,
				"local_host":	"10.0.2.15",
				"local_port":	58947,
				"remote_host":	"192.168.1.4",
				"remote_port":	5201
			}],
		"version":	"iperf 3.1.3",
		"system_info":	"Linux localhost 3.18.48+ #1 SMP PREEMPT Wed Apr 19 00:58:20 UTC 2017 i686",
		"timestamp":	{
			"time":	"Thu, 07 Dec 2017 03:49:34 GMT",
			"timesecs":	1512618574
		},
		"connecting_to":	{
			"host":	"192.168.1.4",
			"port":	5201
		},
		"cookie":	"localhost.1512618574.888832.1b26f59c",
		"tcp_mss_default":	1460,
		"test_start":	{
			"protocol":	"TCP",
			"num_streams":	1,
			"blksize":	131072,
			"omit":	0,
			"duration":	10,
			"bytes":	0,
			"blocks":	0,
			"reverse":	0
		}
	},
	"intervals":	[{
			"streams":	[{
					"socket":	438,
					"start":	0,
					"end":	1.000760,
					"seconds":	1.000760,
					"bytes":	17271800,
					"bits_per_second":	138069456.384336,
					"retransmits":	0,
					"snd_cwnd":	17520,
					"rtt":	278,
					"omitted":	false
				}],
			"sum":	{
				"start":	0,
				"end":	1.000760,
				"seconds":	1.000760,
				"bytes":	17271800,
				"bits_per_second":	138069456.384336,
				"retransmits":	0,
				"omitted":	false
			}
		}, {
			"streams":	[{
					"socket":	438,
					"start":	1.000760,
					"end":	2.007316,
					"seconds":	1.006556,
					"bytes":	17779880,
					"bits_per_second":	141312589.843901,
					"retransmits":	0,
					"snd_cwnd":	17520,
					"rtt":	9975,
					"omitted":	false
				}],
			"sum":	{
				"start":	1.000760,
				"end":	2.007316,
				"seconds":	1.006556,
				"bytes":	17779880,
				"bits_per_second":	141312589.843901,
				"retransmits":	0,
				"omitted":	false
			}
		}, {
			"streams":	[{
					"socket":	438,
					"start":	2.007316,
					"end":	3.000857,
					"seconds":	0.993541,
					"bytes":	18433632,
					"bits_per_second":	148427750.503040,
					"retransmits":	0,
					"snd_cwnd":	17520,
					"rtt":	272,
					"omitted":	false
				}],
			"sum":	{
				"start":	2.007316,
				"end":	3.000857,
				"seconds":	0.993541,
				"bytes":	18433632,
				"bits_per_second":	148427750.503040,
				"retransmits":	0,
				"omitted":	false
			}
		}, {
			"streams":	[{
					"socket":	438,
					"start":	3.000857,
					"end":	4.000515,
					"seconds":	0.999658,
					"bytes":	19377120,
					"bits_per_second":	155070014.206463,
					"retransmits":	0,
					"snd_cwnd":	17520,
					"rtt":	525,
					"omitted":	false
				}],
			"sum":	{
				"start":	3.000857,
				"end":	4.000515,
				"seconds":	0.999658,
				"bytes":	19377120,
				"bits_per_second":	155070014.206463,
				"retransmits":	0,
				"omitted":	false
			}
		}, {
			"streams":	[{
					"socket":	438,
					"start":	4.000515,
					"end":	5.000385,
					"seconds":	0.999870,
					"bytes":	19837020,
					"bits_per_second":	158716783.361333,
					"retransmits":	0,
					"snd_cwnd":	17520,
					"rtt":	206,
					"omitted":	false
				}],
			"sum":	{
				"start":	4.000515,
				"end":	5.000385,
				"seconds":	0.999870,
				"bytes":	19837020,
				"bits_per_second":	158716783.361333,
				"retransmits":	0,
				"omitted":	false
			}
		}, {
			"streams":	[{
					"socket":	438,
					"start":	5.000385,
					"end":	6.006504,
					"seconds":	1.006119,
					"bytes":	18125572,
					"bits_per_second":	144122687.426165,
					"retransmits":	0,
					"snd_cwnd":	17520,
					"rtt":	8946,
					"omitted":	false
				}],
			"sum":	{
				"start":	5.000385,
				"end":	6.006504,
				"seconds":	1.006119,
				"bytes":	18125572,
				"bits_per_second":	144122687.426165,
				"retransmits":	0,
				"omitted":	false
			}
		}, {
			"streams":	[{
					"socket":	438,
					"start":	6.006504,
					"end":	7.005147,
					"seconds":	0.998643,
					"bytes":	20155300,
					"bits_per_second":	161461515.960323,
					"retransmits":	0,
					"snd_cwnd":	17520,
					"rtt":	9908,
					"omitted":	false
				}],
			"sum":	{
				"start":	6.006504,
				"end":	7.005147,
				"seconds":	0.998643,
				"bytes":	20155300,
				"bits_per_second":	161461515.960323,
				"retransmits":	0,
				"omitted":	false
			}
		}, {
			"streams":	[{
					"socket":	438,
					"start":	7.005147,
					"end":	8.000447,
					"seconds":	0.995300,
					"bytes":	17720020,
					"bits_per_second":	142429571.215154,
					"retransmits":	0,
					"snd_cwnd":	17520,
					"rtt":	216,
					"omitted":	false
				}],
			"sum":	{
				"start":	7.005147,
				"end":	8.000447,
				"seconds":	0.995300,
				"bytes":	17720020,
				"bits_per_second":	142429571.215154,
				"retransmits":	0,
				"omitted":	false
			}
		}, {
			"streams":	[{
					"socket":	438,
					"start":	8.000447,
					"end":	9.014630,
					"seconds":	1.014183,
					"bytes":	20447300,
					"bits_per_second":	161290805.341117,
					"retransmits":	0,
					"snd_cwnd":	17520,
					"rtt":	140,
					"omitted":	false
				}],
			"sum":	{
				"start":	8.000447,
				"end":	9.014630,
				"seconds":	1.014183,
				"bytes":	20447300,
				"bits_per_second":	161290805.341117,
				"retransmits":	0,
				"omitted":	false
			}
		}, {
			"streams":	[{
					"socket":	438,
					"start":	9.014630,
					"end":	10.003044,
					"seconds":	0.988414,
					"bytes":	20035580,
					"bits_per_second":	162163457.852580,
					"retransmits":	0,
					"snd_cwnd":	17520,
					"rtt":	334,
					"omitted":	false
				}],
			"sum":	{
				"start":	9.014630,
				"end":	10.003044,
				"seconds":	0.988414,
				"bytes":	20035580,
				"bits_per_second":	162163457.852580,
				"retransmits":	0,
				"omitted":	false
			}
		}],
	"end":	{
		"streams":	[{
				"sender":	{
					"socket":	438,
					"start":	0,
					"end":	10.003044,
					"seconds":	10.003044,
					"bytes":	189183224,
					"bits_per_second":	151300521.378322,
					"retransmits":	0,
					"max_snd_cwnd":	17520,
					"max_rtt":	9975,
					"min_rtt":	140,
					"mean_rtt":	3080
				},
				"receiver":	{
					"socket":	438,
					"start":	0,
					"end":	10.003044,
					"seconds":	10.003044,
					"bytes":	188897064,
					"bits_per_second":	151071663.045737
				}
			}],
		"sum_sent":	{
			"start":	0,
			"end":	10.003044,
			"seconds":	10.003044,
			"bytes":	189183224,
			"bits_per_second":	151300521.378322,
			"retransmits":	0
		},
		"sum_received":	{
			"start":	0,
			"end":	10.003044,
			"seconds":	10.003044,
			"bytes":	188897064,
			"bits_per_second":	151071663.045737
		},
		"cpu_utilization_percent":	{
			"host_total":	181.450344,
			"host_user":	98.305108,
			"host_system":	83.165922,
			"remote_total":	0.102768,
			"remote_user":	0.010754,
			"remote_system":	0.092014
		}
	}
}
