{
	"end": {
		"sum_sent": {
			"start": 0,
			"end": 10.005736333333333,
			"seconds": 10.005736333333333,
			"bytes": 120658293.33333333,
			"bits_per_second": 96472917.467779,
			"retransmits": 0
		},
		"sum_received": {
			"start": 0,
			"end": 10.005736333333333,
			"seconds": 10.005736333333333,
			"bytes": 120321520,
			"bits_per_second": 96203652.12237966
		},
		"cpu_utilization_percent": {
			"host_total": 163.163022,
			"host_user": 106.97808466666667,
			"host_system": 56.16362433333333,
			"host_user_normalized": 65.54556795199777,
			"host_system_normalized": 34.44080001197431,
			"remote_total": 0.5932216666666666,
			"remote_user": 0.05654,
			"remote_system": 0.536681,
			"remote_user_normalized": 9.523034975662364,
			"remote_system_normalized": 90.47688101903326
		}
	}
}
