{
	"start":	{
		"connected":	[{
				"socket":	556,
				"local_host":	"10.0.2.15",
				"local_port":	40479,
				"remote_host":	"128.61.8.181",
				"remote_port":	5201
			}],
		"version":	"iperf 3.1.3",
		"system_info":	"Linux localhost 3.18.48+ #1 SMP PREEMPT Wed Apr 19 00:58:20 UTC 2017 i686",
		"timestamp":	{
			"time":	"Fri, 08 Dec 2017 22:11:37 GMT",
			"timesecs":	1512771097
		},
		"connecting_to":	{
			"host":	"128.61.8.181",
			"port":	5201
		},
		"cookie":	"localhost.1512771097.909372.5a120665",
		"tcp_mss_default":	1460,
		"test_start":	{
			"protocol":	"TCP",
			"num_streams":	1,
			"blksize":	131072,
			"omit":	0,
			"duration":	10,
			"bytes":	0,
			"blocks":	0,
			"reverse":	0
		}
	},
	"intervals":	[{
			"streams":	[{
					"socket":	556,
					"start":	0,
					"end":	1.004712,
					"seconds":	1.004712,
					"bytes":	12312180,
					"bits_per_second":	98035509.777552,
					"retransmits":	0,
					"snd_cwnd":	17520,
					"rtt":	2114,
					"omitted":	false
				}],
			"sum":	{
				"start":	0,
				"end":	1.004712,
				"seconds":	1.004712,
				"bytes":	12312180,
				"bits_per_second":	98035509.777552,
				"retransmits":	0,
				"omitted":	false
			}
		}, {
			"streams":	[{
					"socket":	556,
					"start":	1.004712,
					"end":	2.017158,
					"seconds":	1.012446,
					"bytes":	15116840,
					"bits_per_second":	119448049.852474,
					"retransmits":	0,
					"snd_cwnd":	17520,
					"rtt":	1481,
					"omitted":	false
				}],
			"sum":	{
				"start":	1.004712,
				"end":	2.017158,
				"seconds":	1.012446,
				"bytes":	15116840,
				"bits_per_second":	119448049.852474,
				"retransmits":	0,
				"omitted":	false
			}
		}, {
			"streams":	[{
					"socket":	556,
					"start":	2.017158,
					"end":	3.000732,
					"seconds":	0.983574,
					"bytes":	14096300,
					"bits_per_second":	114653711.778714,
					"retransmits":	0,
					"snd_cwnd":	17520,
					"rtt":	526,
					"omitted":	false
				}],
			"sum":	{
				"start":	2.017158,
				"end":	3.000732,
				"seconds":	0.983574,
				"bytes":	14096300,
				"bits_per_second":	114653711.778714,
				"retransmits":	0,
				"omitted":	false
			}
		}, {
			"streams":	[{
					"socket":	556,
					"start":	3.000732,
					"end":	4.004137,
					"seconds":	1.003405,
					"bytes":	13872920,
					"bits_per_second":	110606733.658630,
					"retransmits":	0,
					"snd_cwnd":	17520,
					"rtt":	485,
					"omitted":	false
				}],
			"sum":	{
				"start":	3.000732,
				"end":	4.004137,
				"seconds":	1.003405,
				"bytes":	13872920,
				"bits_per_second":	110606733.658630,
				"retransmits":	0,
				"omitted":	false
			}
		}, {
			"streams":	[{
					"socket":	556,
					"start":	4.004137,
					"end":	5.016689,
					"seconds":	1.012552,
					"bytes":	14449620,
					"bits_per_second":	114163998.096479,
					"retransmits":	0,
					"snd_cwnd":	17520,
					"rtt":	11303,
					"omitted":	false
				}],
			"sum":	{
				"start":	4.004137,
				"end":	5.016689,
				"seconds":	1.012552,
				"bytes":	14449620,
				"bits_per_second":	114163998.096479,
				"retransmits":	0,
				"omitted":	false
			}
		}, {
			"streams":	[{
					"socket":	556,
					"start":	5.016689,
					"end":	6.000608,
					"seconds":	0.983919,
					"bytes":	15216120,
					"bits_per_second":	123718458.759850,
					"retransmits":	0,
					"snd_cwnd":	17520,
					"rtt":	607,
					"omitted":	false
				}],
			"sum":	{
				"start":	5.016689,
				"end":	6.000608,
				"seconds":	0.983919,
				"bytes":	15216120,
				"bits_per_second":	123718458.759850,
				"retransmits":	0,
				"omitted":	false
			}
		}, {
			"streams":	[{
					"socket":	556,
					"start":	6.000608,
					"end":	7.000582,
					"seconds":	0.999974,
					"bytes":	15773840,
					"bits_per_second":	126193999.482351,
					"retransmits":	0,
					"snd_cwnd":	17520,
					"rtt":	482,
					"omitted":	false
				}],
			"sum":	{
				"start":	6.000608,
				"end":	7.000582,
				"seconds":	0.999974,
				"bytes":	15773840,
				"bits_per_second":	126193999.482351,
				"retransmits":	0,
				"omitted":	false
			}
		}, {
			"streams":	[{
					"socket":	556,
					"start":	7.000582,
					"end":	8.005907,
					"seconds":	1.005325,
					"bytes":	16049780,
					"bits_per_second":	127718161.157055,
					"retransmits":	0,
					"snd_cwnd":	17520,
					"rtt":	269,
					"omitted":	false
				}],
			"sum":	{
				"start":	7.000582,
				"end":	8.005907,
				"seconds":	1.005325,
				"bytes":	16049780,
				"bits_per_second":	127718161.157055,
				"retransmits":	0,
				"omitted":	false
			}
		}, {
			"streams":	[{
					"socket":	556,
					"start":	8.005907,
					"end":	9.000775,
					"seconds":	0.994868,
					"bytes":	16115480,
					"bits_per_second":	129588884.963081,
					"retransmits":	0,
					"snd_cwnd":	17520,
					"rtt":	650,
					"omitted":	false
				}],
			"sum":	{
				"start":	8.005907,
				"end":	9.000775,
				"seconds":	0.994868,
				"bytes":	16115480,
				"bits_per_second":	129588884.963081,
				"retransmits":	0,
				"omitted":	false
			}
		}, {
			"streams":	[{
					"socket":	556,
					"start":	9.000775,
					"end":	10.000720,
					"seconds":	0.999945,
					"bytes":	17423640,
					"bits_per_second":	139396763.999033,
					"retransmits":	0,
					"snd_cwnd":	17520,
					"rtt":	746,
					"omitted":	false
				}],
			"sum":	{
				"start":	9.000775,
				"end":	10.000720,
				"seconds":	0.999945,
				"bytes":	17423640,
				"bits_per_second":	139396763.999033,
				"retransmits":	0,
				"omitted":	false
			}
		}],
	"end":	{
		"streams":	[{
				"sender":	{
					"socket":	556,
					"start":	0,
					"end":	10.000720,
					"seconds":	10.000720,
					"bytes":	150426720,
					"bits_per_second":	120332711.754645,
					"retransmits":	0,
					"max_snd_cwnd":	17520,
					"max_rtt":	11303,
					"min_rtt":	269,
					"mean_rtt":	1866
				},
				"receiver":	{
					"socket":	556,
					"start":	0,
					"end":	10.000720,
					"seconds":	10.000720,
					"bytes":	150101140,
					"bits_per_second":	120072266.507331
				}
			}],
		"sum_sent":	{
			"start":	0,
			"end":	10.000720,
			"seconds":	10.000720,
			"bytes":	150426720,
			"bits_per_second":	120332711.754645,
			"retransmits":	0
		},
		"sum_received":	{
			"start":	0,
			"end":	10.000720,
			"seconds":	10.000720,
			"bytes":	150101140,
			"bits_per_second":	120072266.507331
		},
		"cpu_utilization_percent":	{
			"host_total":	163.912687,
			"host_user":	87.506503,
			"host_system":	76.443608,
			"remote_total":	0.749867,
			"remote_user":	0.077233,
			"remote_system":	0.672634
		}
	}
}
