{
	"start":	{
		"connected":	[{
				"socket":	161,
				"local_host":	"10.0.2.15",
				"local_port":	54124,
				"remote_host":	"128.61.92.187",
				"remote_port":	5201
			}],
		"version":	"iperf 3.1.3",
		"system_info":	"Linux localhost 3.18.56+ #1 SMP PREEMPT Fri Aug 25 10:56:18 PDT 2017 i686",
		"timestamp":	{
			"time":	"Thu, 07 Dec 2017 02:13:44 GMT",
			"timesecs":	1512612824
		},
		"connecting_to":	{
			"host":	"128.61.92.187",
			"port":	5201
		},
		"cookie":	"localhost.1512612824.431444.4cdb846d",
		"tcp_mss_default":	1460,
		"test_start":	{
			"protocol":	"TCP",
			"num_streams":	1,
			"blksize":	131072,
			"omit":	0,
			"duration":	10,
			"bytes":	0,
			"blocks":	0,
			"reverse":	0
		}
	},
	"intervals":	[{
			"streams":	[{
					"socket":	161,
					"start":	0,
					"end":	1.037366,
					"seconds":	1.037366,
					"bytes":	9146380,
					"bits_per_second":	70535403.408288,
					"retransmits":	0,
					"snd_cwnd":	17520,
					"rtt":	620,
					"omitted":	false
				}],
			"sum":	{
				"start":	0,
				"end":	1.037366,
				"seconds":	1.037366,
				"bytes":	9146380,
				"bits_per_second":	70535403.408288,
				"retransmits":	0,
				"omitted":	false
			}
		}, {
			"streams":	[{
					"socket":	161,
					"start":	1.037366,
					"end":	2.063116,
					"seconds":	1.025750,
					"bytes":	12287432,
					"bits_per_second":	95831794.778621,
					"retransmits":	0,
					"snd_cwnd":	17520,
					"rtt":	391,
					"omitted":	false
				}],
			"sum":	{
				"start":	1.037366,
				"end":	2.063116,
				"seconds":	1.025750,
				"bytes":	12287432,
				"bits_per_second":	95831794.778621,
				"retransmits":	0,
				"omitted":	false
			}
		}, {
			"streams":	[{
					"socket":	161,
					"start":	2.063116,
					"end":	3.049550,
					"seconds":	0.986434,
					"bytes":	10435052,
					"bits_per_second":	84628487.513055,
					"retransmits":	0,
					"snd_cwnd":	17520,
					"rtt":	1886,
					"omitted":	false
				}],
			"sum":	{
				"start":	2.063116,
				"end":	3.049550,
				"seconds":	0.986434,
				"bytes":	10435052,
				"bits_per_second":	84628487.513055,
				"retransmits":	0,
				"omitted":	false
			}
		}, {
			"streams":	[{
					"socket":	161,
					"start":	3.049550,
					"end":	4.074408,
					"seconds":	1.024858,
					"bytes":	10618980,
					"bits_per_second":	82891327.554203,
					"retransmits":	0,
					"snd_cwnd":	17520,
					"rtt":	510,
					"omitted":	false
				}],
			"sum":	{
				"start":	3.049550,
				"end":	4.074408,
				"seconds":	1.024858,
				"bytes":	10618980,
				"bits_per_second":	82891327.554203,
				"retransmits":	0,
				"omitted":	false
			}
		}, {
			"streams":	[{
					"socket":	161,
					"start":	4.074408,
					"end":	5.100871,
					"seconds":	1.026463,
					"bytes":	13765788,
					"bits_per_second":	107287160.464250,
					"retransmits":	0,
					"snd_cwnd":	17520,
					"rtt":	554,
					"omitted":	false
				}],
			"sum":	{
				"start":	4.074408,
				"end":	5.100871,
				"seconds":	1.026463,
				"bytes":	13765788,
				"bits_per_second":	107287160.464250,
				"retransmits":	0,
				"omitted":	false
			}
		}, {
			"streams":	[{
					"socket":	161,
					"start":	5.100871,
					"end":	6.000776,
					"seconds":	0.899905,
					"bytes":	11340336,
					"bits_per_second":	100813631.874407,
					"retransmits":	0,
					"snd_cwnd":	17520,
					"rtt":	804,
					"omitted":	false
				}],
			"sum":	{
				"start":	5.100871,
				"end":	6.000776,
				"seconds":	0.899905,
				"bytes":	11340336,
				"bits_per_second":	100813631.874407,
				"retransmits":	0,
				"omitted":	false
			}
		}, {
			"streams":	[{
					"socket":	161,
					"start":	6.000776,
					"end":	7.024182,
					"seconds":	1.023406,
					"bytes":	11541944,
					"bits_per_second":	90223771.803455,
					"retransmits":	0,
					"snd_cwnd":	17520,
					"rtt":	469,
					"omitted":	false
				}],
			"sum":	{
				"start":	6.000776,
				"end":	7.024182,
				"seconds":	1.023406,
				"bytes":	11541944,
				"bits_per_second":	90223771.803455,
				"retransmits":	0,
				"omitted":	false
			}
		}, {
			"streams":	[{
					"socket":	161,
					"start":	7.024182,
					"end":	8.077245,
					"seconds":	1.053063,
					"bytes":	13112036,
					"bits_per_second":	99610656.140248,
					"retransmits":	0,
					"snd_cwnd":	17520,
					"rtt":	1519,
					"omitted":	false
				}],
			"sum":	{
				"start":	7.024182,
				"end":	8.077245,
				"seconds":	1.053063,
				"bytes":	13112036,
				"bits_per_second":	99610656.140248,
				"retransmits":	0,
				"omitted":	false
			}
		}, {
			"streams":	[{
					"socket":	161,
					"start":	8.077245,
					"end":	9.037844,
					"seconds":	0.960599,
					"bytes":	10749396,
					"bits_per_second":	89522446.794592,
					"retransmits":	0,
					"snd_cwnd":	17520,
					"rtt":	689,
					"omitted":	false
				}],
			"sum":	{
				"start":	8.077245,
				"end":	9.037844,
				"seconds":	0.960599,
				"bytes":	10749396,
				"bits_per_second":	89522446.794592,
				"retransmits":	0,
				"omitted":	false
			}
		}, {
			"streams":	[{
					"socket":	161,
					"start":	9.037844,
					"end":	10.047613,
					"seconds":	1.009769,
					"bytes":	12500688,
					"bits_per_second":	99037982.019417,
					"retransmits":	0,
					"snd_cwnd":	17520,
					"rtt":	544,
					"omitted":	false
				}],
			"sum":	{
				"start":	9.037844,
				"end":	10.047613,
				"seconds":	1.009769,
				"bytes":	12500688,
				"bits_per_second":	99037982.019417,
				"retransmits":	0,
				"omitted":	false
			}
		}],
	"end":	{
		"streams":	[{
				"sender":	{
					"socket":	161,
					"start":	0,
					"end":	10.047613,
					"seconds":	10.047613,
					"bytes":	115498032,
					"bits_per_second":	91960572.403112,
					"retransmits":	0,
					"max_snd_cwnd":	17520,
					"max_rtt":	1886,
					"min_rtt":	391,
					"mean_rtt":	798
				},
				"receiver":	{
					"socket":	161,
					"start":	0,
					"end":	10.047613,
					"seconds":	10.047613,
					"bytes":	115429740,
					"bits_per_second":	91906197.698177
				}
			}],
		"sum_sent":	{
			"start":	0,
			"end":	10.047613,
			"seconds":	10.047613,
			"bytes":	115498032,
			"bits_per_second":	91960572.403112,
			"retransmits":	0
		},
		"sum_received":	{
			"start":	0,
			"end":	10.047613,
			"seconds":	10.047613,
			"bytes":	115429740,
			"bits_per_second":	91906197.698177
		},
		"cpu_utilization_percent":	{
			"host_total":	122.116959,
			"host_user":	46.631763,
			"host_system":	75.503769,
			"remote_total":	0.094166,
			"remote_user":	0.033628,
			"remote_system":	0.060538
		}
	}
}
