{
	"start":	{
		"connected":	[{
				"socket":	672,
				"local_host":	"10.0.2.15",
				"local_port":	58969,
				"remote_host":	"192.168.1.4",
				"remote_port":	5201
			}],
		"version":	"iperf 3.1.3",
		"system_info":	"Linux localhost 3.18.48+ #1 SMP PREEMPT Wed Apr 19 00:58:20 UTC 2017 i686",
		"timestamp":	{
			"time":	"Thu, 07 Dec 2017 04:02:44 GMT",
			"timesecs":	1512619364
		},
		"connecting_to":	{
			"host":	"192.168.1.4",
			"port":	5201
		},
		"cookie":	"localhost.1512619364.241946.505f9750",
		"tcp_mss_default":	1460,
		"test_start":	{
			"protocol":	"TCP",
			"num_streams":	1,
			"blksize":	131072,
			"omit":	0,
			"duration":	10,
			"bytes":	0,
			"blocks":	0,
			"reverse":	0
		}
	},
	"intervals":	[{
			"streams":	[{
					"socket":	672,
					"start":	0,
					"end":	1.012223,
					"seconds":	1.012223,
					"bytes":	20149132,
					"bits_per_second":	159246584.158650,
					"retransmits":	0,
					"snd_cwnd":	17520,
					"rtt":	297,
					"omitted":	false
				}],
			"sum":	{
				"start":	0,
				"end":	1.012223,
				"seconds":	1.012223,
				"bytes":	20149132,
				"bits_per_second":	159246584.158650,
				"retransmits":	0,
				"omitted":	false
			}
		}, {
			"streams":	[{
					"socket":	672,
					"start":	1.012223,
					"end":	2.001595,
					"seconds":	0.989372,
					"bytes":	17017760,
					"bits_per_second":	137604538.976256,
					"retransmits":	0,
					"snd_cwnd":	17520,
					"rtt":	496,
					"omitted":	false
				}],
			"sum":	{
				"start":	1.012223,
				"end":	2.001595,
				"seconds":	0.989372,
				"bytes":	17017760,
				"bits_per_second":	137604538.976256,
				"retransmits":	0,
				"omitted":	false
			}
		}, {
			"streams":	[{
					"socket":	672,
					"start":	2.001595,
					"end":	3.009874,
					"seconds":	1.008279,
					"bytes":	18141632,
					"bits_per_second":	143941353.278264,
					"retransmits":	0,
					"snd_cwnd":	17520,
					"rtt":	11466,
					"omitted":	false
				}],
			"sum":	{
				"start":	2.001595,
				"end":	3.009874,
				"seconds":	1.008279,
				"bytes":	18141632,
				"bits_per_second":	143941353.278264,
				"retransmits":	0,
				"omitted":	false
			}
		}, {
			"streams":	[{
					"socket":	672,
					"start":	3.009874,
					"end":	4.000285,
					"seconds":	0.990411,
					"bytes":	19534800,
					"bits_per_second":	157791455.454956,
					"retransmits":	0,
					"snd_cwnd":	17520,
					"rtt":	217,
					"omitted":	false
				}],
			"sum":	{
				"start":	3.009874,
				"end":	4.000285,
				"seconds":	0.990411,
				"bytes":	19534800,
				"bits_per_second":	157791455.454956,
				"retransmits":	0,
				"omitted":	false
			}
		}, {
			"streams":	[{
					"socket":	672,
					"start":	4.000285,
					"end":	5.000848,
					"seconds":	1.000563,
					"bytes":	18930836,
					"bits_per_second":	151361485.671397,
					"retransmits":	0,
					"snd_cwnd":	17520,
					"rtt":	434,
					"omitted":	false
				}],
			"sum":	{
				"start":	4.000285,
				"end":	5.000848,
				"seconds":	1.000563,
				"bytes":	18930836,
				"bits_per_second":	151361485.671397,
				"retransmits":	0,
				"omitted":	false
			}
		}, {
			"streams":	[{
					"socket":	672,
					"start":	5.000848,
					"end":	6.011653,
					"seconds":	1.010805,
					"bytes":	29303660,
					"bits_per_second":	231923318.393593,
					"retransmits":	0,
					"snd_cwnd":	17520,
					"rtt":	1013,
					"omitted":	false
				}],
			"sum":	{
				"start":	5.000848,
				"end":	6.011653,
				"seconds":	1.010805,
				"bytes":	29303660,
				"bits_per_second":	231923318.393593,
				"retransmits":	0,
				"omitted":	false
			}
		}, {
			"streams":	[{
					"socket":	672,
					"start":	6.011653,
					"end":	7.000422,
					"seconds":	0.988769,
					"bytes":	21261980,
					"bits_per_second":	172027917.192108,
					"retransmits":	0,
					"snd_cwnd":	17520,
					"rtt":	165,
					"omitted":	false
				}],
			"sum":	{
				"start":	6.011653,
				"end":	7.000422,
				"seconds":	0.988769,
				"bytes":	21261980,
				"bits_per_second":	172027917.192108,
				"retransmits":	0,
				"omitted":	false
			}
		}, {
			"streams":	[{
					"socket":	672,
					"start":	7.000422,
					"end":	8.000162,
					"seconds":	0.999740,
					"bytes":	28106132,
					"bits_per_second":	224907504.119042,
					"retransmits":	0,
					"snd_cwnd":	17520,
					"rtt":	191,
					"omitted":	false
				}],
			"sum":	{
				"start":	7.000422,
				"end":	8.000162,
				"seconds":	0.999740,
				"bytes":	28106132,
				"bits_per_second":	224907504.119042,
				"retransmits":	0,
				"omitted":	false
			}
		}, {
			"streams":	[{
					"socket":	672,
					"start":	8.000162,
					"end":	9.002391,
					"seconds":	1.002229,
					"bytes":	26223060,
					"bits_per_second":	209317915.537253,
					"retransmits":	0,
					"snd_cwnd":	17520,
					"rtt":	469,
					"omitted":	false
				}],
			"sum":	{
				"start":	8.000162,
				"end":	9.002391,
				"seconds":	1.002229,
				"bytes":	26223060,
				"bits_per_second":	209317915.537253,
				"retransmits":	0,
				"omitted":	false
			}
		}, {
			"streams":	[{
					"socket":	672,
					"start":	9.002391,
					"end":	10.014580,
					"seconds":	1.012189,
					"bytes":	22462100,
					"bits_per_second":	177532867.599498,
					"retransmits":	0,
					"snd_cwnd":	17520,
					"rtt":	631,
					"omitted":	false
				}],
			"sum":	{
				"start":	9.002391,
				"end":	10.014580,
				"seconds":	1.012189,
				"bytes":	22462100,
				"bits_per_second":	177532867.599498,
				"retransmits":	0,
				"omitted":	false
			}
		}],
	"end":	{
		"streams":	[{
				"sender":	{
					"socket":	672,
					"start":	0,
					"end":	10.014580,
					"seconds":	10.014580,
					"bytes":	221131092,
					"bits_per_second":	176647321.604292,
					"retransmits":	0,
					"max_snd_cwnd":	17520,
					"max_rtt":	11466,
					"min_rtt":	165,
					"mean_rtt":	1537
				},
				"receiver":	{
					"socket":	672,
					"start":	0,
					"end":	10.014580,
					"seconds":	10.014580,
					"bytes":	220805512,
					"bits_per_second":	176387236.808220
				}
			}],
		"sum_sent":	{
			"start":	0,
			"end":	10.014580,
			"seconds":	10.014580,
			"bytes":	221131092,
			"bits_per_second":	176647321.604292,
			"retransmits":	0
		},
		"sum_received":	{
			"start":	0,
			"end":	10.014580,
			"seconds":	10.014580,
			"bytes":	220805512,
			"bits_per_second":	176387236.808220
		},
		"cpu_utilization_percent":	{
			"host_total":	180.034582,
			"host_user":	87.593557,
			"host_system":	92.470926,
			"remote_total":	3.649067,
			"remote_user":	0.374038,
			"remote_system":	3.275028
		}
	}
}
