{
	"start":	{
		"connected":	[{
				"socket":	203,
				"local_host":	"10.0.2.15",
				"local_port":	49944,
				"remote_host":	"128.61.92.187",
				"remote_port":	5201
			}],
		"version":	"iperf 3.1.3",
		"system_info":	"Linux localhost 3.18.56+ #1 SMP PREEMPT Fri Oct 13 14:54:31 PDT 2017 i686",
		"timestamp":	{
			"time":	"Thu, 07 Dec 2017 06:33:24 GMT",
			"timesecs":	1512628404
		},
		"connecting_to":	{
			"host":	"128.61.92.187",
			"port":	5201
		},
		"cookie":	"localhost.1512628404.985039.6f7c2197",
		"tcp_mss_default":	1460,
		"test_start":	{
			"protocol":	"TCP",
			"num_streams":	1,
			"blksize":	131072,
			"omit":	0,
			"duration":	10,
			"bytes":	0,
			"blocks":	0,
			"reverse":	0
		}
	},
	"intervals":	[{
			"streams":	[{
					"socket":	203,
					"start":	0,
					"end":	1.086541,
					"seconds":	1.086541,
					"bytes":	12637092,
					"bits_per_second":	93044571.555408,
					"retransmits":	0,
					"snd_cwnd":	17520,
					"rtt":	429,
					"omitted":	false
				}],
			"sum":	{
				"start":	0,
				"end":	1.086541,
				"seconds":	1.086541,
				"bytes":	12637092,
				"bits_per_second":	93044571.555408,
				"retransmits":	0,
				"omitted":	false
			}
		}, {
			"streams":	[{
					"socket":	203,
					"start":	1.086541,
					"end":	2.021706,
					"seconds":	0.935165,
					"bytes":	11759240,
					"bits_per_second":	100596047.986249,
					"retransmits":	0,
					"snd_cwnd":	17520,
					"rtt":	488,
					"omitted":	false
				}],
			"sum":	{
				"start":	1.086541,
				"end":	2.021706,
				"seconds":	0.935165,
				"bytes":	11759240,
				"bits_per_second":	100596047.986249,
				"retransmits":	0,
				"omitted":	false
			}
		}, {
			"streams":	[{
					"socket":	203,
					"start":	2.021706,
					"end":	3.056002,
					"seconds":	1.034296,
					"bytes":	13107200,
					"bits_per_second":	101380669.116958,
					"retransmits":	0,
					"snd_cwnd":	17520,
					"rtt":	457,
					"omitted":	false
				}],
			"sum":	{
				"start":	2.021706,
				"end":	3.056002,
				"seconds":	1.034296,
				"bytes":	13107200,
				"bits_per_second":	101380669.116958,
				"retransmits":	0,
				"omitted":	false
			}
		}, {
			"streams":	[{
					"socket":	203,
					"start":	3.056002,
					"end":	4.014185,
					"seconds":	0.958183,
					"bytes":	13227524,
					"bits_per_second":	110438388.555101,
					"retransmits":	0,
					"snd_cwnd":	20440,
					"rtt":	504,
					"omitted":	false
				}],
			"sum":	{
				"start":	3.056002,
				"end":	4.014185,
				"seconds":	0.958183,
				"bytes":	13227524,
				"bits_per_second":	110438388.555101,
				"retransmits":	0,
				"omitted":	false
			}
		}, {
			"streams":	[{
					"socket":	203,
					"start":	4.014185,
					"end":	5.050438,
					"seconds":	1.036253,
					"bytes":	14688816,
					"bits_per_second":	113399460.153442,
					"retransmits":	0,
					"snd_cwnd":	20440,
					"rtt":	609,
					"omitted":	false
				}],
			"sum":	{
				"start":	4.014185,
				"end":	5.050438,
				"seconds":	1.036253,
				"bytes":	14688816,
				"bits_per_second":	113399460.153442,
				"retransmits":	0,
				"omitted":	false
			}
		}, {
			"streams":	[{
					"socket":	203,
					"start":	5.050438,
					"end":	6.000753,
					"seconds":	0.950315,
					"bytes":	11232984,
					"bits_per_second":	94562194.777375,
					"retransmits":	0,
					"snd_cwnd":	20440,
					"rtt":	445,
					"omitted":	false
				}],
			"sum":	{
				"start":	5.050438,
				"end":	6.000753,
				"seconds":	0.950315,
				"bytes":	11232984,
				"bits_per_second":	94562194.777375,
				"retransmits":	0,
				"omitted":	false
			}
		}, {
			"streams":	[{
					"socket":	203,
					"start":	6.000753,
					"end":	7.081831,
					"seconds":	1.081078,
					"bytes":	14561360,
					"bits_per_second":	107754365.865053,
					"retransmits":	0,
					"snd_cwnd":	20440,
					"rtt":	466,
					"omitted":	false
				}],
			"sum":	{
				"start":	6.000753,
				"end":	7.081831,
				"seconds":	1.081078,
				"bytes":	14561360,
				"bits_per_second":	107754365.865053,
				"retransmits":	0,
				"omitted":	false
			}
		}, {
			"streams":	[{
					"socket":	203,
					"start":	7.081831,
					"end":	8.077827,
					"seconds":	0.995996,
					"bytes":	13283808,
					"bits_per_second":	106697681.690063,
					"retransmits":	0,
					"snd_cwnd":	20440,
					"rtt":	554,
					"omitted":	false
				}],
			"sum":	{
				"start":	7.081831,
				"end":	8.077827,
				"seconds":	0.995996,
				"bytes":	13283808,
				"bits_per_second":	106697681.690063,
				"retransmits":	0,
				"omitted":	false
			}
		}, {
			"streams":	[{
					"socket":	203,
					"start":	8.077827,
					"end":	9.000904,
					"seconds":	0.923077,
					"bytes":	11740588,
					"bits_per_second":	101751742.450412,
					"retransmits":	0,
					"snd_cwnd":	20440,
					"rtt":	565,
					"omitted":	false
				}],
			"sum":	{
				"start":	8.077827,
				"end":	9.000904,
				"seconds":	0.923077,
				"bytes":	11740588,
				"bits_per_second":	101751742.450412,
				"retransmits":	0,
				"omitted":	false
			}
		}, {
			"streams":	[{
					"socket":	203,
					"start":	9.000904,
					"end":	10.133114,
					"seconds":	1.132210,
					"bytes":	16758196,
					"bits_per_second":	118410512.251046,
					"retransmits":	0,
					"snd_cwnd":	20440,
					"rtt":	387,
					"omitted":	false
				}],
			"sum":	{
				"start":	9.000904,
				"end":	10.133114,
				"seconds":	1.132210,
				"bytes":	16758196,
				"bits_per_second":	118410512.251046,
				"retransmits":	0,
				"omitted":	false
			}
		}],
	"end":	{
		"streams":	[{
				"sender":	{
					"socket":	203,
					"start":	0,
					"end":	10.133114,
					"seconds":	10.133114,
					"bytes":	132996808,
					"bits_per_second":	104999751.660966,
					"retransmits":	0,
					"max_snd_cwnd":	20440,
					"max_rtt":	609,
					"min_rtt":	387,
					"mean_rtt":	490
				},
				"receiver":	{
					"socket":	203,
					"start":	0,
					"end":	10.133114,
					"seconds":	10.133114,
					"bytes":	132996808,
					"bits_per_second":	104999751.660966
				}
			}],
		"sum_sent":	{
			"start":	0,
			"end":	10.133114,
			"seconds":	10.133114,
			"bytes":	132996808,
			"bits_per_second":	104999751.660966,
			"retransmits":	0
		},
		"sum_received":	{
			"start":	0,
			"end":	10.133114,
			"seconds":	10.133114,
			"bytes":	132996808,
			"bits_per_second":	104999751.660966
		},
		"cpu_utilization_percent":	{
			"host_total":	131.645192,
			"host_user":	50.328605,
			"host_system":	81.390792,
			"remote_total":	3.338754,
			"remote_user":	1.265653,
			"remote_system":	2.073101
		}
	}
}
